UTILITY_ID,UTILITY_NAME,STREET_ADDRESS,CITY,STATE,ZIP,PLANT_OWNER,PLANT_OPERATOR,ASSET_MANAGER,INTERRELATED,ENTITY_TYPE
7,"Primary Products Ingredients Americas, LLC",2200 East Eldorado Street,Decatur,IL,62525,Y,,,,IND
8,Tate & Lyle Ingredients Americas Inc,2245 Sagamore Parkway North,Lafayette,IN,47904,Y,Y,,,IND
25,Greenidge Generation Holdings LLC,PO Box 187590 Plant Rd,Dresden,NY,14441,Y,,,,Q
34,City of Abbeville - (SC),P O Box 639,Abbeville,SC,29620,Y,,,,M
35,AES WR Ltd Partnership,11600 Mexico Farms Road,Cumberland,MD,21502,Y,,,,Q
84,A & N Electric Coop,PO Box 29021275 Cooperative Wa,Tasley,VA,23441,Y,,,,C
88,Granite Ridge Energy LLC,21 North Wentworth Ave,Londonderry,NH,03053,Y,,,,Q
135,Agrilectric Power Partners Ltd,"3063 Hwy, 397 South",Lake Charles,LA,90615,Y,,,,Q
150,Adrian Public Utilities Comm,P O Box 187,Adrian,MN,56110,,,,Y,M
164,AERA Energy LLC,P O Box 11164,Bakersfield,CA,93389,Y,,,,IND
178,CES Placerita Inc,20885 Placerita Canyon Rd,Newhall,CA,91321,Y,Y,,,Q
179,Nutrien US LLC,Suite 17004582 South Ulster St,Denver,CO,80237,Y,,,,IND
189,PowerSouth Energy Cooperative,2027 E Three Notch St,Andalusia,AL,36421,Y,,,,C
194,Albuquerque City of,4201 Second Street SW,Albuquerque,NM,87105,Y,,,,P
195,Alabama Power Co,600 North 18th Street,Birmingham,AL,35291,Y,,,,I
213,Alaska Electric Light & Power Co.,5601 Tonsgard Court,Juneau,AK,99801,Y,,,,I
219,Alaska Power and Telephone Co,136 Misty Marie Lane,Ketchikan,AK,99901,Y,,,,I
221,"Alaska Village Elec Coop, Inc",4831 Eagle Street,Anchorage,AK,99503,Y,,,,C
222,City of Akron,2460 Akron Peninsula Rd,Akron,OH,44313,Y,,,,M
241,Albertville Municipal Utilities Board,P O Box 130,Albertville,AL,35950,Y,,,,M
261,AGC Division of APGI Inc,201 Isabella Street 6NE17,Pittsburgh,PA,15212,Y,,,,I
291,Ahlstrom Power Windsor Locks LLC,26 Canal Bank,Windsor Locks,CT,06096,Y,,,,Q
295,City of Alexandria - (MN),316 Fillmore Street,Alexandria,MN,56308,Y,,,,M
298,City of Alexandria - (LA),1011 North Third Street,Alexandria,LA,71309,Y,,,,M
306,Brookfield Smoky Mountain Hydropower LP,407 B Big Bay Rd,Queensbury,NY,12804,Y,,,,Q
309,City of Algona - (IA),PO Box 10104 West Call Street,Algona,IA,50511,Y,,,,M
313,"Wolf Hollow I Power, LLC",9201 Wolf Hollow Court,Granbury,TX,76048,Y,,,,Q
327,Air Liquide Large Industries U S LP,11777 Bay Area Blvd,Pasadena,TX,77507,Y,,,,IND
332,Allegheny Electric Coop Inc,P O Box 1266212 Locust Street,Harrisburg,PA,17108,Y,,,,C
361,Industrial Energy Applications Inc,"2050 Boyson Road, Suite 100",Hiawatha,IA,52233,Y,,,,Q
405,City of Alta - (IA),223 Main Street,Alta,IA,51002,Y,,,,M
406,City of Altamont - (IL),202 North Second Street,Altamont,IL,62411,Y,,,,M
429,Occidental Permian Ltd,"5 Greenway Plaza, Suite 110",Houston,TX,77046,Y,,,,IND
450,The Amalgamated Sugar Co,2320 Orchard Drive East,Twin Falls,ID,83301,Y,Y,,,IND
470,"Reworld Niagara I, LLC",100 Energy Blvd @ 56th St,Niagara Falls,NY,14304,Y,,,,Q
471,Amana Society Service Co,P O Box 186,Amana,IA,52203,Y,Y,Y,,I
473,Covanta Hempstead Company,600 Merchants Concourse,Westbury,NY,11590,Y,,,,Q
491,American Crystal Sugar Co,101 North 3rd Street,Moorhead,MN,56560,Y,,,,IND
503,American Hydro Power Company,601 S. Henderson Road,King of Prussia,PA,19406,Y,,,,Q
520,Illinois Power Generating Co,1500 Eastport Plaza,Collinsville,IL,62234,Y,,,,Q
528,Covanta Southeastern Connecticut Company,132 US Submarine Vet Mem Hwy,Preston,CT,06365,Y,,,,IND
542,Covanta Essex Company,183 Raymond Blvd,Newark,NJ,07105,Y,,,,Q
547,American Sugar Refining Inc.,7417 North Peters Street,Arabi,LA,70032,Y,,,,Q
554,City of Ames - (IA),"502 Carroll Avenue, P.O. Box 8",Ames,IA,50010,Y,Y,,,M
563,American Bituminous Power LP,PO Box 159,Grant Town,WV,26574,Y,Y,,,Q
570,Covanta Delaware Valley LP,10 Highland Avenue,Chester,PA,19013,Y,,,,I
590,City of Anaheim - (CA),"201 S. Anaheim Blvd, 1101",Anaheim,CA,92805,Y,,,,M
623,Anheuser-Busch Inc,One Busch Place,St Louis,MO,63118,Y,,,,IND
641,Bellingham Power Generation LLC,155 Maple Street,Bellingham,MA,02019,Y,,,,Q
656,ANP Blackstone Energy Company LLC,204 Elm Street,Blackstone,MA,02184,Y,,,,Q
682,City of Anita - (IA),P O Box 426828 Main Street,Anita,IA,50020,,Y,,,M
695,City of Ansley - (NE),P.O. Box 307909 Division St.,Ansley,NE,68814,Y,,,,M
701,City of Anthony - (KS),P O Box 504,Anthony,KS,67003,Y,,,,M
712,Arkansas River Power Authority,P O Box 703409 South Main Stre,Lamar,CO,81052,Y,,,,P
733,Appalachian Power Co,"1 Riverside Plaza, 26th Floor",Columbus,OH,43215,Y,,,,I
744,McKinley Paper,540 Prospect Street,Combined Locks,WI,54113,Y,,,,IND
756,Appomattox River Associates LP,"37 Alfred A. Plourde Parkway,",Lewiston,ME,04240,Y,,,,Q
765,City of Arcadia - (WI),115  S Jackson St,Arcadia,WI,54612,Y,Y,,,M
772,Archer Daniels Midland Co,4666 Faries Pkwy,Decatur,IL,62525,Y,,,,IND
792,City of Argyle - (WI),P O Box 246,Argyle,WI,53504,Y,,,,M
794,Apollo Energy Corp,"1291 E. Hillsdale Blvd., Suite",Foster City,CA,94404,Y,,,,Q
796,Arizona Electric Pwr Coop Inc,3525 N US Highway 191,Cochise,AZ,85606,,,,Y,C
803,Arizona Public Service Co,P O Box 53999M S # 9997,Phoenix,AZ,85072,Y,,,,I
807,Arkansas Electric Coop Corp,P O Box 194208,Little Rock,AR,72219,Y,,,,C
814,Entergy Arkansas LLC,425 West Capitol Avenue,Little Rock,AR,72201,Y,,,,I
867,ARCO Products Co-Watson,P O Box 620322850 South Wilmin,Carson,CA,90749,Y,Y,,,Q
876,Atlanta Gift Mart LP,40 John Portman Blvd,Atlanta,GA,30303,,,,Y,COM
911,City of Ashland - (KS),P O  Box 547703 Main Street,Ashland,KS,67831,Y,,,,M
914,Total Petrochemicals USA Inc,"Total Plaza Louisiana St., Sui",Houston,TX,77002,Y,Y,,,IND
918,City of Aspen- (CO),130 S  Galena Street,Aspen,CO,81611,Y,,,,M
924,"Associated Electric Coop, Inc",P O Box 754,Springfield,MO,65801,Y,,,,C
965,Atlantic Municipal Utilities,15 West Third Street,Atlantic,IA,50022,Y,,,,M
986,Aurora Energy LLC,1206 First Ave,Fairbanks,AK,99701,Y,,,,Q
991,Air Products & Chemicals Inc,1940 Air Products Blvd,Allentown,PA,18106,Y,,,,IND
993,Auburn Board of Public Works,P O Box 288,Auburn,NE,68305,Y,,,,M
998,City of Augusta - (KS),P O  Box 489,Augusta,KS,67010,,Y,,,M
1005,Avalon Hydropower LLC,916 Comer Rd,Stoneville,NC,27048,Y,,Y,,Q
1015,Austin Energy,4815 Mueller Blvd.,Austin,TX,78723,Y,,,,M
1058,B Braun Medical Inc,824 12th Avenue,Bethlehem,PA,18018,Y,Y,,,IND
1074,"Hays Energy, LLC",1601 Francis Harris Ln.,San Marcos,TX,78666,Y,,,,Q
1148,City of Baldwin City- (KS),P O Box 86,Baldwin City,KS,66006,,Y,,,M
1167,Baltimore Gas & Electric Co,2 Center Plaza 110 West Fayett,Baltimore,MD,21201,Y,Y,,,I
1172,Bancroft Municipal Utilities,P.O. Box 157108 North Portland,Bancroft,IA,50517,Y,Y,,,M
1182,BASF Corporation,100 Park Ave,Florham Park,NJ,07932,Y,,,,IND
1194,Baptist Memorial Hospital,800 Prudential Drive,Jacksonville,FL,32207,Y,,,,COM
1268,Bayswater Peaking Facility LLC,1425 Bay 24th Street,Far Rockaway,NY,11691,Y,Y,,,Q
1276,"Barrow Utils & Elec Coop, Inc",1295 Agvik Street. P O Box 449,Barrow,AK,99723,,Y,,,C
1278,City of Barron - (WI),1303 East Division,Barron,WI,54812,Y,,,,M
1299,"Barton Village, Inc",P O Box 519,Barton,VT,58220,Y,Y,,,M
1307,Basin Electric Power Coop,1717 E Interstate Ave,Bismarck,ND,58503,Y,Y,Y,,C
1308,Basin Creek Power Services LLC,65 East Broadway,Butte,MT,59701,Y,,,,Q
1357,BASF Corp,P O Box 2506 Highway 366,Port Arthur,TX,77643,Y,Y,,,Q
1362,Bassett Healthcare,1 Atwell Road,Cooperstown,NY,13326,Y,Y,,,COM
1366,City of Bay City - (MI),900 S. Water Street,Bay City,MI,48708,Y,,,,M
1434,Beaver City Corporation,P O Box 271,Beaver City,UT,84713,Y,,,,M
1435,City of Beaver City - (NE),PO Box 185 301 10th Street ,Beaver City,NE,68926,Y,,,,M
1456,Town of Bedford - (VA),215 East Main Street,Bedford,VA,24523,Y,,,,M
1512,City of Belleville - (KS),PO Box 280810 M Street,Belleville,KS,66935,Y,,,,M
1515,City of Bellevue - (IA),900 N. Riverview,Bellevue,IA,52031,Y,,,,M
1525,City of Beloit - (KS),P O Box 567,Beloit,KS,67420,Y,,,,M
1528,Beaver Falls Municipal Auth,1425 8th Ave PO Box 400,Beaver Falls,PA,15010,,Y,,,M
1569,Berry Petroleum Co,11117 River Run Blvd.,Bakersfield,CA,93311,Y,Y,,,Q
1573,City of Benson - (MN),1410 Kansas Avenue,Benson,MN,56215,Y,Y,,,M
1615,Town of Berlin - (MD),10 William Street,Berlin,MD,21811,Y,Y,,,M
1616,Berkshire Power Co LLC,19 Old Kings Hwy South #330,Darien,CT,06820,Y,Y,,,Q
1678,Big Creek Water Works Ltd,PO Box 339,Minden,NV,89423,Y,,,,Q
1692,Big Rivers Electric Corp,710 West 2nd Street,Owensboro,KY,42301,Y,Y,,,C
1745,Biomass One LP,2350 Avenue G,White City,OR,97503,Y,,,,Q
1746,Black River Generation LLC,P O Box 849,Fort Drum,NY,13602,Y,,,,Q
1751,Birch Power Co,711 East Turtle Point Drive,Ivins,UT,84738,Y,,,,Q
1752,Biola University,13800 Biola Avenue,La Mirada,CA,90639,Y,,,,COM
1784,Black Creek Hydro Inc,1800 James Street,Bellingham,WA,98226,,,Y,,Q
1851,"Blind Canyon Aquaranch, Inc.",1424 Bob Barton Road,Wendell,ID,83355,Y,,,,Q
1857,Block Island Utility District,100 Ocean Avenue,Block Island,RI,02807,,Y,,,P
1869,City of Bloomfield - (IA),111 West Franklin,Bloomfield,IA,52537,Y,,,,M
1871,City of Blooming Prairie - (MN),P O  Box 55 146 3rd Ave SE,Blooming Prairie,MN,55917,Y,,,,M
1881,Blue Canyon Windpower LLC,P.O. Box 3827,Houston,TX,77253,Y,,,,Q
1883,Blue Earth Light & Water,125 East Seventh Street,Blue Earth,MN,56013,Y,,,,M
1924,Packaging Corporation of America,1 North Field Court,Lake Forest,IL,60045,Y,Y,,,IND
1932,Boise-Kuna Irrigation District,129 North School Ave. P.O. Box,Kuna,ID,83634,Y,,,,P
1947,Bob Jones University,1700 Wade Hampton Boulevard,Greenville,SC,29614,,Y,,,Q
1950,ReEnergy Stratton LLC,Route 27 Biomass Plant,Stratton,ME,04982,Y,Y,,,Q
1956,City of Bonners Ferry,P O Box 149,Bonners Ferry,ID,83805,Y,,,,M
1966,Boltonville Hydro Associates,"C/O Essex Hydro Assoc., LLC55",Boston,MA,02108,Y,,,,Q
1991,Boise White Paper LLC,400 Second Street,International Falls,MN,56649,Y,,,,IND
1994,Boulder City of,P O Box 7911739 Broadway,Boulder,CO,80306,Y,,,,M
2010,City of Bountiful,198 South 200 West Street,Bountiful City,UT,84010,Y,,,,M
2048,Bowersock Mills & Power Co,500 South Powerhouse Road,Lawrence,KS,66044,Y,,,,Q
2053,Bowater Newport Coosa Pines Op,17589 Plant Road,Coosa Pines,AL,35044,Y,,,,IND
2138,Brainerd Public Utilities,P O Box 373 8027 Highland Scen,Brainerd,MN,56401,Y,,,,M
2144,Town of Braintree - (MA),150 Potter Road,East Braintree,MA,02184,Y,Y,Y,,M
2171,Brazos Valley Energy,3440 Lockwood Road,Richmond,TX,77469,,Y,,,I
2179,Brassua Hydroelectric LP,150 Main Street,Lewiston,ME,02420,Y,,,,Q
2188,City of Breese - (IL),800 North First St,Breese,IL,62230,Y,,Y,,M
2220,Brigham City Corporation,"P O Box 1005, 20 North Main St",Brigham City,UT,84302,Y,,,,M
2226,Bridgewater Power Co LP,P O Box 678Route 3,Ashland,NH,03217,,Y,Y,,Q
2232,Bridgeport Energy LLC,10 Atlantic Street,Bridgeport,CT,06604,Y,,,,Q
2265,Bristol-Myers Squibb Co,P O Box 191One Squibb Drive,New Brunswick,NJ,08903,Y,,,,IND
2277,City of Broken Bow - (NE),P O Box 567,Broken Bow,NE,68822,Y,,,,M
2287,City of Brooklyn - (IA),138 Jackson St.P.O. Box 3,Brooklyn,IA,52211,,Y,,,M
2313,Brooklyn Navy Yard Cogen PLP,63 Flushing Ave Unit 234,Brooklyn,NY,11205,Y,,,,Q
2409,Brownsville Public Utilities Board,P.O. Box 3270,Brownsville,TX,78523,Y,,,,M
2439,City of Bryan - (OH),841 East Edgerton Street,Bryan,OH,43506,Y,,,,M
2442,City of Bryan - (TX),205 East 28th Street,Bryan,TX,77803,Y,,,,M
2468,Bucknell University,Facilities Department701 Moore,Lewisburg,PA,17837,Y,,,,Q
2507,City of Burbank Water and Power,164 W. Magnolia Blvd.,Burbank,CA,91503,Y,Y,,,M
2518,U S Bureau of Reclamation,P O Box 25007Code D-5400,Denver,CO,80225,Y,,,,F
2547,City of Burlingame - (KS),204 West Lincoln Ave.,Burlingame,KS,66413,Y,,,,M
2548,City of Burlington Electric - (VT),585 Pine Street,Burlington,VT,05401,Y,,,,M
2551,City of Burlington - (KS),301 Neosho Street,Burlington,KS,66839,Y,,,,M
2609,City of Burwell - (NE),P O Box  604,Burwell,NE,68823,Y,,,,M
2634,City of Bushnell - (IL),148 E Hail Street,Bushnell,IL,61422,Y,,,,M
2647,City of Butler - (MO),704 West Mill St.,Butler,MO,64730,,Y,,,M
2671,Baconton Power LLC,2237 Hatcher Hil Rd,Baconton,GA,31716,Y,,,,C
2696,Tesoro Carson Refinery,2350 E 223rd Street,Carson,CA,90810,Y,,,,IND
2719,CalWind Resources Inc,2659 Townsgate Rd Ste 122,Westlake Village,CA,91361,Y,Y,,,Q
2769,Cargill Inc,9380 Excelsior Blvd.,Hopkins,MN,55343,Y,,,,IND
2770,Terra-Gen Operating Co-Wind,27th Floor565  5th Ave,New York,NY,10017,Y,,,,Q
2799,Calpine Corp - Metcalf Energy Center,1 Blanchard RD PO BOX 13190,San Jose,CA,95013,,Y,,,Q
2806,California Dept of Corrections,480 Alta Road,San Diego,CA,92179,Y,,,,S
2820,Calpine Corp - Pastoria Energy Center,Pastoria Energy Facility39789,Lebec,CA,93243,Y,,,,Q
2838,Baytown Energy Center LLC,8605 FM 1405,Baytown,TX,77523,Y,,,,Q
2843,Los Medanos Energy Center LLC,P O Box 551750 East Third Stre,Pittsburg,CA,94565,Y,,,,Q
2844,Department of the Navy,"1220 Pacific Highway, Bldg 321",San Diego,CA,92132,Y,,,,F
2848,California Institute-Technology,1200 East California Blvd,Pasadena,CA,91125,Y,,,,COM
2850,Central Arizona Water Conservation Dist,P O Box 43020,Phoenix,AZ,85080,,Y,,,M
2860,Los Esteros Critical Energy Facility LLC,800 Thomas Foon Chew Way,San Jose,CA,95134,Y,,,,Q
2865,Calpine Corp-King City,750 Metz Road,King City,CA,93930,,Y,,,Q
2867,Calpine Corp-Yuba City,717 Texas Avenue  Suite 1000,Houston,TX,77002,Y,,,,Q
2871,OLS Energy-Agnews Inc.,4160 Dublin Blvd. suite 100,Dublin,CA,94568,Y,,,,Q
2874,Gilroy Energy Center for Riverview,Calpine2425 Cordelia Rd,Fairfield,CA,94534,Y,,,,Q
2877,Calpine Corp-Magic Valley,3333 N. McColl RD,Edinburg,TX,78539,Y,,,,Q
2888,City of Cambridge - (NE),P O Box Q,Cambridge,NE,69022,,Y,,,M
2891,Westbrook Energy Center,717 Texas Avenue,Houston,TX,77002,,Y,,,Q
2897,Oneta Power LLC,25142 East 105th Street South,Broken Arrow,OK,74014,,Y,,,Q
2929,Decatur Energy Center LLC,2024 Hwy 20,Decatur,AL,35601,Y,Y,,,Q
2931,Village of Campbell - (NE),P O Box 215,Campbell,NE,68932,Y,,,,M
2934,Calpine Corp - Hidalgo,"717 Texas Avenue, Suite 1000",Houston,TX,77002,Y,,,,Q
2938,Calpine King City Cogen LLC,750 Metz Rd,King City,CA,93930,Y,Y,,,Q
3028,Calpine Gilroy Cogen LP,1400 Pacheco Pass Hwy,Gilroy,CA,95021,Y,Y,,,Q
3037,City of Carlyle - (IL),1110 Mulliken St,Carlyle,IL,62231,Y,,,,M
3040,City of Carmi - (IL),225 East Main,Carmi,IL,62821,Y,,,,M
3046,Duke Energy Progress - (NC),"Duke Energy Plaza, 525 South T",Charlotte,NC,28202,Y,,,,I
3082,Carrollton Board of Public Wks,P O  Box 460500 S  Main,Carrollton,MO,64633,Y,,,,M
3084,Carson Cogeneration Co,17171 Central Ave.,Carson,CA,90746,Y,,,,Q
3085,Carthage Energy LLC,701 West End Ave,Carthage,NY,13619,Y,Y,,,Q
3102,Mosaic Company,8813 U.S. Highway 41 South,Bartlow,FL,33830,Y,,,,IND
3106,Cargill Inc North America Sweetners,One Cargill Drive,Eddyville,IA,52553,Y,,,Y,IND
3113,City of Carthage - (MO),627 W Centennial ,Carthage,MO,64836,Y,,,,M
3131,Carville Energy LLC,4322 Hwy 30,St Gabriel,LA,70776,Y,,,,Q
3137,Cascade Municipal Utilities,P O Box 400320 1st Ave  W,Cascade,IA,52033,Y,Y,,,M
3153,City of Casey - (IL),108 East Main Street,Casey,IL,62420,Y,,,,M
3156,Village of Cashton - (WI),P O Box 188811 Main St,Cashton,WI,54619,Y,,,,M
3179,Caterpillar Inc,3701 South Street,Lafayette,IN,47905,Y,,,,Q
3203,Cedar Falls Utilities,P O Box 769,Cedar Falls,IA,50613,Y,,,,M
3220,Central Oregon Irrigation Dist,1055 SW Lake Ct,Redmond,OR,97756,Y,,,,P
3221,CP Kelco US Inc.,333 Thornall St.,Edison,NJ,08837,Y,Y,,,IND
3249,Central Hudson Gas & Elec Corp,284 South Avenue,Poughkeepsie,NY,12601,Y,,,,I
3255,California Dept. of Water Resources,3310 El Camino Avenue,Sacramento,CA,95821,Y,,,,S
3258,Central Iowa Power Cooperative,P O Box 25171400 Hwy 13 SE,Cedar Rapids,IA,52406,Y,,,,C
3265,Cleco Power LLC,"2030 Donahue Ferry Road, P.O.",Pineville,LA,71361,Y,,,,I
3271,Central Nebraska Pub P&I Dist,P O Box 740,Holdrege,NE,68949,Y,,,,P
3283,Bunge North America East LLC,1200 North Second Street,Decatur,IN,46733,Y,Y,Y,,Q
3295,City of Centralia - (WA),1100 North Tower Avenue,Centralia,WA,98531,Y,Y,,,M
3304,Central Michigan University,Central Energy Facility1720 S.,Mt. Pleasant,MI,48859,,Y,,,S
3329,Borough of Chambersburg,"PO Box 1009, 100 South Second",Chambersburg,PA,17201,Y,,,,M
3355,City of Chanute,P O Box 907,Chanute,KS,66720,Y,,,,M
3370,Channel Energy Center LLC,PO BOX 1537,Pasadena,TX,77501,Y,Y,,,Q
3373,City of Chappell - (NE),757 Second St,Chappell,NE,69129,Y,,,,M
3413,PUD No 1 of Chelan County,P O  Box 1231,Wenatchee,WA,98807,Y,,,,P
3432,Ticona Polymers Inc,P O Box 428,Bishop,TX,78343,Y,,,,IND
3452,Chevron USA Inc-El Segundo,Chevron Products Company324 We,El Segundo,CA,90245,Y,,,,IND
3453,Island Energy Services,91-480 Malakole Street,Kapolei,HI,96707,Y,,,,IND
3455,Chevron Oronite Co LLC,Chevron Oronite Co LLC10285 LA,Belle Chasse,LA,70037,Y,,,,IND
3473,Metro Wtr Recl Dist Grtr Chi,100 East Erie Street,Chicago,IL,60611,Y,Y,,,M
3476,DTE San Diego COGEN Inc.,"One Energy Plaza, 400 WCB",Detroit,MI,48226,,Y,,,COM
3477,City of Chicopee - (MA),725 Front Street PO Box 405,Chicopee,MA,01021,Y,,,,M
3486,Chillicothe Municipal Utils,P O Box 140,Chillicothe,MO,64601,Y,,,,M
3490,Crystal Springs Hydro Elec LP,7829 Center Blvd SE 100,Snoqualmie,WA,98065,Y,,,,Q
3522,Chugach Electric Assn Inc,5601 Electron Drive,Anchorage,AK,99519,Y,,,,C
3542,Duke Energy Ohio Inc,P O Box 960 139 East Fourth St,Cincinnati,OH,45202,Y,,,,I
3593,"Choctaw Generation L.P, L.L.L.P.",2391 Pensacola Road,Ackerman,MS,39735,,Y,,,COM
3599,Citizens Thermal Energy,366 Kentucky Avenue,Indianapolis,IN,46225,Y,,,,P
3608,Puna Geothermal Venture,6225 Neil Rd.  Suite 300,Reno,NV,89511,Y,,,,Q
3660,PUD No 1 of Clark County - (WA),P O Box  8900,Vancouver,WA,98668,Y,,,,P
3662,Citrus World Inc,20205 Hwy. 2720205 Highway 27,Lake Wales,FL,33853,Y,,,,IND
3670,FreePort-McMoRan-Corp-Chino Mines,99 Santa Rita Mine Road,Vanadium,NM,88023,Y,,,,IND
3692,Clark University,950 Main Street,Worcester,MA,01610,Y,,,,Q
3702,Clarksdale Public Utilities,P O Box 70,Clarksdale,MS,38614,Y,,,,M
3710,City of Clay Center - (KS),PO Box 117427 Court St,Clay Center,KS,67432,Y,,,,M
3762,City of Cleveland - (OH),1300 Lakeside Avenue,Cleveland,OH,44114,Y,,,,M
3770,Co-Generation Co,P O Box 66 Pruner Road,Riddle,OR,97469,Y,,,,Q
3790,"600 Peachtree PropCo, LLC",600 Peachtree St NE Ste 950,Atlanta,GA,30308,Y,,,,COM
3807,Cleveland Cliffs Inc,200 Public Square,Cleveland,OH,44114,Y,,,,IND
3828,Cloverland Electric Co-op,2916 West M-28,Dafter,MI,49724,Y,,,,C
3836,NorthStar Clean Energy,One Energy Plaza EP11-300-8,Jackson,MI,49201,Y,,,,Q
3837,CMS Generation Operating Co II,One Energy Plaza,Jackson,MI,49201,Y,Y,,,Q
3838,CMS Generation MI Power LLC,2400 Miller Road,Dearborn,MI,48121,,Y,,,Q
3852,Coalinga Cogeneration Co,P O Box 81078,Bakersfield,CA,93380,Y,,,,IND
3890,EFS Cogen Holdings I LLC,P O Box 4400,Linden,NJ,07036,Y,,Y,,Q
3892,City of Coffeyville - (KS),P O Box 1629,Coffeyville,KS,67337,Y,,,,M
3913,City of Colby - (KS),585 N. Franklin Ave.,Colby,KS,67701,,Y,,,M
3915,Coldwater Board of Public Util,One Grand Street,Coldwater,MI,49036,Y,,,,M
3930,Co-Gen II,P O Box 66 Pruner Road,Riddle,OR,97469,Y,,,,Q
3953,Collins Pine Co,P O Box 796,Chester,CA,96020,Y,,,,Q
3989,City of Colorado Springs - (CO),P O Box 1103121 S. Tejon St.,Colorado Springs,CO,80947,Y,Y,Y,,M
3990,Colorado River Indian Irr Proj,12000 1st Ave.,Parker,AZ,85344,Y,,,,F
3998,Desert View Power Inc,P O Box 75862-300 Gene Welmas,Mecca,CA,92254,Y,,,,Q
4045,City of Columbia - (MO),P.O. Box  6015 Municipal Build,Columbia,MO,65205,Y,,,,M
4065,City of Columbus - (OH),3500 Indianola Avenue,Columbus,OH,43214,Y,Y,,,M
4161,"Constellation Power Source Generation, LLC","1310 Point Street, 8th Floor",Baltimore,MD,21231,Y,Y,,,Q
4174,Cokenergy Inc,3210 Watling St,East Chicago,IN,46312,,Y,,,IND
4180,Connecticut Mun Elec Engy Coop,30 Stott Ave,Norwich,CT,06360,Y,Y,Y,,C
4194,Commonwealth Chesapeake Co LLC,3415 White Oak Way,New Church,VA,23415,Y,,,,Q
4208,Phillips 66 Company,1380 San Pablo Ave,Rodeo,CA,94572,Y,Y,,,IND
4210,Cordova Energy Co LLC,"Two Pacific, BHEC1111 South 10",Omaha,NE,68124,Y,,,,Q
4217,Colstrip Energy LP,Suite 2001087 West River Stree,Boise,ID,83702,,Y,,,Q
4222,Ingredion Inc - Illinois,6400 South Archer Avenue,Bedford Park,IL,60501,Y,,,,IND
4226,Consolidated Edison Co-NY Inc,"Four Irving Place, Room 523",New York,NY,10003,Y,,,,I
4247,Consolidated Water Power Co,610 High Street,Wisconsin Rapids,WI,54495,Y,,,,I
4254,Consumers Energy Co - (MI),One Energy Plaza,Jackson,MI,49201,Y,,,,I
4277,Converse Energy Inc,P O Box 243,Converse,SC,29329,Y,,,,Q
4305,City of Coon Rapids,P O Box 207123 3rd Avenue,Coon Rapids,IA,50058,Y,,,,M
4329,"Copper Valley Elec Assn, Inc",PO Box 45,Glennallen,AK,99588,Y,,,,C
4363,Corn Belt Power Coop,1300 13th Street North,Humboldt,IA,50548,Y,Y,,,C
4375,City of Corning - (IA),501 Benton Avenue,Corning,IA,50841,Y,,,,M
4382,Colton Power LP,671 S Cooley Drive,Colton,CA,92324,Y,Y,,,Q
4383,Corpus Christi Cogeneration LLC,3952 Buddy Lawrence Dr,Corpus Christi,TX,78407,Y,,,,Q
4386,Cornell Hydro,135 Humphrey Service Building,Ithaca,NY,14853,Y,Y,,,Q
4397,Coso Operating Co LLC,"3 Gil Station Road, Coso Junct",Little Lake,CA,93542,,Y,,,Q
4405,NRG Cottonwood Tenant LLC,976 County Road 4213,Deweyville,TX,77614,,Y,Y,,Q
4413,"Cox Companies, LLC",1751 Old Columbia Road,Campbellville,KY,42718,Y,,,,IND
4417,Ingredion Inc - Winston Salem,4501 Overdale Road,Winston-Salem,NC,27107,Y,,,,IND
4425,Covanta Fairfax Inc,9898 Furance Road,Lorton,VA,22079,Y,,,,COM
4434,New Martinsville Hannibal Hydro,PO Box 682 Howard T Jeffers Dr,New Martinville,WV,26155,Y,Y,,,Q
4435,Covanta Energy Co,445 South St,Morristown,NJ,07960,,Y,,,M
4440,"Reworld Union (NJ), LLC",1499 Routes 1 & 9 North,Rahway,NJ,07065,Y,,,,Q
4447,Covanta Lancaster Inc,1911 River Road,Bainbridge,PA,17502,,Y,,,M
4464,Crockett Cogeneration,550 Loring Avenue,Crockett,CA,94525,,Y,,,Q
4468,Crestwood Corp,517 Kraft Road,Dothan,AL,36303,Y,,,,Q
4474,Covanta Bristol Inc,445 South Street,Morristown,NJ,07960,Y,,,,Q
4476,Covanta Marion Inc,4445 South St.,Morristown,NJ,07960,Y,,,,Q
4482,Covanta Lake Inc,3830 Rogers Industrial Park Rd,Okahumpka,FL,34762,Y,,,,Q
4484,Reworld Babylon Inc,445 South Street,Morristown,NJ,07960,Y,Y,,,COM
4487,Covanta Onondega LP,PO Box 261540 Lane Rd,Fairfield,NJ,07707,Y,,,,Q
4496,Covanta Alexandria/Arlington,P O Box 261540 Lane Road,Fairfield,NJ,07007,Y,,,,COM
4497,Covanta Indianapolis Inc,P O Box 261540 Lane Road,Fairfield,NJ,07007,Y,,,,IND
4498,Covanta Stanislaus Inc,445 South Street,Morristown,NJ,07960,Y,,,,Q
4527,City of Crete,"243 East 13th Street, PO Box 8",Crete,NE,68333,Y,,,,M
4538,Crisp County Power Comm,202 South Seventh Street,Cordele,GA,31015,Y,,,,P
4558,Cutrale Citrus Juices USA Inc,602 McKean St,Auburndale,FL,33823,Y,,,,IND
4562,City of Croswell - (MI),100 North Howard Avenue,Croswell,MI,48422,Y,,,,M
4566,Seven Hills New Hampshire,1 Verney Drive,Greenfield,NH,03047,Y,,,,COM
4580,Georgia-Pacific Crossett LLC,100 Supply Rd,Crossett,AR,71635,Y,,,,IND
4604,City of Crystal Falls,401 Superior Ave,Crystal Falls,MI,49920,Y,,,,M
4619,Town of Culpeper- (VA),400 S. Main St.,Culpeper,VA,22701,Y,,,,M
4627,City of Cumberland - (WI),950 1st Avenue,Cumberland,WI,54829,,Y,,,M
4660,CII Carbon LLC,2627 Chestnut Ridge RoadSuite,Kingwood,TX,77339,Y,,,,IND
4661,City of Curtis - (NE),P O Box 6310 Center Ave,Curtis,NE,69025,Y,,,,M
4667,City of Cushing - (OK),P O Box 311,Cushing,OK,74023,Y,,,,M
4683,City of Cuyahoga Falls - (OH),2310 Second Street,Cuyahoga Falls,OH,44221,Y,Y,Y,,M
4713,D/R Hydro Co,PO Box 21066 Hydro Lane,Confluence,PA,15424,Y,Y,,,Q
4715,Dahlberg Light & Power Co,9221 East Main St.,Solon Springs,WI,54873,Y,,,,I
4716,Dairyland Power Coop,P O Box 8173200 East Avenue So,La Crosse,WI,54601,Y,,,,C
4775,Dakota Magic Casino,-16849 102nd Street SE,Hankinson,ND,58041,Y,,,,Q
4794,City of Danville - (VA),1040 Monument St,Danville,VA,24541,Y,,,,M
4823,Dartmouth College,McKenzie HallHeating Plant 611,Hanover,NH,03755,,Y,,,COM
4836,City of David City,402 - 5th Street,David City,NE,68632,,,,Y,M
4919,City of Dayton - (IA),202 1st Avenue SW,Dayton,IA,50530,Y,,,,M
4945,Dearborn Industrial Gen Inc,2400 Miller Rd,Dearborn,MI,48126,Y,Y,,,Q
4959,Aniak Light & Power Co Inc,Box 129,Aniak,AK,99557,Y,Y,,,I
4966,Casco Bay Energy Co LLC,125 Shore Road,Veazie,ME,04401,Y,,,,Q
4980,Haw River Hydro Co,PO Box 1459,Asheboro,NC,27204,Y,Y,Y,,Q
4994,Deer Park Energy Center,PO BOX 1048,Deer Park,TX,77536,Y,Y,,,Q
5015,Delano Municipal Utilities,11 W Bridge Avenue  PO Box 65,Delano,MN,55328,,Y,,,M
5030,Delta Energy Center LLC,1200 Arcy Lane,Pittsburg,CA,94565,Y,,,,Q
5033,Domtar Industries Inc,301 Point Basse Ave.,Nekoosa,WI,54457,Y,,,,IND
5056,City of Denison - (IA),P O Box 518,Denison,IA,51442,,,,Y,M
5063,City of Denton - (TX),1701A Spencer Rd,Denton,TX,76205,Y,Y,Y,,M
5065,Equistar Chemicals LP,One Houston Center1221 McKinne,Houston,TX,77010,Y,,,,IND
5068,Denver City & County of,1600 West 12th Avenue,Denver,CO,80254,Y,,,,Q
5070,Delaware Electric Cooperative,P O Box 600Route 13,Greenwood,DE,19950,Y,,,,C
5084,Delaware Municipal Electric Corp,217 Artisan Drive,Smyrna,DE,19977,Y,,,,M
5089,Des Moines Metro WRF,3000 Vandalia Road,Des Moines,IA,50317,Y,,,,P
5093,Desert Water Agency,P O Box 17101200 Gene Autry Tr,Palm Springs,CA,92263,Y,,,,M
5097,City of Deshler - (NE),P O Box 189305 Bryson Street,Deshler,NE,68340,Y,,,,M
5109,DTE Electric Company,One Energy Plaza,Detroit,MI,48226,Y,,,,I
5111,City of Detroit Lakes - (MN),1025 Roosevelt Ave,Detroit Lakes,MN,56501,,,,Y,M
5155,City of Dike,P O Box 160540 Main Street,Dike,IA,50624,Y,,,,M
5164,Denver City & County-Foothills,1600 West 12th Avenue,Denver,CO,80204,Y,,,,Q
5178,Dinwiddie Power Inc,2250 Dabney Road,Richmond,VA,23230,Y,,,,Q
5187,Douglas County,1036 SE DouglasAveCthouseRm306,Roseburg,OR,97470,Y,Y,,,M
5221,Dominion Energy Nuclear Conn Inc,314 Rope Ferry Rd,Waterford,CT,06385,Y,Y,,,I
5226,Dodge Falls Associates LP,"c/o Essex Hydro Assoc, LLC55 U",Boston,MA,02108,Y,,,,Q
5232,Woodland Pulp LLC,144 Main Street,Baileyville,ME,04694,Y,,,,IND
5248,Dominion Energy Inc.,120 Tredegar St.,Richmond,VA,23219,Y,Y,,,I
5259,Elwood Energy LLC,24391 Patterson Rd,Elwood,IL,60421,,Y,,,Q
5262,Domtar Industries Inc,285 Hwy 71 S,Ashdown,AR,71822,Y,,,,IND
5277,"American Sugar Refining, Inc.","1 North Clematis Street, Suite",West Palm Beach,FL,33401,Y,,,,Q
5310,Doswell Ltd Partnership,10098 Old Ridge Road,Ashland,VA,23005,Y,,,,Q
5321,"ABC Coke - Drummond Co, Inc",900 Huntsville Ave,Birmingham,AL,35202,Y,,,,IND
5326,PUD No 1 of Douglas County,1151 Valley Mall Parkway,East Wenatchee,WA,98802,Y,Y,Y,,P
5336,City of Dover - (OH),303 East Broadway,Dover,OH,44622,Y,Y,,,M
5338,Dow Chemical Co,BLDG B1222301 Brazosport Boule,Freeport,TX,77541,,Y,,,IND
5347,Dow Chemical Co,"P O Box 150, Building 3703",Plaquemine,LA,70765,Y,,,,IND
5352,Dow Chemical Co - St Charles,P O Box 50Bldg 635,Hahnville,LA,70057,Y,,,,IND
5374,Dow Chemical Company-Oyster Creek VIII,2301 N Brazosport Blcd. OC 801,Freeport,TX,77547,,,Y,,Q
5385,Dry Creek LLC,711 East Turtle Point Drive,Ivins,UT,84738,Y,,,,Q
5416,"Duke Energy Carolinas, LLC",DEP-16/525 South Tryon Street,Charlotte,NC,28202,Y,,,,I
5504,Vistra Corp,6555 Sierra Drive,Irving,TX,75039,Y,Y,,,Q
5511,CCI Roseton LLC,992 River Road,Newburgh,NY,12550,Y,,,,Q
5517,Dynegy Midwest Generation Inc,1500 Eastport Plaza Dr,Collinsville,IL,62234,Y,,,,Q
5519,ExxonMobil Oil Corp,Rt 55 & Arsenal Rd East,Channahon,IL,60410,Y,,,,IND
5529,City of Durant - (IA),P O Box 138  601 4th St,Durant,IA,52747,,Y,,,M
5530,E F Kenilworth LLC,Building K-142000 Galloping Hi,Kenilworth,NJ,07033,Y,Y,,,Q
5532,E I Colton LLC,2040 Agua Mansa Rd,Colton,CA,92324,,Y,,,M
5533,"EF Oxnard, LLC",550 Diaz Ave.,Oxnard,CA,93030,Y,,,,Q
5563,City of Earlville - (IA),19 Northern Ave.,Earlville,IA,52041,Y,,,,M
5571,East Bay Municipal Util Dist,P O Box 24055,Oakland,CA,94623,Y,,,,M
5580,"East Kentucky Power Coop, Inc",P O Box 707,Winchester,KY,40392,Y,Y,Y,,C
5610,Eastman Chemical Co-TN Ops,"P O Box 511, Building 469",Kingsport,TN,37662,Y,,,,IND
5624,"RED-Rochester, LLC",1060 Lee Road,Rochester,NY,14606,Y,,,,IND
5625,Easton Utilities Comm,201 N. Washington StreetP.O. B,Easton,MD,21601,Y,,,,M
5670,Ebensburg Power Co,P O Box 8452840 New Germany Rd,Ebensburg,PA,15931,Y,,,,Q
5695,Desert Star Energy Center SDG&E,701 El Dorado Valley Drive,Boulder City,NV,89005,Y,Y,Y,,I
5701,El Paso Electric Co,P O Box 982,El Paso,TX,79960,Y,,,,I
5761,Ennis Power Company LLC,P O Box 718,Ennis,TX,75120,Y,,,,COM
5773,City of Elk River,13069 Orono Parkway,Elk River,MN,55330,Y,,,,M
5802,City of Ellinwood - (KS),104 E 2nd,Ellinwood,KS,67526,,Y,,,M
5834,City of Elroy - (WI),1717 Omaha St.,Elroy,WI,53929,Y,Y,,,M
5850,City of Emerson - (NE),511 North Main St.,Emerson,NE,68733,,Y,,,M
5860,Empire District Electric Co,P O Box 127602 Joplin Street,Joplin,MO,64802,Y,,,,I
5901,Encina Joint Powers Authority,6200 Avenida Encinas,Carlsbad,CA,92011,,Y,,,M
5914,Erie Boulevard Hydropower LP,399 Big Bay Road,Queensbury,NY,12804,Y,,,,Q
5932,City of Ephraim - (UT),5 South Main Street,Ephraim,UT,84627,Y,,,,M
5957,City of Erie - (KS),618 E. 2nd.,Erie,KS,66733,Y,,,,M
5969,City of Escondido - (CA),201 No Broadway,Escondido,CA,92025,Y,Y,,,M
5989,Erving Paper Mills Inc,P O Box 3897 East Main Street,Erving,MA,01344,Y,,,,IND
5998,City of Estherville - (IA),2 North 7th Street,Estherville,IA,51334,Y,,,,M
6013,Eugene Water & Electric Board,500 East 4th Ave,Eugene,OR,97401,Y,,,,M
6017,ESI Vansycle Partners LP,700 Universe Blvd.,Juno Beach,FL,33408,Y,Y,,,Q
6035,"Constellation Power, Inc","1310 Point Street, 8th Floor",Baltimore,MD,21231,Y,,,,Q
6088,Exxon Mobil Corp,P O Box 551,Baton Rouge,LA,70821,Y,,,,IND
6090,ExxonMobil Oil Corp,BOB #1141 1795 Burt St.,Beaumont,TX,77701,Y,,,,IND
6091,Exxon Mobil Refining and Supply Co.,3525 Decker Drive,Baytown,TX,77522,Y,Y,,,IND
6138,City of Fairfax - (MN),P O Box  K206 1st ST SE,Fairfax,MN,55332,,Y,,,M
6168,Farmers Electric Coop - (IA),"1959 Yoder Ave,SW",Kalona,IA,52247,Y,,,,C
6169,Fall River Rural Elec Coop Inc,1150 N. 3400 E.,Ashton,ID,83420,Y,,,,C
6175,City of Falls City - (NE),2307 Barada Street,Falls City,NE,68355,Y,Y,,,M
6192,City of Farmer City - (IL),P O Box 49105 S Main Street,Farmer City,IL,61842,Y,,,,M
6201,Farmer's Irrigation District,1985 County Club Road,Hood River,OR,97031,Y,,,,P
6204,City of Farmington - (NM),101 N Browning Parkway,Farmington,NM,87401,Y,,,,M
6205,City of Farmington - (MO),110 West Columbia Street,Farmington,MO,63640,Y,,,,M
6207,Farmington River Power Company,600 Myrtle Street,New Britain,CT,60530,Y,,,,I
6231,City of Fayette - (MO),117 S Main,Fayette,MO,65248,Y,,,,M
6235,Fayetteville Public Works Commission,Box 1089 955 Old Wilmington Rd,Fayetteville,NC,28301,Y,,,,M
6258,Federated Rural Electric Assn,"P O Box 69, 77100 US Highway 7",Jackson,MN,56143,Y,,,,C
6274,City of Fennimore - (WI),860 Lincoln Ave,Fennimore,WI,53809,Y,,,,M
6288,Mink Creek Hydro Entity,P O Box 1,Preston,ID,83263,,Y,,,Q
6354,FPL Energy Upton Wind LP,700 Universe Blvd,Juno Beach,FL,33408,Y,Y,,,Q
6371,First National Bank-Commerce,3rd Floor210 Barrone Street,New Orleans,LA,70160,Y,,,,Q
6395,Flathead Electric Coop Inc,2510 U.S. Highway 2  East,Kalispell,MT,59901,Y,,,,C
6417,City of Flora - (IL),131 E. 2nd,Flora,IL,62839,Y,,,,M
6426,Flint Hills Resources Corpus Christi LLC,P O Box 2608,Corpus Christi,TX,78403,Y,,,,IND
6443,"Florida Keys El Coop Assn, Inc",P O  Box 377,Tavernier,FL,33070,Y,,,,C
6452,Florida Power & Light Co,P O Box 29100,Miami,FL,33102,Y,,,,I
6455,"Duke Energy Florida, LLC",P O Box 14042,St. Petersburg,FL,33733,Y,,,,I
6495,Fort Miller Associates,25 Canterbury Road,Clifton Park,NY,12065,,,Y,,Q
6519,Frontera Generation Limited Partnership,900 S Goodwin Rd,Mission,TX,78572,Y,Y,,,Q
6527,Ford Hydro Ltd Partnership,1630 23rd Ave  Ste 101,Lewiston,ID,83501,Y,,,,Q
6529,Exxon Mobil Production Co,P. O. Box 4358CORP-MI-3010,Houston,TX,77210,,Y,,,IND
6541,Formosa Plastics Corp,P O Box 700,Point Comfort,TX,77978,Y,,,,IND
6564,Formosa Plastics Corp,P O Box 271,Baton Rouge,LA,70821,Y,,,,IND
6567,Florida Municipal Power Agency,8553 Commodity Circle,Orlando,FL,32819,Y,,,,M
6579,City of Forest City- (IA),P O Box 346Electric Utility,Forest City,IA,50436,,Y,,,M
6589,Georgia-Pacific Muskogee LLC,4901 E Chandler Road,Muskogee,OK,74403,Y,,,,IND
6607,FPL Energy Vansycle LLC,700 Universe Blvd.,Juno Beach,FL,33408,Y,Y,,,Q
6615,City of Fort Pierre - (SD),8 East 2nd Avenue,Ft. Pierre,SD,57532,,,,Y,M
6616,Fort Pierce Utilities Authority,113 N. 2nd Street,Fort Pierce,FL,34950,,Y,,,M
6632,Fountain Valley Power LLC,Southwest Generation18693 Boca,Fountain,CO,80817,,Y,,,Q
6636,Foss Manufacturing Company LLC,11 Merrill Industrial Drive,Hampton,NH,03843,Y,,,,Q
6667,Ergon Refining Inc,P O Box 1639,Jackson,MS,39215,Y,,,,IND
6693,Marcus Hook Energy LP,P.O. Box 426Delaware Ave. & Gr,Marcus Hook,PA,19061,Y,,,,Q
6710,Town of Edenton - (NC),P O Box 300,Edenton,NC,27932,Y,,,,M
6715,City of Franklin - (VA),207 West Second Avenue,Franklin,VA,23851,Y,,,,M
6723,City of Franklin - (NE),619 15th Avenue,Franklin,NE,68939,Y,,,,M
6738,Franklin Heating Station,119 Third Street SW,Rochester,MN,55902,Y,,,,Q
6762,City of Fredonia - (KS),100 N 15TH,Fredonia,KS,66736,Y,,,,M
6763,Freestone Power Generation LLC,PO Box 1027,Fairfield,TX,75840,Y,,,,Q
6764,Village of Freeburg - (IL),14 Southgate Drive,Freeburg,IL,62243,Y,,,,M
6775,Village of Freeport - (NY),46 North Ocean Ave,Freeport,NY,11520,Y,,,,M
6779,City of Fremont - (NE),400 E Military,Fremont,NE,68025,Y,,,,M
6789,French Paper Co,P O Box 398100 French Street,Niles,MI,49120,,,Y,,IND
6831,Ft Worth City of,4500 Wilma Lane,Arlington,TX,76012,Y,,,,M
6832,RISEC Operating Services,13860 Ballantyne Corporate Pla,Charlotte,NC,28210,,Y,,,Q
6833,Cherokee County Cogen Partners LLC,132 Peoples Creek Road,Gaffney,SC,29340,Y,Y,,,Q
6838,Rensselaer Generating LLC,39 Riverside Ave,Rensselaer,NY,12144,Y,Y,,,Q
6839,City of Fulton - (MO),2101 Power Lane,Fulton,MO,65251,,Y,,,M
6850,"FPL Energy Hancock County Wind, LLC",700 Universe Blvd.,Juno Beach,FL,33408,Y,Y,,,Q
6854,NextEra Energy Seabrook LLC,700 Universe Blvd,Juno Beach,FL,33408,Y,Y,,,Q
6862,"Green Mountain Storage, LLC",700 Universe Blvd,Juno Beach,FL,33408,Y,Y,,,Q
6883,Evanston Board of Education,1600 Dodge Avenue,Evanston,IL,60204,,Y,,,COM
6909,Gainesville Regional Utilities,"P O Box 147117, Station A136",Gainesville,FL,32614,Y,,,,M
6915,Galena Electric Utility,P O  Box 149 Galena Power Plan,Galena,AK,99741,Y,,,,M
6924,City of Gallatin - (MO),112 East Grand,Gallatin,MO,64640,Y,,,,M
6949,City of Gardner - (KS),1150 E. Santa Fe,Gardner,KS,66030,Y,,,,M
6957,"Garkane Energy Coop, Inc",P O  Box 465,Loa,UT,84747,Y,,,,C
6958,City of Garland - (TX),P O  Box 469002,Garland,TX,75046,Y,,,,M
6965,City of Garnett - (KS),P O Box  H,Garnett,KS,66032,Y,,,,M
6985,Justin McNeilus,4200 Badger Hills Drive NW,Rochester,MN,55901,Y,,,,Q
7004,"Buckeye Power, Inc",6677 Busch Blvd.,Columbus,OH,43229,Y,,,,C
7019,Gay & Robinson Inc,P O Box 156One Kaumakani Avenu,Kaumakani,HI,96747,Y,,,,COM
7043,Temple-Inland Corp,"6400 Poplar Ave, Twr IV, 6-014",Memphis,TN,38197,Y,,,,IND
7049,General Electric Aircraft Engines,1000 Western Avenue,Lynn,MA,01910,Y,,,,IND
7067,Tata Chemicals Partners,P O Box 551,Green River,WY,82935,Y,,,,IND
7075,General Electric Co,2901 East Lake Road Bldg 4 1,Erie,PA,16531,Y,,,,IND
7095,City of Geneseo - (IL),433 E North Street,Geneseo,IL,61254,Y,Y,Y,,M
7096,City of Geneva- (IL),1800 South Street,Geneva,IL,60134,Y,,,,M
7100,Village of Genoa - (OH),509 Main St,Genoa,OH,43430,Y,Y,,,M
7127,Georgia-Pacific Consr Prods LP-Savannah,437 Old Augusta Road South,Rincon,GA,31326,,,Y,,IND
7136,Georgia-Pacific Consr Prods LP-Naheola,P O Box 105605133 Peachtree St,Atlanta,GA,30348,Y,,,,IND
7140,Georgia Power Co,P O Box 4545,Atlanta,GA,30302,Y,,,,I
7160,Geysers Power Co LLC,10350 Scocrates Mine Road,Middletown,CA,95461,Y,,,,Q
7166,Georgia-Pacific Monticello LLC,133 Peachtree Street NE,Atlanta,GA,30348,Y,Y,Y,,IND
7167,GP Big Island LLC,9909 Lee Jackson Highway,Big Island,VA,24526,Y,,,,COM
7168,CITGO Petroleum Corp,P O Box 1562,Lake Charles,LA,70602,Y,,,,IND
7172,Georgia-Pacific Cedar Springs LLC,GA Hwy 273 W,Cedar Springs,GA,39832,Y,,,,IND
7189,Gila Bend Power Partners LLC,5949 Sherry Lane  Suite 1900,Dallas,TX,75225,Y,,,,I
7199,Gilberton Power Co,81 Eleanor Ave,Frackville,PA,17931,Y,Y,,,Q
7209,The Gillette Company,One Gillette Park,South Boston,MA,02127,Y,,,,IND
7257,City of Girard - (KS),120 North Ozark,Girard,KS,66743,Y,,,,M
7277,Calpine Corporation,10350 Socrates Mine Road,Middletown,CA,95461,Y,,,,Q
7292,Glencoe Light & Power Comm,305 11th St. East,Glencoe,MN,55336,Y,,,,M
7294,City of Glendale - (CA),141 N Glendale Ave,Glendale,CA,91206,Y,Y,,,M
7308,Hawkeye Energy Greenport LLC,336 South Service Road,Melville,NY,11747,Y,,,,Q
7349,"Golden Spread Electric Cooperative, Inc",Suite 220905 South Fillmore St,Amarillo,TX,79101,Y,,,,C
7353,Golden Valley Elec Assn Inc,758 Illinois Street,Fairbanks,AK,99701,Y,,,,C
7374,City of Goodland - (KS),1701   Cherry Street,Goodland,KS,67735,Y,,,,M
7375,Goodyear Tire & Rubber Co,P O Box 26003,Beaumont,TX,77720,Y,,,,IND
7424,Gowrie Municipal Utilities,P O Box 471102 Main St,Gowrie,IA,50543,,Y,,,M
7443,City of Graettinger - (IA),P O Box 178101 W Hoffman St,Graettinger,IA,51342,Y,,,,M
7444,City of Grafton - (ND),5 East 4th Street,Grafton,ND,58237,,Y,,,M
7486,City of Grand Junction - (IA),P O Box 277,Grand Junction,IA,50107,Y,,,Y,M
7487,City of Grand Marais - (MN),P O Box 60015 North Broadway,Grand Marais,MN,55604,Y,,,,M
7490,Grand River Dam Authority,P.O. Box 609,Chouteau,OK,74337,Y,,,,S
7494,City of Granite Falls - (MN),641 Prentice St,Granite Falls,MN,56241,Y,,,,M
7531,Gray County Wind Energy LLC,700 Universe Blvd.,Juno Beach,FL,33408,Y,Y,,,Q
7564,Grays Ferry Cogen Partnership,2600 Christian Street,Philadelphia,PA,19146,Y,Y,,,Q
7570,Great River Energy,12300 Elm Creek Boulevard,Maple Grove,MN,55369,Y,,,,C
7595,Great Lakes Hydro America LLC,1024 Central Street,Millinocket,ME,04462,Y,,,,Q
7597,Green Country OP Services LLC,12307 S. Florence Ave.,Jenks,OK,74037,,Y,,,Q
7601,Green Mountain Power Corp,163 Acorn Lane,Colchester,VT,05446,Y,,,,I
7626,City of Greenfield - (IA),202 S. 1st St,Greenfield,IA,50849,Y,,,,M
7630,Village of Greenport - (NY),236 3rd Street,Greenport,NY,11944,,,Y,,M
7634,City of Greenville - (TX),GEUS6000 Joe Ramsey Blvd,Greenville,TX,75402,Y,,,,M
7667,Gregory Power Partners LLC,910 Louisiana,Princeton,NJ,08540,Y,,,,IND
7724,MRP San Joaquin Energy LLC.,14950 W. Schulte Rd.,Tracy,CA,95377,Y,,,,Q
7726,Sharp Grossmont Hospital,5555 Grossmont Center Drive,La Mesa,CA,91942,,Y,,,COM
7743,Grundy Center Mun Light & Power,706 6th Street,Grundy Center,IA,50638,Y,,,,M
7751,Guadalupe Blanco River Authority,933 East Court St,Seguin,TX,78155,Y,,,,S
7833,Gwitchyaa Zhee Utility Co,P O Box 9,Fort Yukon,AK,99740,Y,,,,I
7857,Great Lakes Tissue Co,437 South Main Street,Cheboygan,MI,49721,Y,,,,IND
7869,Hermiston Power Partnership,PO Box 3078910 Simplot Rd,Hermiston,OR,97838,Y,,,,Q
7969,City of Halstad - (MN),405 2nd Ave West,Halstad,MN,56548,Y,,,,M
7977,City of Hamilton - (OH),960 N. Third Street,Hamilton,OH,45011,Y,,,,M
8009,International Paper Co,100 Jensen Rd,Prattville,AL,36067,Y,,,,IND
8027,Handsome Lake Energy LLC,"1310 Point Street, 8th Floor",Baltimore,MD,21231,Y,,,,Q
8122,Harlan Municipal Utilities - (IA),405 Chatburn Ave,Harlan,IA,51537,Y,,,,M
8181,Harrisburg Authority,Suite 104 One Keystone Plaza,Harrisburg,PA,17101,,Y,,,M
8198,City of Harrisonburg - (VA),89 West Bruce Street,Harrisonburg,VA,22801,Y,,,,M
8205,City of Hart Hydro - (MI),407 State St,Hart,MI,49420,Y,Y,,,M
8245,City of Hastings - (NE),1228 North Denver Avenue,Hastings,NE,68902,Y,,,,M
8248,Hastings Lock & Dam,1225 Progress Drive,Hastings,MN,55033,Y,,,,M
8287,Hawaii Electric Light Co Inc,P O Box 10271200 Kilauea Avenu,Hilo,HI,96720,Y,,,,I
8294,Hawkeye Power Partners LLC,700 Universe Blvd,Juno Beach,FL,33408,Y,Y,,,Q
8303,Harbor Cogeneration Co.,505 Pier B Street,Wilmington,CA,90748,Y,Y,,,Q
8353,Sprague Hydro LLC,711 East Turtle Point Drive,Ivins,UT,84738,Y,,,,Q
8365,Hazelton/Wilson Joint Venture,"205 10th Street, Ste. 510",Boise,ID,83702,Y,,,,Q
8366,Heber Light & Power Company,31 South 100 West,Heber,UT,84032,Y,,,,M
8453,Hendricks Regional Health,P O Box 4091000 East Main Stre,Danville,IN,46122,Y,,,,M
8490,City of Herington - (KS),P O  Box 31,Herington,KS,67449,,Y,,,M
8503,Hermiston Generating Co LP,78145 Westland Rd,Hermiston,OR,97838,Y,Y,,,Q
8530,"Hypower Energy, LLC",191 Main Street,Annapolis,MD,21401,Y,,,,Q
8543,Hibbing Public Utilities Comm,1902 6th Avenue East,Hibbing,MN,55746,Y,,,,M
8565,"FPLE High Winds, LLC",700 Universe Blvd.,Juno Beach,FL,33408,Y,Y,,,Q
8567,City of Higginsville - (MO),P O Box 1101922 Main Street,Higginsville,MO,64037,Y,,,,M
8573,City of Highland,1115 BroadwayP O Box 218,Highland,IL,62249,Y,,,,M
8596,High Shoals Hydro,P O Box  1,High Shoals,GA,30645,Y,,,,Q
8599,City of Hill City,724 South Pomeroy St,Hill City,KS,67642,Y,,,,M
8628,City of Hillsboro - (ND),19 South Main StreetP O Box 40,Hillsboro,ND,58045,,,,Y,M
8631,Hillsdale Board of Public Wks,45 Monroe St,Hillsdale,MI,49242,Y,,,,M
8633,Hillsborough County,P O Box 1110,Tampa,FL,33601,,Y,,,M
8683,CSL Behring LLC,1201 N. Kinzie Avenue,Bradley,IL,60915,Y,,,,IND
8703,City of Hoisington - (KS),P O Box 418      109 East Firs,Hoisington,KS,67544,Y,,,,M
8705,Hoffer Plastics,500 Collins Street,South Elgin,IL,60177,Y,Y,,,IND
8723,City of Holland,1 Energy Park Way,Holland,MI,49423,Y,Y,,,M
8736,Hollingworth & Vose Co Center Falls,112 Washington Street,East Walpole,MA,02032,Y,,,,IND
8751,Town of Holly - (CO),P O Box 458,Holly,CO,81047,Y,,,,M
8770,City of Holton - (KS),430 Pennsylvania Ave,Holton,KS,66436,,Y,,,M
8773,"Holy Cross Electric Assn, Inc",3799 Highway 82,Glenwood Springs,CO,81601,Y,Y,Y,,C
8776,City of Holyoke Gas and Electric Dept.,Holyoke Gas & Electric Dept.99,Holyoke,MA,01040,Y,,,,M
8787,Humboldt Bay Mun Water Dist,828 7th Street,Eureka,CA,95501,Y,Y,,,M
8795,City of Homestead - (FL),675 N Flagler Ave,Homestead,FL,33030,Y,,,,M
8797,Hull Municipal Light Plant,15 Edgewater Road,Hull,MA,02045,Y,,,,M
8847,City of Hopkinton - (IA),123 First St SEPO Box 129,Hopkinton,IA,52237,Y,,,,M
8862,Horseshoe Bend Hydroelectric Co,"3636 Nobel Drive, Suite 260",San Diego,CA,92122,Y,,,,Q
8884,Terrebonne Parish Consol Gov't,P O  Box 6097,Houma,LA,70360,Y,,,,M
8973,Town of Hudson - (MA),49 Forest Ave,Hudson,MA,01749,Y,,,,M
9011,City of Hugoton - (KS),P O Box 788631 S. Main,Hugoton,KS,67951,Y,,,,M
9097,Huntington Resource Recovery,445 South St,Morristown,NJ,07960,Y,,,,Q
9128,Hurricane City Power,526 W 600 N,Hurricane,UT,84737,Y,,,,M
9130,Hutchinson Utilities Comm,225 Michigan St,Hutchinson,MN,55350,Y,,,,M
9143,Hydro Technology Systems Inc,897 Greenwood Loop Rd.,Kettle Falls,WA,99141,Y,,,,Q
9187,City of Idaho Falls - (ID),140 South Capital Avenue,Idaho Falls,ID,83405,Y,Y,,,M
9188,"I-N-N Electric Coop, Inc",P.O. Box 210,Iliamna,AK,99606,,,Y,,C
9191,Idaho Power Co,1221 W. Idaho Street,Boise,ID,83702,Y,,,,I
9209,Illinois Rural Electric Coop,2 South Main Street,Winchester,IL,62694,Y,,,,C
9210,International Paper Co-Riegelwood,6400 Poplar Avenue,Memphis,TN,38197,Y,,,,IND
9216,Imperial Irrigation District,333 East Barioni BoulevardP O,Imperial,CA,92251,Y,,,,P
9231,City of Independence - (MO),21500 East Truman Road,Independence,MO,64051,Y,,,,M
9234,Indiana Municipal Power Agency,11610 N College Avenue,Carmel,IN,46032,Y,Y,,,P
9243,Indeck-Yerkes Ltd Partnership,"600 N Buffalo Grove Rd, Suite",Buffalo Grove,IL,60089,Y,,,,Q
9244,Indeck-Oswego Ltd Partnership,600 N Buffalo Grove Road600 N,Buffalo Grove,IL,60089,Y,,,,Q
9245,Indeck-Energy Serv Silver Spg,600 N. Buffalo Grove Road,Buffalo Grove,IL,60089,Y,Y,,,Q
9261,Indeck-Olean Ltd Partnership,Suite 3001130 Lake Cook Road,Buffalo Grove,IL,60089,Y,,,,Q
9263,Indeck-Corinth Ltd Partnership,600 N. Buffalo Grove RoadSuite,Buffalo Grove,IL,60089,Y,Y,,,Q
9267,"Hoosier Energy R E C, Inc",P O Box 908,Bloomington,IN,47402,Y,,,,C
9269,Indiana-Kentucky Electric Corp,P O Box 4683932 U.S. RT. 23,Piketon,OH,45661,Y,,,,I
9273,AES Indiana,P O Box 1595One Monument Circl,Indianapolis,IN,46206,Y,,,,I
9275,Indianola Municipal Utilities,210 W 2nd Ave,Indianola,IA,50125,Y,,,,M
9286,Illinois Municipal Elec Agency,3400 Conifer Drive,Springfield,IL,62711,Y,,,,M
9297,IPT SRI Cogeneration Inc,"1042 W Hedding, Ste 100",San Jose,CA,95126,,Y,,,COM
9303,Bucksport Generation LLC,"2 River Road, PO Box 1200",Bucksport,ME,04416,Y,,,,Q
9312,IPC-Mansfield Mill,2 Manhattanville Road,Purchase,NY,10577,Y,,,,IND
9324,Indiana Michigan Power Co,P O Box 60 One Summit Square,Fort Wayne,IN,46801,Y,,,,I
9332,Indian River Operations Inc,PO Box 40829416 Power Plant Rd,Millsboro,DE,19966,Y,,,,Q
9335,Indiana University of Penn,John Sutton Hall Rm 235,Indiana,PA,15705,Y,,,,S
9339,International Bound & Wtr Comm,4171 N. Mesa,El Paso,TX,79902,Y,Y,,,F
9348,International Paper,Route 58 East Box 17834040 Uni,Franklin,VA,23851,Y,,,,IND
9350,Sylvamo North America LLC,568 Shore Airport Rd,Ticonderoga,NY,12883,Y,,,,IND
9357,Hampshire Paper Co Inc,PO Box 3391827 County Route 22,Gouverneur,NY,13642,Y,,,,Q
9370,Hydrodynamics Inc,375 Holland Ln,Bozeman,MT,59718,Y,,,,Q
9379,"Inter-Power/AhlCon Partners, L.P.",141 Interpower Drive,Colver,PA,15927,Y,,,,Q
9382,International Paper Co-Vicksbg,3737 Highway 3,Redwood,MS,39156,Y,,,,IND
9383,Mosaic Fertilizer LLC,P O Box 2000,Mulberry,FL,33862,Y,,,,IND
9390,International Paper Co-GT Mill,Georgetown Mill700 South Kamin,Georgetown,SC,29440,Y,,,,IND
9393,International Paper Co-Riverdl,601 County Road 78,Selma,AL,36703,Y,,,,IND
9394,Interstate Paper LLC,2366 Interstate Paper Rd,Riceboro,GA,31323,Y,Y,,,IND
9397,International Turbine Res Inc,1400 Dinosaur Point  Hwy 152 D,Los Banos,CA,93635,Y,Y,Y,,Q
9401,International Paper Co-Pensacola,400 Atlantic St,Stamford,CT,06921,Y,,,,IND
9417,Interstate Power and Light Co,200 First Street SE,Cedar Rapids,IA,52401,Y,,,,I
9418,City of Iola - (KS),2 W  Jackson St,Iola,KS,66749,Y,,,,M
9424,Sylvamo Corporation - Eastover,4001 McCord's Ferry Road,Eastover,SC,29044,Y,,,,IND
9425,Iowa Lakes Electric Coop,702 South First Street,Estherville,IA,51334,Y,Y,,,C
9434,Iowa State University,1350 Beardshear Hall,Ames,IA,50011,Y,,,,S
9436,Mosaic Phosphates Co.,7250 Highway 44,Uncle Sam,LA,70792,Y,Y,,,IND
9439,Isabella Partners,375 Holland Ln,Bozeman,MT,59718,Y,,,,Q
9442,Town of Ipswich - (MA),P O  Box 151276 High Street,Ipswich,MA,01938,Y,,,,M
9454,Cleveland Cliffs,3060 Eggers Road,Cleveland,OH,44105,Y,Y,Y,,IND
9603,City of Jackson - (MO),101 Court Street,Jackson,MO,63755,Y,,,,M
9617,JEA,21 West Church St.,Jacksonville,FL,32202,Y,,,,M
9645,Jamestown Board of Public Util,PO Box 70092 Steele Street,Jamestown,NY,14702,Y,,,,M
9650,City of Janesville - (MN),219 North Main Street,Janesville,MN,56048,Y,,,,M
9686,"WestRock, Fernandina Beach",600 North 8th St,Fernandina Beach,FL,32034,Y,,,,IND
9732,City of Jetmore,P O Box  8,Jetmore,KS,67854,Y,,,,M
9765,John Deere Dubuque Works,18600 S John Deere Road,Dubuque,IA,52001,Y,,,,IND
9776,City of Johnson - (KS),402 South Main Street,Johnson,KS,67855,,,Y,,M
9778,Johnson County Rural E M C,750 International Drive,Franklin,IN,46131,Y,,,,C
9879,City Water and Light Plant,400 East Monroe Street,Jonesboro,AR,72403,Y,,,,M
9897,City of King Cove,"3380 ""C"" Street, Suite 205",Anchorage,AK,99503,Y,,,,M
9928,City of Julesburg - (CO),100 West Second Street,Julesburg,CO,80737,Y,,,,M
9948,"Kyocera International, Inc",8611 Balboa Ave.,San Diego,CA,92123,Y,,,,IND
9961,Kansas Electric Power Coop Inc,600 SW Corporate View,Topeka,KS,66615,Y,Y,,,C
9973,City of Kahoka,250 North Morgan St,Kahoka,MO,63445,,Y,,,M
9989,Kalaeloa Partners LP,91-111 Kalaeloa Boulevard,Kapolei,HI,96707,Y,,,,Q
9996,City of Kansas City - (KS),540 Minnesota Avenue,Kansas City,KS,66101,Y,,,,M
10000,Evergy Metro,1200 Main Street,Kansas City,MO,64105,Y,,,,I
10004,King County Dept-Natural Res,201 S Jackson St,Seattle,WA,98104,Y,Y,,,M
10005,"Evergy Kansas South, Inc",818 Kansas Avenue,Topeka,KS,66612,Y,,,,I
10035,Kansas Municipal Energy Agency,6300 West 95th Street,Overland Park,KS,66212,Y,,,,M
10046,Kas Brothers Windfarm LLC,870 190th Ave,Woodstock,MN,56186,Y,,,,Q
10056,City of Kaukauna,777 Island St,Kaukauna,WI,54130,Y,,,,M
10071,Kauai Island Utility Cooperative,4463 Pahee StreetSuite #1,Lihue,HI,96766,Y,,,,C
10077,Kaweah Delta Hospital,400 West Mineral King Avenue,Visalia,CA,93291,Y,,,,COM
10152,City of Kennett - (MO),303 S. Anthony StreetP O Box 4,Kennett,MO,63857,Y,,,,M
10162,Kent County,950 Market Avenue SW,Grand Rapids,MI,49503,,Y,,,M
10171,Kentucky Utilities Co,One Quality Street,Lexington,KY,40507,Y,,,,I
10179,Kenyon Municipal Utilities,709  2nd Street,Kenyon,MN,55946,Y,,,,M
10203,Kern River Cogeneration Co,P O Box 80478,Bakersfield,CA,93380,Y,,,,IND
10210,Ketchikan Public Utilities,2930 Tongass Avenue,Ketchikan,AK,99901,Y,,,,M
10260,City of Kimball - (NE),223 South Chestnut,Kimball,NE,69145,Y,,,,M
10273,Kimberly-Clark Corp,P O Box 619100,Dallas,TX,75261,Y,,,,IND
10320,City of Kingfisher - (OK),P O Box 1960,Edmond,OK,73083,Y,,,,M
10321,City of Kingman - (KS),PO Box 168332 N Main,Kingman,KS,67068,Y,Y,,,M
10325,Kings River Conservation Dist,4886 East Jensen Avenue,Fresno,CA,93725,Y,Y,,,P
10337,KES Kingsburg LP,11765 E Mountain View Ave,Kingsburg,CA,93631,Y,Y,,,Q
10339,Kings Bay Naval Base,Public Works   910 USS HunleyN,Kings Bay,GA,31547,Y,,,,F
10349,KIAC Partners,JFK AirportBuilding 49,Jamaica,NY,11430,Y,,,,Q
10362,Kiowa Power Partners LLC,14302 FNB Parkway,Omaha,NE,68154,Y,,,,Q
10363,Koyle Hydro Inc,1505 S. 1800 E.,Gooding,ID,83330,Y,,,,Q
10376,Kissimmee Utility Authority,P O Box 423219,Kissimmee,FL,34742,Y,Y,,,M
10433,Kodiak Electric Assn Inc,P O Box 787,Kodiak,AK,99615,Y,,,,C
10451,Kotzebue Electric Assn Inc,P.O. Box 44,Kotzebue,AK,99752,Y,,,,C
10525,La Farge Municipal Electric Co,P O Box 39,La Farge,WI,54639,Y,,,,M
10538,City of La Plata - (MO),113 S. Gex,La Plata,MO,63549,Y,,,,M
10539,"La Plata Electric Assn, Inc",45 Stewart St.,Durango,CO,81301,Y,Y,,,C
10542,La Porte City Utilities,403 Main St,La Porte City,IA,50651,Y,,,,M
10559,City of La Crosse - (KS),P O Box  339,LaCrosse,KS,67548,Y,,,,M
10576,Lake Road Generating Co LP,56 Alexander Parkway,Dayville,CT,06241,,Y,,,Q
10596,City of Lake Crystal - (MN),100 E. Robinson St.,Lake Crystal,MN,56055,Y,,,,M
10604,Lake Lure Town of,P O Box 255,Lake Lure,NC,28746,Y,,,,M
10606,City of Lake Mills,201 S Mill,Lake Mills,IA,50450,Y,,,,M
10608,City of Lake Park - (IA),217 Market Street,Lake Park Municipal Utilities,IA,51347,,,,Y,M
10620,City of Lake Worth Beach - (FL),1900 2nd Avenue No,Lake Worth,FL,33461,,Y,,,M
10622,City of Lakefield - (MN),301 Main Street,Lakefield,MN,56150,Y,,,,M
10623,City of Lakeland - (FL),501 East Lemon Street,Lakeland,FL,33801,Y,Y,Y,,M
10633,City of Lamar - (CO),100 North 2nd Street,Lamar,CO,81052,,Y,,,M
10650,City of Lamoni - (IA),111 S Chestnut Street,Lamoni,IA,50140,,,Y,,M
10685,Lanesboro Public Utility Comm,P O Box 333202 Parkway St,Lanesboro,MN,55949,Y,,,,M
10713,City of Larned - (KS),417 Broadway,Larned,KS,67550,Y,,,,M
10723,Lateral 10 Ventures,26 North State St,Salt Lake City,UT,84103,Y,,,,Q
10730,City of Las Animas - (CO),P O Box 271,Las Animas,CO,81054,Y,,,,M
10760,City of Laurel - (NE),302 East 2nd Street,Laurel,NE,68745,Y,,,,M
10769,City of Laurens - (IA),272 N. Third Street,Laurens,IA,50554,Y,,,,M
10777,Town of Laverne - (OK),7th and Oklahoma St.,Laverne,OK,73848,Y,,,,M
10810,LAX Airport,One World Way,Los Angeles,CA,90009,Y,,,,M
10875,Lee County Board-Commissioners,10500 Buckingham Road,Ft Myers,FL,33905,Y,,,,M
10908,City of Lenox - (IA),205 S Main St,Lenox,IA,50851,Y,,,,M
10944,PUD No 1 of Lewis County,321 N W Pacific Avenue,Chehalis,WA,98532,Y,,,,P
10963,Lewiston City of,103 Adams Ave.103 Adams Ave.,Lewiston,ME,04243,Y,Y,,,M
11017,City of Lincoln Center - (KS),P O Box 126,Lincoln,KS,67455,Y,,,,M
11018,Lincoln Electric System,9445 Rokeby Road,Lincoln,NE,68526,Y,,,,M
11059,Pasadena Cogeneration LP,955 Phillips Road,Pasadena,TX,77506,Y,,,,Q
11064,Litchfield Public Utilities,126 No Marsall Ave,Litchfield,MN,55355,,Y,,,M
11079,Little Rock Water Reclamation Authority,11 Clearwater Drive,Little Rock,AR,72204,Y,,,,M
11082,Littlewood Irrigation District,P O Box 355,Carey,ID,83320,Y,,,,P
11118,Lockhart Power Co,420 River St.,Lockhart,SC,29364,Y,,,,I
11127,Lockport Energy Associates LP,5087 Junction Rd,Lockport,NY,14094,,Y,,,Q
11135,City of Logan - (UT),233 North Main Street,Logan,UT,84321,Y,,,,M
11161,Loma Linda University,11100 Anderson Street,Loma Linda,CA,92350,Y,,,,COM
11169,Longview Fibre Co,300 Fibre Way PO Box 639,Longview,WA,98632,Y,Y,,,IND
11181,Long Beach Generation LLC,2665 Pier S Lane,Long Beach,CA,90802,Y,Y,,,Q
11204,Los Alamos County,P O Drawer 1030170 Central Par,Los Alamos,NM,87544,Y,,,,M
11208,Los Angeles Department of Water & Power,"P O Box 51111, JFB Rm 445",Los Angeles,CA,90051,Y,,,,M
11217,Los Angeles County Sanitation,"P O Box 4998, 1955 Workman Mil",Whittier,CA,90607,Y,,,,P
11233,Louisiana Tech University,P O Box 10288Power Plant,Ruston,LA,71272,Y,,,,S
11241,Entergy Louisiana LLC,4809 Jefferson Highway,Jefferson,LA,70121,Y,,,,I
11249,Louisville Gas & Electric Co,220 W Main Sreet,Louisville,KY,40202,Y,,,,I
11251,Loup River Public Power Dist,2404 15th StreetPO Box 988,Columbus,NE,68602,,,,Y,P
11252,Louisiana Generating LLC,112 Telly Street,New Roads,LA,70760,Y,,,,Q
11268,City of Lowell - (MI),P O Box  229 127 North Broadwa,Lowell,MI,49331,Y,,,,M
11269,Lower Colorado River Authority,3700 Lake Austin Blvd,Austin,TX,78703,Y,Y,,,P
11273,Lower Valley Energy Inc,P O Box 188,Afton,WY,83110,Y,,,,C
11275,Lower Mount Bethel Energy LLC,"600 Hamilton Street, Suite 600",Allentown,PA,18101,,Y,,,Q
11278,Lower Tule River Irrgtn Dist,357 E. Olive Ave.,Tipton,CA,93272,Y,,,,M
11284,Lowndes County Hospital Authority,P O Box 17272501 North Patters,Valdosta,GA,31603,Y,,,,COM
11290,Lacomb Irrigation Dist,P.O. Box 2485,Lebanon,OR,97355,Y,,,,P
11292,City of Lubbock - (TX),PO Box 2000,Lubbock,TX,79457,Y,,,,M
11295,Los Angeles County-San Gabriel,Stormwater Engineering Div 2nd,Alhambra,CA,91803,Y,,,,M
11329,NYU Langone Health,545 1st Ave. - SC2-122,New York City,NY,10016,Y,Y,,,Q
11332,City of Luverne - (MN),P O Box 659203 E Main,Luverne,MN,56156,,,,Y,M
11359,The Town of Lyndon Electric Department,P O Box  167,Lyndonville,VT,05851,Y,,,,M
11372,City of Lyons - (NE),355 Main Street,Lyons,NE,68038,,Y,,,M
11390,M&M Mars Inc,2019 North Oak Park Avenue,Chicago,IL,60707,Y,,,,IND
11401,"Mars Wrigley Confectionery US, LLC",700 High Street,Hackettstown,NJ,07840,Y,,,,COM
11415,"M.A. Patout & Son Limited, LLC",3512 J Patout Burns Rd,Jeanerette,LA,70544,Y,,,,IND
11426,Massachusetts Water Res Auth,Charlestown Navy Yard100 First,Boston,MA,02129,Y,,,,S
11427,Massachusetts Wtr Rauth-Deer I,190 Tafts Avenue,Winthrop,MA,02152,Y,,,,P
11460,City of Macon - (MO),106 W. Bourke St.,Macon,MO,63552,Y,,Y,,M
11468,Madison Hydro Partners,392 Massengales Mill Road,Woodbury,GA,30293,Y,,,,Q
11479,Madison Gas & Electric Co,133 South Blair Street,Madison,WI,53701,Y,Y,,,I
11481,City of Madison - (NE),110 West First Street,Madison,NE,68748,Y,,,,M
11540,City of Malden - (MO),405 South Beckwith,Malden,MO,63863,Y,,,,M
11560,City of Manassas - (VA),P O Box 5608500 Public Works D,Manassas,VA,20110,Y,Y,,,M
11566,City of Mangum - (OK),201 N. Oklahoma,Edmond,OK,73083,Y,,,,M
11571,Manitowoc Public Utilities,1303 S 8th Street,Manitowoc,WI,54221,Y,,,,M
11581,City of Manning,321 Center Street,Manning,IA,51455,Y,,,,M
11588,City of Manti - (UT),50 South Main Street,Manti,UT,84642,Y,,,,M
11611,City of Maquoketa - (IA),201 East Pleasant Street,Maquoketa,IA,52060,Y,,,,M
11624,Town of Marblehead - (MA),80 Commercial Street,Marblehead,MA,01945,Y,Y,Y,,M
11626,City of Marceline - (MO),116 North Main St USA,Marceline,MO,64658,Y,,,,M
11651,Martinez Refining Co,PO Box 7113485 Pacheco Blvd,Martinez,CA,94553,Y,,,,IND
11701,City of Marquette - (MI),2200 Wright Street,Marquette,MI,49855,Y,,,,M
11704,Maryland Environmental Service,30420 Revells Neck Rd,Westover,MD,21890,,Y,,,S
11713,City of Marshall - (MI),323 W Michigan Avenue,Marshall,MI,49068,Y,,,,M
11716,Marsh Valley Development Inc,711 East Turtle Point Drive,Ivins,UT,84738,Y,,,,Q
11724,Massachusetts Bay Trans Auth,attn: PS&E500 Arborway,Jamaica Plain,MA,02130,Y,,,,S
11731,City of Marshall - (MN),113 South 4th Street,Marshall,MN,56258,,,,Y,M
11732,City of Marshall - (MO),75 E Morgan,Marshall,MO,65340,Y,,Y,,M
11736,City of Marshall - (IL),201 South Michigan,Marshall,IL,62441,Y,,,,M
11740,City of Marshfield - (WI),2000 South Central Avenue,Marshfield,WI,54449,Y,,,,M
11741,Masspower,PO Box 51877750 Worcester Stre,Indian Orchard,MA,01151,,Y,,,Q
11770,City of Martinsville - (VA),P.O. Box 1112,Martinsville,VA,24114,Y,,,,M
11782,Marysville Hydro Partners,"205 N 10th Street, Ste. 510",Boise,ID,83702,Y,,,,Q
11804,Massachusetts Electric Co,2 Hanson Place,Brooklyn,NY,11217,Y,,,,I
11806,Massachusetts Mun Wholes Electric Co,327 Moody Street,Ludlow,MA,01056,Y,,,,P
11820,Massachusetts Inst of Tech,77 Massachusetts Avenue,Cambridge,MA,02139,Y,,,,COM
11824,Matanuska Electric Assn Inc, 163 East Industrial Way,Palmer,AK,99645,Y,Y,,,C
11843,Maui Electric Co Ltd,P O Box 398210 West Kamehameha,Kahului - Maui,HI,96732,Y,,,,I
11943,McCallum Enterprises I LP,2874 Main St,Stratford,CT,06614,Y,,,,Q
12114,City of McGregor- (IA),126 First Street,McGregor,IA,52157,Y,,,,M
12119,McGrath Light & Power Co,10 Mcguire Drive,McGrath,AK,99627,Y,,,,I
12167,City of McLeansboro - (IL),102  W Main Street,McLeansboro,IL,62859,Y,,,,M
12186,McMinnville Electric System,200 Morford Street,McMinnville,TN,37110,Y,,,,M
12199,Montana-Dakota Utilities Co,400 North Fourth Street,Bismarck,ND,58501,Y,Y,,,I
12208,City of McPherson - (KS),401 W Kansas Avenue,McPherson,KS,67460,Y,,,,M
12221,Monterey One Water,5 Harris Court Building D,Monterey,CA,93940,Y,Y,,,M
12222,Mead Coated Board Inc,11013 West Broad St.,Glen Allen,VA,23060,Y,,,,IND
12239,Mega Renewables,375 Holland Ln,Bozeman,MT,59718,Y,,,,Q
12242,City of Meade - (KS),P O Box 338,Meade,KS,67864,Y,,,,M
12258,MATEP LLC,474 Brookline Avenue,Boston,MA,02215,,Y,,,COM
12286,Melrose Public Utilities,225 E First St N,Melrose,MN,56352,,,,Y,M
12294,City of Memphis - (MO),125 West Jefferson Street,Memphis,MO,63555,Y,,,,M
12303,Merck & Co Inc-West Point,P O Box 4 WP2-1,West Point,PA,19486,Y,,,,IND
12307,WestRock (TX),11013 West Broad Street,Glen Allen,VA,23060,Y,,,,IND
12311,Merck & Co Inc,P O Box 2000Mail Code RYL 27-3,Rahway,NJ,07065,Y,,,,IND
12312,Merced Irrigation District,744 W. 20th Street,Merced,CA,95344,Y,,,,P
12320,Merck & Co Inc,2778 South East Side Highway,Elkton,VA,22827,Y,,,,IND
12341,MidAmerican Energy Co,4299 NW Urbandale Drive,Urbandale,IA,50322,,Y,,,I
12363,Mesquite Power LLC,37625 W. Elliot Rd.,Arlington,AZ,85322,Y,,,,Q
12374,Metropolitan Sewerage District,2028 Riverside Dr,Asheville,NC,28804,Y,Y,,,M
12380,Montana Dept-Natural Res&Consv,P O Box 2016011424 9th Avenue,Helena,MT,59620,Y,,,,S
12382,Metropolitan Dist of Hartford,P O Box 800555 Main Street,Hartford,CT,06101,Y,,,,M
12384,Midwest Generations EME LLC,Suite 3500440 S LaSalle St,Chicago,IL,60605,Y,,,,Q
12385,Metlakatla Power & Light,P O Box 359,Metlakatla,AK,99926,Y,,,,M
12397,Metropolitan Water District of S CA,700 North Alameda St,Los Angeles,CA,90012,Y,,,,S
12401,Merimil Ltd Partnership,150 Main Street,Lewiston,ME,02420,Y,,,,Q
12411,Miami Dade Water & Sewer Dept,3071 SW 38 Ave,Miami,FL,33146,Y,,,,M
12436,Michigan State University,Administration Building450 Han,East Lansing,MI,48824,Y,Y,,,S
12449,Mid Set Cogeneration Co,P O Box 80178,Bakerfield,CA,93380,Y,,,,IND
12455,Michigan Power Limited Partnership,5795 West Sixth Street,Ludington,MI,49431,,Y,,,Q
12465,"System Energy Resources, Inc",1340 Echelon Pkwy,Jackson,MS,39213,Y,,,,I
12469,Milford Power LLC,108 National Street,Milford,MA,01757,Y,,,,Q
12490,Middletown Power LLC,P O Box 10011866 River Road,Middletown,CT,06457,,Y,,,Q
12492,Midland Cogeneration Venture,100 Progress Place,Midland,MI,48640,Y,,,,Q
12501,Midlothian Energy LLC,4601 Brookhollow Drive,Midlothian,TX,76065,Y,,,,Q
12502,Middle Fork Irrigation Dist,P O Box 2918235 Clear Creek Ro,Parkdale,OR,97041,Y,,,,M
12524,Midwest Energy Inc - (KS),P O Box 898 1330 Canterbury Ro,Hays,KS,67601,Y,,,,C
12541,City of Milford - (IA),P O Box 124,Milford,IA,51351,Y,,,,M
12564,"SEPG MGA, LLC",200 Oaky Woods Road,Kathleen,GA,31047,,Y,,,Q
12568,Milford Power Co LLC,55 Shelland Street,Milford,CT,06460,,Y,,,Q
12619,Milwaukee Metro Sewerage Dist,260 West Seeboth,Milwaukee,WI,53204,Y,,,,M
12647,"ALLETE, Inc.",30 West Superior Street,Duluth,MN,55802,Y,,,,I
12653,"Lanyard Power Holdings, LLC","1360 Post Oak Blvd, Suit 2000",Houston,TX,77056,Y,,,,Q
12658,"Minnkota Power Coop, Inc",5301 32nd Avenue South,Grand Forks,ND,58201,Y,,,,C
12667,Minnesota Municipal Power Agny,220 South 6th Street,Minneapolis,MN,55402,Y,Y,,,P
12670,Missouri Jnt Muni.Pwr Elec. Ut. Comm.,2200 Maguire Blvd,Columbia,MO,65201,Y,,,,P
12685,Entergy Mississippi LLC,308 East Pearl Street,Jackson,MS,39201,Y,,,,I
12686,Mississippi Power Co,2992 West Beach Boulevard,Gulfport,MS,39501,Y,,,,I
12687,Midway-Sunset Cogeneration Co,P O Box 4573466 West Crocker S,Fellows,CA,93224,Y,Y,,,Q
12698,Evergy Missouri West,1200 Main St,Kansas City,MO,64105,Y,,,,I
12704,Mississippi Baptist Medical,1225 North State Street,Jackson,MS,39202,Y,,,,COM
12710,Missouri Basin Muni Power Agny,3724 West Avera Drive,Sioux Falls,SD,57108,Y,,,,P
12713,"Millennium Power Company, LLC",19 Old Kings Hwy South #330,Darien,CT,06820,Y,Y,,,Q
12739,Mobile Energy LLC,1003 Paper Mill Rd,Mobile,AL,36610,,Y,,,Q
12745,Modesto Irrigation District,P.O. Box 4060,Modesto,CA,95352,Y,,,,P
12758,Model City Energy LLC,2999 Judge Road,Oakfield,NY,14125,Y,,,,Q
12796,Monongahela Power Co,800 Cabin Hill Drive,Greensburg,PA,15601,Y,,,,I
12834,Dutchess County RRA,96 Sand Dock Road,Poughkeepsie,NY,12601,Y,,,,M
12839,City of Montezuma - (IA),501 East Main Street,Montezuma,IA,50171,,Y,,,M
12850,Monterey Cnty Water Res Agency,"1441 Schilling Place, North Bl",Salinas,CA,93901,Y,,,,M
12866,Moon Lake Electric Assn Inc,PO Box 278 800 West Hwy 40,Roosevelt,UT,84066,Y,Y,,,C
12869,Monterey Regional Waste Mgmt,P O Box 1670,Marina,CA,93933,Y,,,,M
12894,City of Moorhead - (MN),500 Center Ave,Moorhead,MN,56561,Y,,,,M
12897,Moose Lake Water & Light Comm,P O Box 418,Moose Lake,MN,55767,Y,,,,M
12900,City of Mora - (MN),101 Lake St South,Mora,MN,55051,Y,,,,M
12944,City of Morganton - (NC),305 East Union St.,Morganton,NC,28655,Y,,,,M
12949,Morgantown Energy Associates,555 Beechurst Avenue,Morgantown,WV,26505,Y,,,,Q
12981,Motiva Enterprises LLC,PO Box 712,Port Arthur,TX,77641,Y,,,,IND
12986,Morton Salt Inc,151 South Industrial Street,Rittman,OH,44270,Y,,,,IND
12989,Village of Morrisville - (VT),857 Elmore Street,Morrisville,VT,05661,Y,,,,M
13008,"Ahlstrom-Munksjo NA Specialty Solutions, LLC",100 Main Street,Mosinee,WI,54455,,,Y,,IND
13037,City of Mt Pleasant - (UT),115 West Main St,Mount Pleasant,UT,84647,Y,,,,M
13038,City of Mt Pleasant - (IA),509 N Adams Street,Mount Pleasant,IA,52641,Y,,,,M
13048,City of Mountain Lake - (MN),930 Third Ave.,Mountain Lake,MN,56159,Y,,,,M
13060,Mt Poso Cogeneration Co,P O Box 81256,Bakersfield,CA,93380,Y,,,,Q
13095,City of Mulvane - (KS),120 Boxelder,Mulvane,KS,67110,Y,,,,M
13100,Municipal Electric Authority,1470 Riveredge Parkway NW,Atlanta,GA,30328,Y,,,,M
13124,Murphy - Brown LLC,PO BOX 856HWY. 24 WEST,Warsaw,NC,28398,Y,,,,IND
13137,City of Murray - (UT),171 West 4800 South,Murray,UT,84107,Y,,,,M
13143,Board of Water Electric & Communications,3205 Cedar Street,Muscatine,IA,52761,Y,,,,M
13157,City of Omaha,5600 South 10th Street,Omaha,NE,68107,Y,,,,M
13192,NRG Arthur Kill Operations Inc,4401 Victory Blvd,Staten Island,NY,10314,Y,,,,Q
13201,"Naknek Electric Assn, Inc",P O Box 118,Naknek,AK,99633,Y,,,,C
13206,Nantucket Electric Co,2 Hanson Place,Brooklyn,NY,11217,Y,,,,I
13216,Nashville Electric Service,1214 Church Street,Nashville,TN,37203,Y,Y,Y,,M
13334,City of Nebraska City,100 Central Ave,Nebraska City,NE,68410,Y,,,,M
13337,Nebraska Public Power District,1414 15th Street,Columbus,NE,68602,Y,,,,P
13353,Nelson Creek Power Inc,PO Box 496028,Redding,CA,96049,Y,,,,Q
13365,Nevada Cogeneration Assoc # 2,"6895 E. Lake Mead Blvd, Suite",Las Vegas,NV,89156,,Y,,,Q
13399,Nevada Cogeneration Assoc # 1,420 North Nellis Blvd. #A3-400,Las Vegas,NV,89110,,Y,,,Q
13402,Nevada Irrigation District,28311 Secret Town Road,Colfax,CA,95713,Y,,,,P
13407,Nevada Power Co,P O Box 989106226 West Sahara,Las Vegas,NV,89151,Y,,,,I
13442,New Hampshire Hydro Associates,c/o Essex Hydro Assoc. LLC55 U,Boston,MA,02108,,Y,,,Q
13444,City of New Hampton - (IA),921 Canty Ave,New Hampton,IA,50659,Y,,,,M
13466,City of New Lisbon,232 W Pleasant StreetP.O. Box,New Lisbon,WI,53950,Y,,,,M
13468,New London Municipal Utilities,112 West Main Street,New London,IA,52645,Y,,,,M
13478,"Entergy New Orleans, LLC",1600 Perdido Street,New Orleans,LA,70112,Y,,,,I
13480,New Prague Utilities Comm,118 Central Ave North,New Prague,MN,56071,,,,Y,M
13483,City of New Roads - (LA),211 West Main Street,New Roads,LA,70760,Y,,,,M
13484,NewYork-Presbyterian Brooklyn Methodist Hospital,506 Sixth Street,Brooklyn,NY,11215,Y,,,,COM
13487,New York Zoological Society,The Bronx Zoo185th Street & So,Bronx,NY,10460,Y,,,,Q
13488,New Ulm Public Utilities Comm,310 First North Street,New Ulm,MN,56073,Y,,,,M
13491,New York University,Warren Weaver Hall251 Mercer S,New York,NY,10012,Y,,,,Q
13492,New Hope Power Company,"PO Box 9, 8001 Hwy 27 South",South Bay,FL,33493,Y,,,,IND
13511,New York State Elec & Gas Corp,P.O. Box 3287,Ithaca,NY,14852,Y,,,,I
13538,"Essential Power Operating Services, LLC",200 Shattuck Way,Newington,NH,03801,,Y,,,Q
13542,Newman & Co Inc,6101 Tacony Street,Philadelphia,PA,19135,Y,,,,IND
13559,North American Natural Res,"300 N 5th Avenue, Suite 100",Ann Arbor,MI,48104,Y,,,,Q
13587,Nissequoque Cogen Partners,2099 SUNY,Stonybrook,NY,11794,,Y,,,Q
13630,North Carolina Mun Power Agny #1,1427 Meadow Wood Blvd,Raleigh,NC,27604,Y,,,,M
13642,Nome Joint Utility Systems,1226 Port Road,Nome,AK,99762,Y,,,,M
13657,Norfork Southern Corp,200 N 4th Ave,Altoona,PA,16601,Y,Y,,,IND
13670,"Northeast Texas Elec Coop, Inc",2221 H.G. Mosley Pwky.,Longview,TX,75604,Y,,,,C
13681,North Branch Water & Light Comm,6388 Maple St,North Branch,MN,55056,Y,,,Y,M
13683,North Carolina El Member Corp,3400 Sumner Boulevard,Raleigh,NC,27616,Y,,,,C
13697,North Central Power Co Inc,104 South Pine Street,Granstburg,WI,54840,,Y,,,I
13718,City of North Little Rock - (AR),800 N Main St.,North Little Rock,AR,72115,Y,,,,M
13756,Northern Indiana Pub Serv Co,801 E. 86th Avenue,Merrillville,IN,46410,Y,,,,I
13763,Northbrook Carolina Hydro LLC,14550 N Frank Lloyd Wright Ste,Scottsdale,AZ,85260,Y,,,,Q
13765,Northlake Energy,3210 Watling St,East Chicago,IN,46312,,Y,,,IND
13781,Northern States Power Co - Minnesota,414 Nicollet Mall,Minneapolis,MN,55401,Y,Y,Y,,I
13788,Northern Wasco County PUD,2345 River Road,The Dalles,OR,97058,Y,,,,P
13809,NorthWestern Energy - (SD),3010 West 69th Street,Sioux Falls,SD,57108,Y,,,,I
13815,Northwestern Wisconsin Elec Co,P O Box 9104 South Pine Street,Grantsburg,WI,54840,,Y,,,I
13826,City of Norway,P O Box 99,Norway,MI,49870,Y,,,,M
13831,City of Norwich - (CT),16 South Golden Street,Norwich,CT,06360,Y,,,,M
13866,NWP Indian Mesa Wind Farm LP,700 Universe Blvd.,Juno Beach,FL,33408,Y,Y,,,Q
13870,"Nushagak Electric Coop, Inc",P O Box 350,Dillingham,AK,99576,Y,Y,Y,,C
13875,Energy Center Paxton LLC,900 Walnut Street,Harrisburg,PA,17101,Y,,,,I
13876,Nove Investments I LLC,PO Box 4100,Richmond,CA,94804,Y,Y,,,Q
13902,NorthWestern Energy (MT Hydro),11 E. Park Street,Butte,MT,59701,Y,Y,Y,,I
13914,Occidental Chemical Corporation,"5 Greenway Plaza, Suite 110",Houston,TX,77046,Y,,,,IND
13935,Oakdale&South San Joaquin Irrigation D.,Tri-Dam ProjectP O Box  1158,Pinecrest,CA,95364,Y,,,,P
13943,Ocean County Utilities Auth,P O Box P501 Hickory Lane,Bayville,NJ,08721,Y,,,,P
13945,Corewell Health Dearborn Campus,18101 Oakwood Blvd,Dearborn,MI,48123,,Y,,,COM
13948,City of Oberlin - (KS),1 Morgan Drive,Oberlin,KS,67749,,Y,,,M
13949,City of Oberlin - (OH),289 South Professor,Oberlin,OH,44074,Y,,,,M
13964,Oconto Electric Cooperative,7479 REA Road,Oconto Falls,WI,54154,Y,,,,C
13982,Ogden Projects Inc-Haverhill,445 South Street,Morristown,NJ,07960,Y,,,,Q
13989,California Resources Elk Hills LLC,9600 Ming Ave,Bakersfield,CA,93311,Y,,,,IND
13990,City of Ogden - (IA),201 NW 3rd Street,Ogden,IA,50212,Y,,,,M
13994,Oglethorpe Power Corporation,2100 East Exchange Place,Tucker,GA,30084,Y,,,,C
14015,Ohio Valley Electric Corp,P O Box 468,Piketon,OH,45661,Y,,,,I
14063,Oklahoma Gas & Electric Co,P O Box 321,Oklahoma City,OK,73101,Y,,,,I
14077,Oklahoma Municipal Power Authority,P O Box 1960,Edmond,OK,73083,Y,,,,S
14127,Omaha Public Power District,444 South 16 Street Mall,Omaha,NE,68102,Y,,,,P
14154,Orange & Rockland Utils Inc,4 Irving Place,New York,NY,10003,Y,Y,Y,,I
14155,Orange County Sanitation Dist,10844 Ellis Ave,Fountain Valley,CA,92078,Y,,,,P
14164,City of Orangeburg - (SC),1016 Russel Street,Orangeburg,SC,29115,Y,,,,M
14172,City of Ord - (NE),201 S. 17th St,Ord,NE,68862,,,,Y,M
14182,Sterling Power Partners LP,110 East Seneca Street,Sherrill,NY,13461,Y,Y,,,Q
14191,South Feather Water and Power Agency,2310 Oro-Quincy Highway,Oroville,CA,95966,Y,,,,P
14194,City of Orrville - (OH),207 N Main St,Orrville,OH,44667,Y,,,,M
14199,City of Osage City - (KS),5th and Main,Osage City,KS,66523,Y,,,,M
14201,City of Osage - (IA),720 Chestnut Street,Osage,IA,50461,Y,,,,M
14203,City of Osawatomie - (KS),700 Walnut Avenue,Osawatomie,KS,66064,Y,,,,M
14214,City of Osborne - (KS),128 N First,Osborne,KS,67473,,Y,,,M
14216,City of Osceola - (AR),303 West Hale Ave,Osceola,AR,72370,Y,,,,M
14222,Oswego County,46 East Bridge Street,Oswego,NY,13126,Y,,,,M
14229,City of Ottawa - (KS),101 S. Hickory,Ottawa,KS,66067,Y,,,,M
14232,Otter Tail Power Co,"P O Box 496, 215 South Cascade",Fergus Falls,MN,56538,Y,,,,I
14236,Ottumwa City of,P O Box 20230 Turner Drive,Ottumwa,IA,52501,Y,,,,M
14240,Oswego City of,West First Oneida Streets,Oswego,NY,13126,Y,,,,M
14243,Owyhee Irrigation District,422 Thunderegg Blvd,Nyssa,OR,97913,Y,,,,P
14246,City of Owatonna - (MN),P O  Box 800208 S Walnut Ave,Owatonna,MN,55060,,,,Y,M
14254,Oxy Vinyls LP,15013 Denver West Blvd,Houston,TX,77046,Y,,,,IND
14265,CamChino Leasing LLC,P O Box 1520,Chino,CA,91708,,Y,,,Q
14266,TalenEnergy Susquehanna LLC,600 Hamilton Street,Allentown,PA,18101,Y,Y,,,Q
14274,Otay Mesa Energy Center LLC,"4160 Dublin Blvd, Suite 310041",Dublin,CA,94568,Y,,,,Q
14276,City of Oxford - (KS),115 South Sumner Street,Oxford,KS,67119,Y,,,,M
14277,Village of Oxford - (NE),P O Box 385,Oxford,NE,68967,Y,,,,M
14289,Ozarks Electric Coop Corp - (AR),3641 Wedington Drive,Fayetteville,AR,72702,,Y,,,C
14293,Nalco Co,1601 West Diehl Road,Naperville,IL,60563,Y,,,,Q
14306,Westlake 2 US LLC,2801 Post Oak Blvd.,Houston,TX,77056,Y,,,,IND
14323,Pacific Northwest Generating Coop,8440 SE Sunnybrook Blvd.,Clackamas,OR,97015,Y,,,,C
14328,Pacific Gas & Electric Co.,77 Beale Street,San Francisco,CA,94105,Y,,,,I
14354,PacifiCorp,"825 NE Multnomah, Suite 600",Portland,OR,97232,Y,,,,I
14362,Packaging Corp of America,PO BOX 33HWY. 57,Counce,TN,38326,Y,,,,Q
14369,PCA-Tomahawk Mill,N 9090 County Road E,Tomahawk,WI,54487,Y,,,,IND
14372,Klamath Energy LLC,4940 HWY 97 S,Klamath Falls,OR,97603,,Y,,,Q
14381,City of Painesville,P O Box 6017 Richmond Street,Painesville,OH,44077,Y,,,,M
14395,Palm Springs City of,P O Box 27433200 Tahquitz Cany,Palm Springs,CA,92263,,Y,,,M
14410,"KMC Thermo, LLC",16400 Mattawoman Drive,Brandywine,MD,20613,Y,Y,,,Q
14432,"Panther Creek Power Operating, LLC",4 Dennison Road,Nesquehoning,PA,18240,Y,,,,Q
14433,City of Panora - (IA),501 East Market St.Doug Long,Panora,IA,50216,Y,,,,M
14446,Paragould Municipal Utilities,1901 Jones Road,Paragould,AR,72450,Y,,,,M
14459,City of Paris - (KY),525 High Street,Paris,KY,40361,Y,,,,M
14465,Philip Morris USA - Park 500,4100 Bermuda Hundred,Chester,VA,23836,Y,Y,Y,,IND
14519,Pasco County,7534 State Street,New Port Richey,FL,34654,,Y,,,M
14534,City of Pasadena - (CA),150 South Los Robles,Pasadena,CA,91101,Y,,,,M
14539,Passaic Valley Water Comm,"P O Box 203, 1525 Main Avenue",Clifton,NJ,07011,Y,Y,Y,,M
14582,City of Pawhuska - (OK),P O Box 539,Pawhuska,OK,74056,Y,,,,M
14597,Algonquin Northern Maine,142 Lower Lyndon St,Caribou,ME,04736,,Y,,,Q
14600,Payson City Corporation,439 West Utah Avenue,Payson City,UT,84651,Y,,,,M
14605,City of Peabody - (MA),201 Warren St  Ext,Peabody,MA,01960,Y,,,,M
14610,Orlando Utilities Comm,P O Box 3193,Orlando,FL,32802,Y,Y,,,M
14624,PUD No 2 of Grant County,P O Box 878,Ephrata,WA,98823,Y,,,,P
14628,Pecos Wind I LP,700 Universe Blvd,Juno Beach,FL,33408,Y,Y,,,Q
14629,Pecos Wind II LP,700 Universe Blvd,Juno Beach,FL,33408,Y,Y,,,Q
14645,City of Pella - (IA),825 Broadway,Pella,IA,50219,Y,,,,M
14653,PUD No 1 of Pend Oreille County,130 North Washington,Newport,WA,99156,Y,,,,P
14656,City of Pender - (NE),P O Box  S416 Main Street,Pender,NE,68047,Y,,,,M
14762,Pensacola Christian College,250 Brent Lane,Pensacola,FL,32503,Y,,,,COM
14839,City of Peru - (IN),335 East Canal Street,Peru,IN,46970,,Y,,,M
14840,City of Peru - (IL),4005 Plank Rd.,Peru,IL,61354,Y,,,,M
14856,Petersburg Borough - (AK),P O Box 329,Petersburg,AK,99833,Y,,,,M
14876,FPL Energy Cape LLC,700 Universe Blvd,Juno Beach,FL,33408,Y,,,,Q
14925,Phelps Dodge Refining Corp,850 Hawkins,El Paso,TX,79915,Y,Y,Y,,IND
14928,Pfizer Inc,Utilities - MS9101Eastern Poin,Groton,CT,06340,Y,,,,COM
14989,Freeport McMoRan Inc,Po Box 571Hwy 90 S. @ Phelps D,Tyrone,NM,88065,Y,,,,IND
15043,City of Piggott - (AR),194 West Court Street,Piggott,AR,72454,Y,,,,M
15095,City of Piqua - (OH),123 Bridge Street,Piqua,OH,45356,Y,,,,M
15114,"Pittsfield Generating Company, LP",235 Merrill Road,Pittsfield,MA,01201,,Y,,,Q
15127,Placer County Water Agency,P O Box 667,Foresthill,CA,95631,Y,,,,P
15142,Plains End Operating Services LLC,"7500 College Blvd, Suite 400",Overland Park,KS,66210,Y,,,,Q
15143,Platte River Power Authority,2000 E  Horsetooth Road,Fort Collins,CO,80525,Y,,,,P
15173,Placid Refining Co LLC,1940 Highway #1 North,Port Allen,LA,70767,Y,,,,IND
15180,City of Pocahontas - (IA),23 West Elm AvenueP.O. Box 69,Pocahontas,IA,50574,Y,,,,M
15213,Pontook Operating LP,1024 Central Street,Millinocket,ME,04462,Y,,,,Q
15229,City of Poplar Bluff - (MO),1902 Sunset,Poplar Bluff,MO,63901,Y,,,,M
15237,PCS Nitrogen LP,P O Box 307,Geismar,LA,70734,Y,Y,,,IND
15246,City of Portland - (MI),723 East Grd River,Portland,MI,48875,Y,,,,M
15248,Portland General Electric Co,121 SW  Salmon Street,Portland,OR,97204,Y,,,,I
15253,Power City Partners LP,P.O. Box 729,Massena,NY,13662,Y,Y,,,Q
15257,"Poudre Valley REA, Inc",PO Box 272550,Fort Collins,CO,80527,Y,Y,Y,,C
15276,TalenEnergy Martins Creek LLC,600 Hamilton Street,Allentown,PA,18101,,Y,,,Q
15286,Marco Power Inc,621 North College Road St. 100,Twin Falls,ID,83301,Y,,,,Q
15293,Powell Valley Electric Coop,P O Box 1528,New Tazewell,TN,37824,Y,,,,C
15296,New York Power Authority,123 Main Street,White Plains,NY,10601,Y,Y,,,S
15298,Talen Montana LLC,580 Willow Ave,Colstrip,MT,59323,Y,Y,,,Q
15300,"BHER Power Resources, Inc",PO BOX 2700,Big Spring,TX,79721,Y,,,,Q
15320,Linde Inc,10 Riverview Drive,Danbury,CT,06810,Y,,,,IND
15321,City of Pratt- (KS),321 W. 10th,Pratt,KS,67124,Y,,,,M
15330,Prairie State Generating Co LLC,1739 New Marigold Road,Marissa,IL,62257,,Y,,,M
15343,"Primary Energy Recycling Holdings, LLC",2020 Carlson Dr,Hammond,IN,46323,Y,,,,Q
15348,Preston Public Utilities Comm,PO Box 657,Preston,MN,55965,Y,,,,M
15349,City of Preston,1 W. Gillet St.,Preston,IA,52069,Y,,,,M
15371,Town of Princeton - (MA),168 Worcester Rd,Princeton,MA,01541,Y,,,,M
15375,Procter&Gamble Paper Products Co-Oxnard,800 N. Rice Avenue,Oxnard,CA,93030,,Y,,,IND
15377,City of Primghar - (IA),160 S Hayes Avenue,Primghar,IA,51245,Y,,,,M
15380,Prince George's County,3500 Brown Station Road,Upper Marlboro,MD,20774,Y,,,,M
15387,Princeton Public Utils Comm,907 First Street,Princeton,MN,55371,,,,Y,M
15388,City of Princeton - (IL),2 South Main Street,Princeton,IL,61356,Y,,,,M
15394,Procter & Gamble Ppr Prdts Co,P.O. Box 32Route 87,Mehoopany,PA,18629,Y,,,,IND
15399,Avangrid Power LLC,"1125 NW Couch , Ste. 700",Portland,OR,97209,,Y,,,Q
15400,Procter & Gamble Co,5201 Spring Grove Avenue,Cincinnati,OH,45217,,Y,,,IND
15466,Public Service Co of Colorado,1800 Larimer Street,Denver,CO,80202,Y,Y,Y,,I
15470,"Duke Energy Indiana, LLC",1000 East Main Street,Plainfield,IN,46168,Y,,,,I
15473,Public Service Co of NM,MS 2730414 Silver S.W. AS-7,Albuquerque,NM,87102,Y,,,,I
15474,Public Service Co of Oklahoma,212 E. 6th Street,Tulsa,OK,74119,Y,,,,I
15477,Public Service Elec & Gas Co,"P O Box 57080 Park Plaza, T9B",Newark,NJ,07102,Y,,,,I
15478,PSEG Nuclear LLC,80 Park Plaza T-25,Newark,NJ,07102,Y,,,,Q
15500,Puget Sound Energy Inc,PO Box 97034 M/S BEL-10E,Bellevue,WA,98004,Y,,,,I
15526,Purdue University,419 S. Grant St.,West Lafayette,IN,47907,Y,Y,,,S
15534,TalenEnergy Montour LLC,600 Hamilton Street,Allentown,PA,18101,Y,,,,Q
15537,Brunner Island LLC,600 Hamilton Street,Allentown,PA,18101,Y,,,,Q
15619,City of Radford - (VA),701 17th Street,Radford,VA,24141,Y,,,,M
15686,Village of Rantoul - (IL),200 West Grove Street,Rantoul,IL,61866,Y,,,,M
15708,Rathdrum Power LLC,7500 College Blvd,Overland Park,KS,66210,Y,,,,Q
15726,Rayonier Advanced Materials,Suite 290050 North Laura Stree,Jacksonville,FL,32202,Y,,,,IND
15772,City of Red Bud - (IL),525 Power Street,Red Bud,IL,62278,Y,,,,M
15773,City of Red Cloud - (NE),540 N Webster,Red Cloud,NE,68970,Y,,,,M
15776,Central Florida Tourism Oversight District,P.O. Box 690519,Orlando,FL,32869,,Y,,,M
15783,City of Redding - (CA),"777 Cypress Ave, PO Box 496071",Redding,CA,96049,Y,Y,,,M
15787,Redlands Water & Power Company,2216 S. Broadway,Grand Junction,CO,81507,Y,,,,Q
15793,Redwood Falls Public Util Comm,333 South Washington St.,Redwood Falls,MN,56283,Y,,,,M
15795,William G. Reed Jr,4221 East Lee St.,Seattle,WA,98112,Y,,,,Q
15824,Ecomaine,64 Blueberry Road,Portland,ME,04102,Y,,,,M
15860,City of Rensselaer - (IN),122 South Van Rensselaer,Rensselaer,IN,47978,Y,Y,,,M
15917,Presence Health,2233 W. Division Street,Chicago,IL,60622,Y,,,,COM
15941,Rice University,FE&P MS 312P.O. Box 1892,Houston,TX,77251,Y,,,,Q
15986,Rio Bravo Fresno,3350 S. Willow Ave,Fresno,CA,93725,Y,,,,Q
15989,City of Richmond - (IN),2000 U S 27 South,Richmond,IN,47375,,Y,,,M
16001,Rhode Island Hospital,593 Eddy Street,Providence,RI,02903,,Y,,,COM
16024,Riverwood Intl USA Inc,100 Graphic Packaging Intl Way,Macon,GA,31206,Y,,,,IND
16064,Graphic Packaging International,1000 Jonesboro Road,West Monroe,LA,71294,Y,,Y,,COM
16070,Rio Blanco Water Conserv Dist,2252 East Main Street,Rangely,CO,81648,Y,Y,,,P
16073,Riverview Energy Systems,"1 Energy Plaza, 400 WCB",Detroit,MI,48226,Y,,,,I
16077,Rio Bravo Rocklin,19100 Von KarmanSuite 570,Irvine,CA,92612,,Y,,,Q
16088,City of Riverside - (CA),3750 University Ave,Riverside,CA,92501,Y,,,,M
16098,"Rio Grande Valley Sugar Growers, Inc.",P O Box 459,Santa Rosa,TX,78593,Y,Y,,,IND
16124,Riverside Generating Co LLC,25038 Highway 23,Catlettsburg,KY,41129,,Y,,,Q
16179,Rochelle Municipal Utilities,333 Lincoln Highway,Rochelle,IL,61068,Y,,,,M
16181,Rochester Public Utilities,4000 East River Road NE,Rochester,MN,55903,Y,Y,,,M
16183,Rochester Gas & Electric Corp,89 East Avenue,Rochester,NY,14649,Y,,,,I
16190,Sappi Fine Paper North America-Somerset,255 State Street,Boston,MA,02109,Y,,,,IND
16191,Robbins Lumber Inc,PO Box 9Ghent Road,Searsmont,ME,04973,Y,,,,IND
16198,City of Rock Falls - (IL),1109 Industrial Park Road,Rock Falls,IL,61071,Y,,,,M
16206,Rock Rapids Municipal Utility,310 S Third Ave,Rock Rapids,IA,51246,,,,Y,M
16211,City of Rockford- (IA),206 West Main AvenueP O  Box 4,Rockford,IA,50468,Y,,,,M
16217,Village of Rockville Centre - (NY),P O  Box 950,Rockville Centre,NY,11571,Y,,,,M
16233,Heorot Power Management,Route 1 Box 1144ASugar Factory,Hardin,MT,59034,Y,Y,,,Q
16294,Roseburg Forest Products Co,P O Box 1088,Roseburg,OR,97470,Y,,,,IND
16295,City of Roseville - (CA),311 Vernon Street,Roseville,CA,95678,Y,Y,,Y,M
16380,RTC Properties Inc,"140 Central Avenue, Suite 100",Kearny,NJ,07032,Y,,,,COM
16440,City of Russell - (KS),P O Box 112,Russell,KS,67665,Y,Y,,,M
16498,SFR Hydro Cor,"16 Church Street, PO Box 699",Kingston,NH,03848,Y,,,,Q
16506,Salinas River Cogeneration Co,P O Box 80778,Bakersfield,CA,93380,Y,,,,IND
16518,City of Sabetha - (KS),P O Box 187,Sabetha,KS,66534,,Y,,,M
16534,Sacramento Municipal Util Dist,PO Box 15830 / 6201 S Street,Sacramento,CA,95817,Y,,,,P
16546,Sacramento County of Dpt Waste,10863 Gold Center Drive,Rancho Cordova,CA,95670,Y,,,,M
16553,Saguaro Power Co,435 4th Street,Henderson,NV,89015,Y,,,,Q
16558,City of Salem - (VA),114 N. Broad Street,Salem,VA,24153,Y,,,,M
16560,City of Salisbury - (MO),128 West Second Street,Salisbury,MO,65281,Y,,,,M
16572,Salt River Project,P O Box 52025,Phoenix,AZ,85072,Y,Y,,,P
16578,Saint Agnes Medical Center,1303 East Herndon,Fresno,CA,93720,Y,,,,COM
16583,San Antonio Regional Hospital,999 San Bernardino Road,Upland,CA,91786,Y,,,,COM
16604,City of San Antonio - (TX),500 McCullough,San Antonio,TX,78215,Y,,,,M
16609,San Diego Gas & Electric Co,8330 Century Park Cour,San Diego,CA,92123,Y,,,,I
16612,City & County of San Francisco,525 Golden Gate Ave,San Francisco,CA,94102,Y,Y,Y,,M
16622,"San Miguel Power Assn, Inc",170 W. 10th Ave,Nucla,CO,81424,Y,,,,C
16624,"San Miguel Electric Coop, Inc",P O Box 280,Jourdanton,TX,78026,Y,,,,C
16625,San Diego State University,5500 Campanile Drive,San Diego,CA,92182,Y,,,,S
16630,San Gorgonio Farms Inc,707 Esplanade #C,Redondo Beach,CA,90277,Y,,,,Q
16636,Sargent Canyon Cogeneration Co,P O Box 81018,Bakersfield,CA,93380,Y,,,,IND
16653,Sappi Cloquet LLC,2201 Avenue BPO Box 511,Cloquet,MN,55720,Y,,,,IND
16655,City of Santa Clara - (CA),1500 Warburton Avenue,Santa Clara,CA,95050,Y,,,,M
16657,San Jose/Santa Clara Water P C,700 Los Esteros Rd,San Jose,CA,95134,Y,,,,M
16667,City of Sargent - (NE),106 N. 2nd Street,Sargent,NE,68874,Y,,,,M
16694,Sauder Woodworking Co,502 Middle Street,Archbold,OH,43502,Y,,,,IND
16713,Santa Fe Irrigation District,P O Box 2081,Rancho Santa Fe,CA,92067,Y,,,,P
16729,Saranac Power Partners LP,PO Box 298599 Weed St Ext,Plattsburgh,NY,12901,Y,Y,,,Q
16732,San Jose State University Fclts Dev &Ops,One Washington Square,San Jose,CA,95192,Y,,,,S
16764,City of San Diego,1222 First Avenue,San Diego,CA,92101,Y,Y,,,M
16793,Schuylkill Energy Resource Inc,200 Mahantongo Street,Pottsville,PA,17901,Y,,,,Q
16814,Scrubgrass Reclamation CO. LP.,2151 Lisbon Road,Kennerdell,PA,16374,Y,Y,,,Q
16839,Seneca Power Partners LP,163 Cedar Street,Batavia,NY,14020,Y,Y,,,Q
16864,Seaside Heights Municipal Utility,901 Boulevard,Seaside Heights,NJ,08751,Y,,,,M
16868,City of Seattle - (WA),"700 Fifth Avenue, Suite 3300",Seattle,WA,98124,Y,Y,,,M
16873,Village of Sebewaing - (MI),110 W Main Street,Sebewaing,MI,48759,Y,,,,M
16899,SERRF Joint Powers Authority,120 Pier S Avenue,Long Beach,CA,90802,Y,,,,M
16909,Selkirk Cogen Partners LP,24 Power Park Drive,Selkirk,NY,12158,,Y,,,Q
16921,City of Seneca - (SC),205 EAST NORTH SECOND STREETPO,Seneca,SC,29679,Y,,,,M
16929,SEMASS Partnership,141 Cranberry Hwy,West Wareham,MA,02576,Y,,,,COM
16955,City of Seward - (AK),P O  Box 167,Seward,AK,99664,Y,,,,M
16968,Simplot Phosphates LLC,515 South Highway 430,Rock Springs,WY,82901,Y,,,,IND
16988,City of Sharon Springs - (KS),P O Box 490,Sharon Springs,KS,67758,Y,,,Y,M
16990,Sheep Creek Hydro Inc,4522 Mitchell Rd,Northport,WA,99157,Y,,,,Q
16997,Shasta Hydroelectric Inc,375 Holland Ln,Bozeman,MT,59718,Y,,,,Q
17035,City of Shelbina - (MO),PO Box 646116 E  Walnut,Shelbina,MO,63468,Y,,,,M
17043,City of Shelby - (OH),34 Mansfield Ave,Shelby,OH,44875,Y,,,,M
17052,Shell Chemical LP,3333 HWY 6 South,Houston,TX,77082,Y,,,,Q
17058,Shell Wind Energy Inc.,150-C N. Dairy Ashford Rd,Houston,TX,77002,Y,,Y,,Q
17069,Shepherd Center,2020 Peachtree Road,Atlanta,GA,30309,Y,,,,COM
17106,Sho-Me Power Electric Coop,301 W. Jackson,Marshfield,MO,65706,Y,,,,C
17127,Town of Shrewsbury - (MA),100 Maple Ave,Shrewsbury,MA,01545,Y,,,,M
17141,City of Sibley - (IA),1108 3rd Ave,Sibley,IA,51249,Y,,,,M
17145,Sid Richardson Carbon Ltd,201 Main Street,Fort Worth,TX,76102,Y,,,,IND
17149,City of Sidney - (NE),P O Box 791115 13th Ave,Sidney,NE,69162,Y,,,,M
17150,Shorock Hydro Inc,P O Box 5071,Twin Falls,ID,83303,Y,,,,Q
17164,Sierra Pacific Industries,19754 Riverside Avenue,Anderson,CA,96007,Y,Y,Y,,COM
17166,Sierra Pacific Power Co,P O Box 10100 6100 Neil Road,Reno,NV,89520,Y,,,,I
17177,City of Sikeston - (MO),P O Box 370,Sikeston,MO,63801,Y,Y,,,M
17191,Simplot Leasing Corp,P O Box 27,Boise,ID,83707,Y,,,,IND
17254,Sithe/Independence LLC,6555 Sierra Drive,Irving,TX,75039,Y,,,,Q
17271,City & Borough of Sitka - (AK),105 Jarvis Street,Sitka,AK,99835,Y,,,,M
17283,Seneca Energy II,2999 Judge Road,Oakfield,NY,14125,Y,,,,Q
17320,Sleepy Eye Public Utility Comm,130 Second Ave N W,Sleepy Eye,MN,56085,Y,,,,M
17412,County of Sonoma Dept of Trnsp,500 Mecham Rd,Petaluma,CA,94952,,Y,,,COM
17445,Solid Waste Authority of Palm Beach Co,7501 North Jog Road,West Palm Beach,FL,33412,Y,,,,P
17449,Smithfield Fresh Meats Corp.,P O Box 99; 15855 Highway 87 W,Tar Heel,NC,28392,Y,Y,,,IND
17460,South Oak Hospital,400 Sunrise Highway,Amityville,NY,11701,Y,,,,COM
17465,WestRock-West Point Mill,P O Box 10019th and Main Stree,West Point,VA,23181,Y,,,,IND
17470,PUD No 1 of Snohomish County,P O Box 11072320 California Av,Everett,WA,98206,Y,,,,P
17539,"Dominion Energy South Carolina, Inc",100 Scana Parkway,Cayce,SC,29033,Y,,,,I
17543,South Carolina Public Service Authority,One Riverwood Drive,Moncks Corner,SC,29461,Y,,,,S
17554,"South Carolina Genertg Co, Inc",220 Operation Way; MC A221,Cayce,SC,29033,Y,,,,I
17566,South Houston Green Power LLC,2023 5TH AVE. S.,Texas City,TX,77590,Y,,,,IND
17568,Cooperative Energy,P O  Box 158497037 US Highway,Hattiesburg,MS,39404,Y,,,,C
17573,South San Joaquin Irr District,11011 East Highway 120,Manteca,CA,95336,Y,,,,P
17583,"South Texas Electric Coop, Inc",P O  Box 119,Nursery,TX,77976,Y,,,,C
17604,Southern Minnesota Beet Sugar,83550 County Road 21,Renville,MN,56284,Y,,,,IND
17609,Southern California Edison Co,2244 Walnut Grove Avenue,Rosemead,CA,91770,Y,Y,Y,,I
17610,"WestRock Southeast, LLC",P O Box 1169706 Paper Mill Roa,Dublin,GA,31040,Y,Y,,,IND
17612,Bear Valley Electric Service,42020 Garstin Drive,Big Bear Lake,CA,92315,Y,Y,Y,,I
17627,South Forks Joint Venture,"205 N 10th Street, Ste. 510",Boise,ID,83702,Y,,,,Q
17632,Southern Illinois Power Coop,11543 Lake of Egypt Road,Marion,IL,62959,Y,,,,C
17633,Southern Indiana Gas & Elec Co,211 NW Riverside Dr,Evansville,IN,47708,Y,Y,Y,,I
17650,Southern Power Co,"30 Ivan Allen Jr. Blvd, NW",Atlanta,GA,30308,Y,Y,Y,,I
17664,Spartanburg Commissioners PW,P O Box 251,Spartanburg,SC,29304,Y,,,,M
17690,SOWEGA Power LLC,2237 Hatcher Hill Rd,Baconton,GA,31716,Y,,,,C
17697,Southwestern Electric Coop Inc - (IL),2516 N. 2125 St,St. Elmo,IL,62458,Y,Y,,,C
17698,Southwestern Electric Power Co,212 E. 6th Street,Tulsa,OK,74119,Y,,,,I
17711,Solano County,512  Clay Street,Fairfield,CA,94533,,Y,,,M
17718,Southwestern Public Service Co,P O Box 1261SPS Tower Tyler At,Amarillo,TX,79170,Y,Y,Y,,I
17725,Snow Mountain Hydro LLC,"205 N 10th Street, Ste. 510",Boise,ID,83702,Y,,,,Q
17727,Village of Spalding - (NE),330 E St. Joseph Street,Spalding,NE,68665,Y,,,,M
17783,City of Spencer - (IA),"520 2nd Ave East, Suite 1",Spencer,IA,51301,Y,,,,M
17824,Spring Valley Pub Utils Comm,104 South Section Avenue,Spring Valley,MN,55975,Y,,,,M
17826,"Springer Electric Coop, Inc",408 Maxwell Avenue,Springer,NM,87747,Y,,,,C
17828,City of Springfield - (IL),800 East Monroe Street,Springfield,IL,62757,Y,,,,M
17833,City Utilities of Springfield - (MO),P O Box 551301 East Central St,Springfield,MO,65801,Y,Y,,,M
17834,City of Springfield - (CO),P O Box 4,Springfield,CO,81073,Y,Y,,,M
17836,Springfield Public Utils Comm - (MN),14 North Marshall Ave,Springfield,MN,56087,Y,,,,M
17845,City of Springville - (UT),450 W. 600 N.,Springville,UT,84663,Y,,,,M
17862,City of St Charles - (MN),830 Whitewater Ave,St Charles,MN,55972,Y,,,,M
17872,City of St Francis - (KS),621 West First Street,St Francis,KS,67756,,Y,,,M
17874,City of St George,175 East 200 North,St George,UT,84770,Y,,,,M
17876,City of St James - (MN),120 Armstrong Blvd South City,St James,MN,56081,,,,Y,M
17879,City of St. John - (KS),115 E 4th Street,St John,KS,67576,Y,Y,,,M
17886,City of St Louis - (MI),300 North Mill Street,St Louis,MI,48880,,Y,,,M
17891,City of St Marys - (OH),101 East Spring Street,St Marys,OH,45885,Y,Y,,,M
17897,St Mary's Hospital,1216 Second St  SW,Rochester,MN,55902,Y,,,,COM
17924,City of Stafford - (KS),112 West Broadway,Stafford,KS,67578,Y,,,,M
17946,City of Stanberry - (MO),130 W First  Street,Stanberry,MO,64489,Y,,,,M
18000,State of Rhode Island,Box 8268,Cranston,RI,02920,Y,,,,S
18014,City of State Center - (IA),118 East Main St,State Center,IA,50247,Y,,,,M
18016,State Farm Mutual Auto Ins Co,3000 Marconi Drive,Alpharetta,GA,30005,,Y,,,COM
18028,State of Wisconsin,Division of State Facilities10,Madison,WI,53707,Y,,,,S
18031,Steamboat Development Corp,1010 Power Plant Drive,Reno,NV,89521,Y,,,,Q
18050,State Farm Mutual Auto Ins Co,8225 Bent Branch Drive,Irving,TX,75063,Y,,,,COM
18065,Smithfield Packaged Meats Corp (Wilson),2401 Wilco Blvd.,Wilson,NC,27893,Y,,,,IND
18086,City of Sterling - (KS),114 North Broadway,Sterling,KS,67579,,Y,,,M
18125,Stillwater Utilities Authority,P O Box 1449,Stillwater,OK,74076,Y,,,,M
18137,City of Stockton - (KS),P O Box 512,Stockton,KS,67669,Y,,,,M
18147,RockTenn-Hopewell,504 Thrasher Street,Norcross,GA,30071,Y,,,,IND
18155,Westrock (LA),504 Thrasher Street,Norcross,GA,30071,,Y,,,M
18162,WestRock-Florence,504 Thrasher St,Norcross,GA,30071,Y,,,,IND
18166,Sun Trust Plaza Associates LLC,303 Peachtree St NE,Atlanta,GA,30308,Y,,,,COM
18177,City of Story City - (IA),505 Market,Story City,IA,50248,Y,,,,M
18204,City of Strawberry Point,P O Box 279113 Lincoln Street,Strawberry Point,IA,52076,Y,,,,M
18205,Strawberry Water Users Assn,745 North 500 East,Payson,UT,84651,Y,,,,I
18230,City of Stuart - (NE),P O Box 177,Stuart,NE,68780,Y,,,,M
18231,City of Stuart - (IA),119 E. Front Street,Stuart,IA,50250,,,Y,,M
18252,City of Sturgis - (MI),130 North Nottawa Street,Sturgis,MI,49091,Y,,,,M
18260,Surprise Valley Electrification,800 W. 12th St.,Alturas,CA,96101,Y,,,,C
18277,City of Sullivan - (IL),2 West Harrison Street,Sullivan,IL,61951,Y,,,,M
18301,City of Sumner - (IA),410 Pleasant Street,Sumner,IA,50674,Y,,,,M
18315,Sunflower Electric Power Corp,301 W. 13th Street,Hays,KS,67601,Y,,,,C
18320,Sunrise Power Co LLC,PO Box 129,Fellows,CA,93224,Y,,,,Q
18323,Toledo Refining Company,1819 Woodville Rd,Oregon,OH,43616,Y,,,,IND
18371,Village of Swanton - (VT),120 First Street,Swanton,VT,05488,Y,,,,M
18390,Sycamore Cogeneration Co,P O Box 80598,Bakersfield,CA,93380,Y,,,,IND
18414,TES Filer City Station LP,PO Box 12700 Mee St.,Filer City,MI,49634,Y,,,,Q
18429,City of Tacoma - (WA),3628 South 35th Street,Tacoma,WA,98411,Y,,,,M
18445,City of Tallahassee - (FL),400 E  Van Buren Street,Tallahassee,FL,32301,Y,,,,M
18454,Tampa Electric Co,702 North Franklin Street,Tampa,FL,33602,Y,,,,I
18461,Tamarack Energy,P O Box H3555 Hwy 95 South 7 m,New Meadows,ID,83654,Y,,,,Q
18483,Tampa Wastewater Department,2700 Maritime Blvd,Tampa,FL,33605,Y,,,,M
18488,City of Taunton,55 Weir Street,Taunton,MA,02780,Y,,,,M
18518,Tenaska Gateway Partners Ltd,14302 FNB Parkway,Omaha,NE,68154,Y,,,,Q
18525,City of Tecumseh,P.O. Box 417 122 South 4th Str,Tecumseh,NE,68450,Y,,,,M
18535,Tenaska Georgia Partners LP,14302 FNB Parkway,Omaha,NE,68154,Y,,,,Q
18569,Tenaska Virginia Partners LP,14302 FNB Parkway,Omaha,NE,68154,Y,,,,Q
18574,USCE-Wilmington District,5460 Buggs Island,Boydton,VA,23917,Y,Y,,,F
18611,Tenaska Frontier Partners Ltd,14302 FNB Parkway,Omaha,NE,68154,Y,Y,,,Q
18617,Tesoro Alaska Company LLC,PO Box 3369,Kenai,AK,99611,Y,,,,IND
18642,Tennessee Valley Authority,WT 4B-K 400 W Summit Hill Driv,Knoxville,TN,37902,Y,,,,F
18668,Tesoro Refining and Marketing Co LLC,19100 Ridgewood Parkway,San Antonio,TX,78259,Y,,,,IND
18760,"TPC Group, LLC",8600 Park Place Blvd,Houston,TX,77017,Y,Y,Y,,IND
18820,City of Thief River Falls,Electric Superintendent P O Bo,Theif River Falls,MN,56701,Y,,,,M
18850,Thorton Township School Dist,School District 205465 E. 170t,South Holland,IL,60473,Y,,,,COM
18895,Thumb Electric Coop of Mich,2231 Main Street,Ubly,MI,48475,Y,,,,C
18947,City of Tipton - (IA),407 Lynn Street,Tipton,IA,52772,Y,,,,M
18963,"Inside Passage Elec Coop, Inc",P O  Box 210149,Auke Bay,AK,99821,Y,,,,C
18981,Thomson Corp,The Metro CenterOne Station Pl,Stamford,CT,06902,Y,,,,COM
18986,THUMS Long Beach Company,"111 W Ocean Blvd., Suite 800",Long Beach,CA,90802,Y,,,,COM
19002,"CPV Towantic, LLC","50 Braintree Hill Office Park,",Braintree,MA,02184,,Y,,,Q
19013,Topsham Hydro Partners,PO Box 276,Milford,ME,04461,Y,,,,Q
19037,Tower Kleber Ltd Partnership,21507 Bluff Highway,Onaway,MI,49765,Y,,,,Q
19062,City of Traer - (IA),649 2nd Street,Traer,IA,50675,Y,,,,M
19099,TransAlta Centralia Gen LLC,913 Big Hanaford Road,Centralia,WA,98531,Y,Y,,,Q
19102,Transcontinental Gas PL Corp,P O Box 13962800 South Post Oa,Houston,TX,77251,Y,,,,COM
19148,"Vicinity Energy Trenton, L.P.",320 South Warren Street,Trenton,NJ,08608,Y,,,,Q
19150,Trenton Municipal Utilities - (MO),1100 Main Street,Trenton,MO,64683,Y,,,,M
19165,Trigen-Cinergy Solutions College Park,PMB No 3074423 Lehigh Road,College Park,MD,20742,,Y,,,Q
19171,Trent Wind Farm LLC,1423 CR 131,Trent,TX,79561,Y,,,,Q
19198,"Trigen Inner Harbor East, LLC",1400 Ridgely Street,Baltimore,MD,21230,Y,Y,,,COM
19204,City of Trinidad - (CO),P O Box 880,Trinidad,CO,81082,Y,,,,M
19216,Tropicana Products Inc,1001 13th Avenue East,Bradenton,FL,34206,Y,,,,IND
19272,Doyon Utilities - Fort Greely,Bldg.606 Arctic Ave.611 East 5,Ft. Greely,AK,99731,Y,,,,I
19281,Turlock Irrigation District,333 East Canal Drive,Turlock,CA,95380,Y,,,,P
19351,U S Gypsum Co,550 West Adams Street,Chicago,IL,60661,Y,,,,IND
19365,United States Sugar Corp,111 Ponce De Leon Ave,Clewiston,FL,33440,Y,,,,IND
19375,USCE-Savannah District,US Army Corps of EngineersP.O.,Savannah,GA,31402,Y,Y,,,M
19391,"Hunlock Creek Generating, LLC",390 Route 11,Hunlock Creek,PA,18621,Y,,,,Q
19397,City of Ukiah - (CA),300 Seminary Ave,Ukiah,CA,95482,Y,,,,M
19400,USACE Northwestern Division,P O Box 2870CENWD-PDS,Portland,OR,97208,Y,,,,F
19406,USCE -Vickburg District,1111 Blakely Dam Rd,Royal,AR,71968,,Y,,,F
19436,Union Electric Co - (MO),1901 Chouteau Avenue,St Louis,MO,63103,Y,,,,I
19449,USACE-Fort Worth District,"819 Taylor ST., Room 4C04",Fort Worth,TX,76102,Y,,,,F
19450,Union Carbide Corp-Seadrift,2007 Austin St,Midland,MI,48674,Y,Y,,,IND
19454,City of Unalaska - (AK),P O Box 610,Unalaska,AK,99685,Y,,,,M
19462,USCE-Nashville District,P O Box 1070Attn: Hydro,Nashville,TN,37202,Y,,,,F
19474,City of Unionville - (MO),2221 Main Street,Unionville,MO,63565,Y,,,,M
19497,United Illuminating Co,180 Marsh Hill Rd,Orange,CT,06477,Y,,,,I
19499,"United Power, Inc",P.O. Box 929,Brighton,CO,80601,Y,Y,Y,,C
19511,University of Alaska,P O Box 757420,Fairbanks,AK,99775,,,Y,,S
19517,United States Steel- Clairton,600 Grant St Room 1500,Pittsburgh,PA,15219,Y,,,,IND
19519,United States Steel-Mon Valley,P O Box 878Mail Station 160,Drovosburg,PA,15034,Y,,,,IND
19524,University of California-LA,405 Hilgard Avenue,Los Angeles,CA,90095,Y,,,,COM
19526,United States Steel-Gary,600 Grant St Room 1569,Pittsburgh,PA,15219,Y,,,,IND
19528,University of Illinois,"807 S. Wright St., Suite 340",Champaign,IL,61820,Y,,,,S
19532,United Water Conservation District,1701 North Lombard St,Oxnard,CA,93030,Y,,,,P
19533,University of Oklahoma,160 Felgar Street,Norman,OK,73019,Y,Y,,,S
19537,University of Texas at Austin,"215 East 24th Street, H8040",Austin,TX,78712,,Y,,,S
19539,University of Iowa,Power Plant - 207 Burlington S,Iowa City,IA,52242,,Y,,,S
19541,University of North Carolina,Attn: Philip BarnerCB #1855  5,Chapel Hill,NC,27599,Y,,,,S
19545,"Black Hills Power, Inc.",7001 Mt. Rushmore Road,Rapid City,SD,57702,Y,Y,,,I
19547,Hawaiian Electric Co Inc,PO Box 2750,Honolulu,HI,96840,Y,Y,,,I
19553,Unisea Inc,P O  Box 920008,Dutch Harbor,AK,99692,Y,,,,COM
19558,Homer Electric Assn Inc,3977 Lake Street,Homer,AK,99603,Y,Y,,,C
19560,Tri-Dam Power Authority,P O Box 1158,Pinecrest,CA,95364,Y,,,,P
19564,University of Notre Dame,Power Plant,Notre Dame,IN,46556,Y,,,,Q
19578,Upper Peninsula Power Company,1002 Harbor Hills Dr,Marquette,MI,49855,Y,,,,I
19586,Utica Water & Power Authority,P O Box 3581168 Booster Way,Angels Camp,CA,95222,Y,Y,,,P
19588,University of Michigan,1120 East Huron Street,Ann Arbor,MI,48104,Y,,,,COM
19635,USACE-Omaha,1616 Capitol Ave,Omaha,NE,68102,Y,Y,,,F
19647,USCE-Little Rock District,P O Box 867,Little Rock,AR,72203,Y,,,,F
19663,Utah State University,910 North 900 East,Logan,UT,84322,Y,,,,S
19664,University of Washington,Power Plant Box 352160,Seattle,WA,98195,Y,,,,S
19676,Valero Refining Co California,3400 East Second Street,Benicia,CA,94510,Y,,,,IND
19685,Valero Refining Co,PO Box 9370,Corpus Christi,TX,78469,Y,,,,IND
19691,Paulsboro Refining Company - LLC,800 Billingsport Road,Paulsboro,NJ,08066,Y,,,,IND
19724,Vanderbilt University,24th Ave South24th Ave. South,Nashville,TN,37240,Y,Y,Y,,Q
19726,Valdosta City of,P O Box 1125,Valdosta,GA,31603,Y,,,,M
19728,"UNS Electric, Inc",88 East Broadway,Tucson,AZ,85701,Y,Y,,,I
19774,Valley Falls Associates,25 Canterbury Road,Clifton Park,NY,12065,,,Y,,Q
19780,Vermont Public Power Supply Authority,5195 Waterbury-Stowe Road,Waterbury Center,VT,05677,Y,Y,,,P
19781,National Salvage & Service Corporation,6755 South Old State Road 37,Bloomington,IN,47401,Y,,,,Q
19798,City of Vernon,4305 Santa Fe Avenue,Vernon,CA,90058,Y,,,,M
19830,NRG Vienna Operations Inc,P O Box 128Chapel of Ease Rd,Vienna,MD,21869,Y,,,,Q
19843,City of Villisca - (IA),102 North U Ave.,Villisca,IA,50864,,Y,,,M
19856,City of Vineland - (NJ),640 E Wood Street,Vineland,NJ,08362,Y,,,,M
19865,City of Vinton - (IA),214 East 2nd St,Vinton,IA,52349,Y,,,,M
19867,Village of Viola - (WI),P O Box 38,Viola,WI,54664,Y,,,,M
19876,Virginia Electric & Power Co,600 East Canal Street,Richmond,VA,23219,Y,,,,I
19946,Wadham Energy Ltd Partners,"2603 Camino Ramon, Suite 263",San Ramon,CA,94583,Y,,,,Q
19968,City of Wahoo - (NE),605 N Broadway,Wahoo,NE,68066,Y,,,,M
19980,City of Wakefield - (NE),405 Main Street,Wakefield,NE,68784,Y,,,,M
20032,Walla Walla City of,City Of Walla Walla55 Moore St,Walla Walla,WA,99362,Y,,,,M
20065,Walton Electric Member Corp,P O Box 260,Monroe,GA,30655,Y,,,,C
20069,City of Wamego - (KS),P O Box 86,Wamego,KS,66547,Y,Y,,,M
20100,Warm Springs Power Enterprises,"P O Box 960, 5180 Jackson Trai",Warm Springs,OR,97761,Y,,,,Q
20135,City of Washington - (UT),111 No 100 East,Washington,UT,84780,Y,,,,M
20141,City of Washington - (KS),301 C Street,Washington,KS,66968,Y,,,,M
20148,Watervliet City of,2 15th Street City Hall,Watervliet,NY,12189,Y,,,,M
20151,Washington Electric Coop - (VT),40 Church St,East Montpelier,VT,05651,Y,,,,C
20153,"Washington Island El Coop, Inc",1157 Main Road,Washington Island,WI,54246,Y,,Y,,C
20160,Energy Northwest,P O Box 968,Richland,WA,99352,Y,Y,,,S
20169,Avista Corp,P O Box 3727 1411 East Mission,Spokane,WA,99220,Y,,,,I
20180,City of Waterloo - (IL),100 West Fourth Street,Waterloo,IL,62298,Y,,,,M
20183,Waste Management Inc,Green Knight Energy Center2147,Pen Argyl,PA,18072,,Y,,,Q
20188,City of Watertown - (NY),245 Washington Street,Watertown,NY,13601,Y,,,,M
20214,Waverly Municipal Elec Utility,1002 Adams Parkway,Waverly,IA,50677,Y,,,,M
20219,City of Wayne,306 Pearl St.,Wayne,NE,68787,Y,Y,,,M
20238,Watchtower Bible & Tract Soc-NY,Attn:Energy Desk/Eulah Coulter,Patterson,NY,12563,,Y,,,Q
20255,Weber Basin Water Conserv Dist,2837 East Highway 193,Layton,UT,84040,,Y,Y,,P
20259,City of Webster City - (IA),400 Second Street,Webster City,IA,50595,Y,,,,M
20315,City of Wellington - (KS),317 S. Washington504 South Bla,Wellington,KS,67152,Y,,,,M
20323,"Wellhead Services, Inc",650 Bercut Drive Ste C,Sacramento,CA,95811,,Y,,,Q
20326,Town of West Boylston - (MA),4 Crescent Street,West Boylston,MA,01583,Y,,,,M
20328,Wells Manufacturing Co,1800 West Lake Shore Drive,Woodstock,IL,60098,Y,,,,IND
20347,Wellesley College,106 Central Street,Wellesley,MA,02481,Y,,,,Q
20364,City of West Bend,301 South Broadway,West Bend,IA,50597,,Y,,,M
20380,City of West Liberty - (IA),409 N Calhoun St,West Liberty,IA,52776,Y,,,,M
20392,City of West Plains - (MO),1910 Holiday Lane,West Plains,MO,65775,Y,,,,M
20397,City of West Point - (NE),444 South Main Street,West Point,NE,68788,Y,,,,M
20421,Western Minnesota Mun Pwr Agny,3724 West Avera Drive,Sioux Falls,SD,57109,Y,,,,P
20430,City of Westbrook,P O Box 308,Westbrook,MN,56183,,,,Y,M
20447,"Western Farmers Elec Coop, Inc",701 N.E. 7th Street,Anadarko,OK,73005,Y,Y,,,C
20492,International Paper Columbus Mill,P O Box 1830,Columbus,MS,39703,Y,,,,Q
20505,International Paper Port Wentworth Mill,1 Bonnybridge Road,Port Wentworth,GA,31407,Y,Y,,,IND
20508,WestRock Corp,104 East Riverside St.,Covington,VA,24426,Y,,,,IND
20511,International Paper Co. - New Bern Mill,1785 WEYERHAEUSER RD,Vanceboro,NC,28586,Y,,,,IND
20523,Westward Seafoods Inc,P O Box 920608,Dutch Harbor,AK,99692,,,Y,,IND
20541,Wheelabrator Environmental Systems,90 Arboretum Drive,Portsmouth,NH,03801,Y,,,,COM
20547,Cosmo Specialty Fibers,1201 1st Street,Cosmopolis,WA,98537,Y,,,,IND
20558,White Springs Agrici Chem Inc,P O Box 30015843 SE 78th St.,White Springs,FL,32096,Y,,,,IND
20632,City of Wilber,PO Box 486101 W 3rd,Wilber,NE,68465,Y,,,,M
20712,Snowbird Corporation,The Cliff Entry 4,Snowbird,UT,84092,,Y,,,Q
20737,Willmar Municipal Utilities,700 Litchfield Ave S W,Willmar,MN,56201,Y,,,,M
20789,City of Wilton - (IA),220 West 3rd Street,Wilton,IA,52778,Y,,,,M
20806,City of Windom,444 Ninth Street,Windom,MN,56101,,Y,,,M
20813,City of Winfield - (KS),200 E 9th Avenue,Winfield,KS,67156,Y,,,,M
20824,Village of Winnetka - (IL),510 Greenbay Road,Winnetka,IL,60093,Y,,,,M
20835,City of Winterset - (IA),124 West Court Avenue,Winterset,IA,50273,Y,,,,M
20847,Wisconsin Electric Power Co,231 W. Michigan Street,Milwaukee,WI,53203,Y,,,,I
20848,City of Blue Hill - (NE),P O Box 277,Blue Hill,NE,68930,Y,,,,M
20854,Winnebago County,100 West County Rd Y,Oshkosh,WI,54901,Y,Y,,,M
20856,Wisconsin Power & Light Co,4902 North Biltmore Lane,Madison,WI,53718,Y,,,,I
20858,WPPI Energy,1425 Corporate Center Drive,Sun Prairie,WI,53590,Y,,,,M
20860,Wisconsin Public Service Corp,231 W. Michigan Street,Milwaukee,WI,53203,Y,,,,I
20863,Wisconsin River Power Company,231 W. Michigan Street,Milwaukee,WI,53203,Y,,,,I
20880,City of Wisner,P O Box 367,Wisner,NE,68791,Y,,,,M
20893,Wolf Creek Nuclear Optg Corp,P O Box 411,Burlington,KS,66839,,Y,,,I
20910,Wolverine Power Supply Coop,P O Box 22910125 W Watergate R,Cadillac,MI,49601,Y,,,,C
20977,City of Woodsfield - (OH),203 Roy Street,Woodsfield,OH,43793,Y,,,,M
21013,City of Worthington - (MN),318 Ninth Street,Worthington,MN,56187,,,,Y,M
21015,City of Wrangell - (AK),1043 Case Ave,Wrangell,AK,99929,Y,,,,M
21048,Wyandotte Municipal Serv Comm,3200 Biddle,Wyandotte,MI,48192,Y,Y,,,M
21086,Yakima-Tieton Irrigation Dist,470 Camp 4 Road,Yakima,WA,98908,Y,,,,P
21095,Public Serv Comm of Yazoo City,P O Box 660,Yazoo City,MS,39194,Y,,,,M
21116,YKK USA Inc,3340 Chestney Road,Macon,GA,31217,Y,,,,IND
21128,York County Solid W & R Auth,2700 Blackbridge Road,York,PA,17406,Y,,,,P
21140,Yuba County Water Agency,12700 Lake Francis Rd,Dobbins,CA,95935,Y,Y,,,P
21158,City of Zeeland - (MI),350 E Washington Ave,Zeeland,MI,49464,Y,,,,M
21191,Zion Energy LLC,5701 Ninth St,Zion,IL,60099,,Y,,,Q
21223,University of Northern Iowa,Utilities Division,Cedar Falls,IA,50614,Y,,,,S
21260,"Banyan St./GAP 191 Peachtree Owner, LLC",191 Peachtree Street NE Suite,Atlanta,GA,30303,Y,,,,COM
21264,USACE-Detroit District,P O Box 1027477 Michigan Avenu,Detroit,MI,48231,Y,Y,,,F
21466,University of Tennessee,2040 Sutherland Avenue,Knoxville,TN,37996,Y,,,,S
21508,Cornell University,135 Humphreys Service Building,Ithaca,NY,14853,Y,,,,COM
21533,City of Minneapolis - (KS),218 N Rock Street,Minneapolis,KS,67467,Y,,,,M
21535,STP Nuclear Operating Co,P.O. Box 289,Wadsworth,TX,77483,,Y,,,M
21538,"Mohave Electric Cooperative, Inc.",PO Box 22530,Bullhead City,AZ,86439,Y,,,,C
21554,Seminole Electric Cooperative Inc,16313 North Dale Mabry Highway,Tampa,FL,33618,Y,Y,,,C
21621,United Technologies,Pratt & Whitney400 Main St Mai,East Hartford,CT,06108,Y,,,,IND
21668,Wise County Power Company LLC,800 Boons Creek Lane,Poolville,TX,76487,,Y,,,Q
21690,Moose International,Route 31Facilities Management,Mooseheart,IL,60539,Y,,,,COM
21734,Sunnyside Cogeneration Assoc,1 Power Plant Road,Sunnyside,UT,84539,,Y,,,Q
21773,Yellowstone Energy LP,Suite 2001087 West River Stree,Boise,ID,83702,,Y,,,Q
21944,Sonoma County Water Agency,404 Aviation Blvd,Santa Rosa,CA,95403,Y,Y,,,M
21964,University of New Mexico,PPD - Utilities Division1 UNM,Albuquerque,NM,87131,Y,,,,P
21965,New Mexico State University,P O Box 30001 MSC 3545,Las Cruces,NM,88003,,Y,,,S
21970,Northeast Energy Associates LP,700 Universe Blvd,Juno Beach,FL,33408,Y,,,,Q
21995,Olmsted County Public Works,2122 Campus Drive SE,Rochester,MN,55904,Y,,,,M
22001,Sunbury Generation LP,N. Old Trail RoadP.O. Box 517,Shamokin Dam,PA,17876,Y,,,,Q
22035,AT&T,801 Chestnut Room 1600,St Louis,MO,63101,Y,,,,COM
22040,Washington State University,Facilities Services - Operatio,Pullman,WA,99164,Y,Y,,,S
22045,Oxnard City of,305 West Third Street,Oxnard,CA,93030,Y,,,,M
22053,Kentucky Power Co,"1 Riverside Plaza, 26th Floor",Columbus,OH,43215,Y,,,,I
22079,Yolo County Flood Control WCD,34274 State Highway 16,Woodland,CA,95695,Y,,,,P
22091,New-Indy Ontario LLC,5100 East Jurupa St.,Ontario,CA,91761,Y,,,,COM
22131,Red Oak Operating Services LLC,832 Red Oak Lane,Sayreville,NJ,08872,Y,Y,,,Q
22142,University of California Santa Cruz,"UCSC, 1156 High St.Physical Pl",Santa Cruz,CA,95064,Y,,,,S
22148,AES Alamitos LLC,690 North Studebaker Road,Long Beach,CA,90803,Y,,,,Q
22174,PEI Power Corp,170 Power Boulevard,Archbald,PA,18403,Y,,,,Q
22175,PCS Phosphate,1530 NC HWY 306 SOUTH,Aurora,NC,27806,Y,,,,IND
22199,U S Air Force-Eielson AFB,354 CES/CEOP2310 Central Ave S,Eielson AFB,AK,99702,,Y,,,F
22208,University of Colorado,Campus Box 319,Boulder,CO,80309,Y,,,,Q
22214,Sweeny Cogeneration LLC,2331 CityWest Blvd.,Houston,TX,77042,Y,Y,Y,,IND
22218,U.S. Army - Radford,P O Box 1,Radford,VA,24143,,Y,,,F
22219,Maine Waste to Energy,110 Goldthwaite Road,Auburn,ME,04210,Y,,,,M
22269,Goal Line LP,"600 Seventeenth Street, Suite",Denver,CO,80202,Y,Y,,,Q
22290,Sayreville Power Generation LP,601 Jernee Mill Rd,Sayreville,NJ,08872,Y,Y,,,Q
22331,Salem Energy Systems LLC,"1 Energy Plaza, 400 WCB",Detroit,MI,48226,Y,,,,I
22350,Devon Power LLC,734  Naugatuck Ave,Devon,CT,06460,,Y,,,Q
22379,Connecticut Jet Power LLC,734 Naugatuck Ave,Milford,CT,06461,,Y,,,Q
22380,Montville Power LLC,74 Lathrop Road,Uncasville,CT,06382,Y,,,,Q
22500,"Evergy Kansas Central, Inc",818 South Kansas Avenue,Topeka,KS,66601,Y,,,,I
22614,Rocky Brook Electric Inc,7829 Center Blvd SE  #100,Snoqualmie,WA,98065,Y,,,,Q
22635,San Gabriel Valley Mun Wtr Dt,P O Box 12991402 N. Vosburg Dr,Azusa,CA,91702,Y,,,,Q
22650,Calpine Corp-Sutter,5029 South Township Road,Yuba City,CA,95993,Y,,,,Q
22652,Texas City Cogeneration LLC,717 Texas Avenue,Houston,TX,77002,Y,Y,,,Q
22669,U S Borax Inc,14486 Borax Road,Boron,CA,93516,Y,,,,Q
22776,Solano Irrigation District,508 Elmira Road,Vacaville,CA,95687,Y,Y,,,P
22979,Astoria Energy LLC,17-10 Steinway Street,Astoria,NY,11105,,Y,,,Q
23005,Aera Energy LLC-Coalinga,10000 Ming Ave,Bakersfield,CA,93389,Y,,,,IND
23013,"EIF Northampton GP, LLC",1 Horwith Drive,Northampton,PA,18067,,Y,,,Q
23037,Errol Hydroelectric Co LLC,1024 Central Street,Millinocket,ME,04462,Y,,,,Q
23632,Inland Paperboard - Rome Mill,238 Mays Bridge Rd,Rome,GA,30165,,Y,,,IND
23693,AES Huntington Beach LLC,21730 Newland Street,Huntington Beach,CA,92646,Y,,,,Q
23913,Borger Energy Associates LP,PO Box 29,Borger,TX,79007,Y,Y,,,Q
23931,Resolute Forest Products,111 Duke Street,Montreal,QC,H3C,,,,Y,IND
23955,University of Massachusetts Medical,55 Lake Avenue North,Worcester,MA,01655,,,Y,,S
24008,University of Oregon,1295 Franklin Boulevard,Eugene,OR,97403,Y,,,,S
24010,University of San Francisco,2130 Fulton St,San Francisco,CA,94117,Y,,,,COM
24202,Carr Street Generating Sta LP,64 Carr St,East Syracuse,NY,13057,,Y,,,Q
24205,HF Sinclair Parco Refining LLC,P O Box 277North Lincoln Highw,Sinclair,WY,82334,Y,Y,Y,,IND
24206,Amalgamated Sugar Co-Nampa,138 West Karcher Road,Nampa,ID,83687,Y,,,,IND
24210,Riverbay Corp,2049 Bartow Avenue,Bronx,NY,10475,Y,,,,COM
24211,Tucson Electric Power Co,88 East Broadway,Tucson,AZ,85701,Y,,,,I
24431,Utah Municipal Power Agency,696 W 100 S,Spanish Fork,UT,84660,Y,,,,P
24457,Calpine Eastern Corp,717 Texas Avenue,Houston,TX,77002,,Y,,,Q
24536,Aera Energy LLC-San Ardo,P O Box 1116410000 Ming Avenue,Bakersfield,CA,93311,Y,Y,,,IND
24793,Briar-Hydro Associates,"c/o Essex Hydro Assoc, L.L.C.,",Boston,MA,02108,Y,,,,Q
24931,Palmer Hydroelectric,15 Pine Street,Corinth,NY,12822,Y,,,,Q
24979,Ampersand Chasm Hydro LLC,7063 State Route 374 PO Box 85,Chateaugay,NY,12920,Y,,,,Q
25049,Gas Recovery Systems Inc,"3005 Douglas Blvd, Suite 105",Roseville,CA,95661,Y,,,,Q
25438,Friant Power Authority,P.O. Box 7808,Visalia,CA,93290,Y,,,,P
25477,USCE-Kansas City District,601 East 12th Street,Kansas City,MO,64106,Y,Y,,,F
25771,Quinebaug Associates LLC,2101 Pearl Street,Boulder,CO,80302,Y,Y,Y,,Q
25835,Portland City of,"1120 SW 5th Avenue,  Room 530",Portland,OR,97204,Y,Y,,,M
25915,El Dorado Irrigation District,2890 Mosquito Road,Placerville,CA,95667,Y,,,,M
26003,Kankakee City of,850 N. Hobbie Ave.,Kankakee,IL,60901,Y,,,,M
26253,Louisiana Energy & Power Authority,210 Venture Way,Lafayette,LA,70507,Y,Y,,,P
26287,Madera-Chowchilla Power Auth,12152 Road 28 1/4,Madera,CA,93637,Y,Y,,,Q
26469,Ingleside Cogeneration LP,5 Greenway Plaza Suite 110,Houston,TX,77046,Y,,,,IND
26616,North Slope Borough Power & Light,P O  Box 69,Utqiagvik,AK,99723,Y,,,,M
26618,USCE-St Louis District,20642 Highway J,Monroe City,MO,63456,Y,,,,F
26840,Port Townsend Paper Co,100 Mill Rd,Port Townsend,WA,98368,Y,,,,IND
27031,Liberty Electric Power LLC,1000 Industrial Highway,Eddystone,PA,19022,Y,,,,Q
27075,San Diego County Water Auth,4677 Overland Avenue,San Diego,CA,92123,Y,,,,S
27131,"US Sugar Savannah Refinery, LLC",201 Oxnard Drive,Port Wentworth,GA,31407,Y,,,,IND
27211,Snider Industries Inc,P O Box 668,Marshall,TX,75671,Y,,,,IND
27316,Town of Stowe- (VT),435 Moscow Road,Stowe,VT,05672,Y,Y,,,M
27378,Tenet Hospital Ltd,2001 North Oregon Street,El Paso,TX,79902,Y,,,,COM
27470,USCE-Tulsa District,1645 S 101 E. Ave,Tulsa,OK,74128,Y,,,,F
27718,WestRock Seminole,504 Thrasher Street,Norcross,GA,30071,Y,,,,COM
27762,Ptarmigan Res & Engy Inc,115 AABC,Aspen,CO,81611,Y,,,,Q
27769,Ocean State Power Co,1575 Sherman Farm Road,Harrisville,RI,02830,Y,,,,Q
27770,Ocean State Power II,1575 Sherman Farm Road,Harrisville,RI,02830,Y,,,,Q
27813,USCE-Mobile District,P O Box 2288,Mobile,AL,36628,Y,,,,F
28473,Harvest Midstream Co,188 CR 4900,Bloomfield,NM,87413,Y,,,,IND
28764,Pine Bluff Energy LLC,5301 Fairfield Drive,Pine Bluff,AR,71601,Y,,,,Q
29122,Morgan Energy Center LLC,1410 Red Hat Road,Decatur,AL,35601,,Y,,,Q
29295,City of Wells - (MN),101 lst Street SE,Wells,MN,56097,,Y,,,M
29297,Pelican Utility,P O Box 737,Pelican Utility Dist,AK,99832,Y,,,,M
29305,City of Madelia - (MN),24 Abbot Ave. SW,Madelia,MN,56062,Y,,,,M
29729,Davenport City of,2606 South Concord Street,Davenport,IA,52802,,Y,,,M
29925,Enterprise Products Optg LP,P O Box 43241100 Louisiana,Houston,TX,77210,Y,,,,IND
30002,International Paper Co,P O Box 5701201 West Lathrop A,Savannah,GA,31402,Y,,,,IND
30038,WestRock (IL),504 Thrasher Street,Norcross,GA,30091,Y,,,,IND
30052,Indorama Ventures,P O Box 8476001 Highway 366,Port Neches,TX,77651,Y,,,,IND
30076,Calleguas Mun Water District,2100 Olsen Road,Thousand Oaks,CA,91360,Y,,,,M
30151,"Tri-State G & T Assn, Inc",1100 West 116th Avenue,Westminster,CO,80234,Y,,,,C
30347,Olcese Water District,P.O. Box 60679,Bakersfield,CA,93386,Y,,,,M
31386,Tenaska Alabama Partners LP,14302 FNB Parkway,Omaha,NE,68154,Y,,,,Q
31518,City of Fort Smith,3900 Kelley Highway,Fort Smith,AR,72904,Y,,,,M
31613,Washington Cnty Wtr Consv Dist,533 East Waterworks Drive,St George,UT,84770,Y,,,,P
31719,FPL Energy Wyman LLC,700 Universe Blvd,Juno Beach,FL,33408,Y,,,,Q
32173,New Athens Generating Company LLC,19 Old Kings Hwy South,Darien,CT,06820,Y,Y,,,Q
32487,Gaylord Entertainment Co,One Gaylord Drive,Nashville,TN,37214,Y,,,,COM
32790,"New Harquahala Generating Co, LLC",7195 Dallas Parkway,Plano,TX,75024,Y,,,,Q
34164,Elk Hills Power LLC,P O Box 4604026 Skyline Rd,Tupman,CA,93276,Y,Y,,,Q
34359,Curators of the University of Missouri,417 S Fifth St.417 S Fifth St,Columbia,MO,65211,Y,,,,S
34623,Tejas Power Generation LLC,"1000 Main, Level 12",Houston,TX,77002,Y,,,,Q
34688,CHI Energy Inc,"100 Brickstone Square, Suite 3",Andover,MA,01810,Y,,,,Q
34691,Ormat Nevada Inc,6140 Plumas Street,Reno,NV,89519,Y,,,,Q
34717,FPL Energy New Mexico Wind LLC,700 Universe Blvd,Juno Beach,FL,33408,Y,Y,,,Q
34719,FPL Energy Oklahoma Wind LLC,700 Universe Blvd,Juno Beach,FL,33408,Y,Y,,,Q
34721,FPL Energy South Dakota Wind LLC,700 Universe Blvd,Juno Beach,FL,33408,Y,Y,,,Q
34723,FPL Energy North Dakota Wind LLC,700 Universe Blvd,Juno Beach,FL,33408,Y,Y,,,Q
38021,Piedmont Athens Regional Medical Center,1199 Prince Avenue,Athens,GA,30606,Y,,,,COM
38084,Great Lakes Energy Coop,P O  Box 701323 Boyne Avenue,Boyne,MI,49712,Y,,,,C
38215,Phillips 66 - Los Angeles,3010 Briarpark Drive,Houston,TX,77042,Y,,,,IND
39006,Brookfield White Pine Hydro LLC,150 Main Street,Lewiston,ME,02420,Y,,,,Q
39066,Union Carbide Corp-Texas City,39 Old Ridgebury Road,Danbury,CT,06817,Y,,,,IND
39125,Vandolah Power Co LLC,2394 Vandolah Road,Wauchula,FL,33873,Y,,,,Q
39245,Saint John's Health Center,2121 Santa Monica blvd,Santa Monica,CA,90404,,Y,,,COM
39347,"East Texas Electric Coop, Inc",2905 Westward Drive,Nacogdoches,TX,75961,Y,,,,C
39878,Solutia Inc-Indian,575 Maryville Centre Drive,St Louis,MO,63141,,Y,,,IND
40052,AG Energy LP,21 Entrance AvenuePO Box 585,Ogdensburg,NY,13669,,Y,,,Q
40192,Shady Hills Power Co LLC,14240 Merchant Energy Way,Shady Hills,FL,34610,,Y,,,Q
40211,"Wabash Valley Power Assn, Inc",6702 Intech Boulevard,Indianapolis,IN,46278,Y,,,,C
40215,"Cordova Electric Coop, Inc",P O Box 20,Cordova,AK,99574,Y,,,,C
40229,Old Dominion Electric Coop,4201 Dominion Blvd.,Glen Allen,VA,23060,Y,,,,C
40230,Deseret Generation & Tran Coop,10714 South Jordan Gateway,South Jordan,UT,84095,Y,,,,C
40307,"Prairie Power, Inc",3130 Pleasant Run,Springfield,IL,62711,Y,,,,C
40430,Lafarge Corp,1435 Ford Avenue,Alpena,MI,49707,Y,,,,IND
40437,Emerald People's Utility Dist,33733 Seavey Loop Road,Eugene,OR,97405,Y,,,,P
40444,Truckee-Carson Irrigation District,PO BOX 13562666 Harrigan Road,Fallon,NV,89407,Y,Y,,,P
40548,Unalakleet Valley Elec Coop,P O Box 186,Unalakleet,AK,99684,Y,,,,C
40575,Utah Associated Mun Power Sys,155 North 400 West,Salt Lake City,UT,84103,Y,,,,P
40577,"American Mun Power-Ohio, Inc","1111 Schrock Road, Suite 100",Columbus,OH,43229,Y,Y,,,M
40580,Southern Minnesota Mun P Agny,500 First Ave SW,Rochester,MN,55902,Y,,,,P
40582,Michigan Public Power Agency,809 Centennial Way,Lansing,MI,48917,Y,,,,P
40606,City of Grand Island - (NE),315 N Jefferson St,Grand Island,NE,68801,Y,,,,M
40613,Northern California Power Agny,651 Commerce Drive,Roseville,CA,95678,Y,,,,P
40614,Alabama Municipal Elec Authority,804 South Perry Street,Montgomery,AL,36104,Y,,,,M
42659,Pennsylvania Renewable Resources,1665 Auen Rd Suite C,Saltsburg,PA,15681,,Y,,,Q
42741,South Sutter Water District,2465 Pacific Ave,Trowbridge,CA,95659,Y,,,,Q
42744,Deschutes Valley Water District,881 SW Culver Highway,Madras,OR,97741,Y,,,,M
42890,City of Woonsocket,169 Main Street,Woonsocket,RI,02895,Y,Y,,,M
42892,City of Spokane,Water & Hydroelectric Services,Spokane,WA,99207,Y,,,,M
44466,BP PLC,One Finsbury Circus,London,UK,EC2M,Y,,,,IND
49732,Chevron Products Company-Richmond,Richmond Refinery841 Chevron W,Richmond,CA,94802,Y,,,,IND
49748,"ORCAL Geothermal, Inc","6225 Neil Road, Ste. 300",Reno,NV,89511,Y,,,,Q
49760,"Covanta Montgomery, Inc.",21204 Martinsburg Road,Dickerson,MD,20842,,Y,,,S
49768,"Bastrop Energy Partners, LP",125 Old Bastrop Rd,Cedar Creek,TX,78612,Y,Y,,,Q
49775,Middlesex County Utilities Authority,2571 Main Street Extension P.O,Sayerville,NJ,08872,Y,,,,M
49778,"Mondelez Global, LLC",5500 Forest Hills Road,Loves Park,IL,61111,,Y,,,IND
49786,"Jamaica Bay Peaking Facility, LLC",14-25 Bay 24th Street,Far Rockaway,NY,11691,Y,,,,Q
49791,Eastman Cogeneration LP,"Eastman Cogen, Bldg 121PO Box",Longview,TX,75607,Y,,,,Q
49796,Desert Sky Wind Farm LP,8135 EAST HIGHWAY 190,Iraan,TX,79744,Y,,,,I
49805,Kennecott Utah Copper,4700 Daybreak Parkway,South Jordan,UT,84095,Y,,,,IND
49837,Pinelawn Power LLC,"Schaumburg, Illinois1900 East",Schaumburg,IL,60173,,Y,,,Q
49840,"Waterside Power, LLC",919 Milam St.; Suite 2300,Houston,TX,77002,,Y,Y,,Q
49842,Georgia-Pacific Wauna LLC,92326 Taylorville Road,Clatskanie,OR,97016,Y,Y,,,IND
49844,Eurus Combine Hills I LLC,"9255 Towne Centre Dr, Suite 80",San Diego,CA,92121,Y,,,,Q
49845,"Equus Power I, L.P.",1900 East Golf Road,Schaumberg,IL,60173,,Y,,,Q
49846,Covanta Honolulu Resource Recovery,91-174 Hanua St.,Kapolei,HI,96707,,Y,,,M
49852,Great Bay Hydro Corp,2101 Pearl Street,Boulder,CO,80302,Y,Y,Y,,Q
49867,Tofteland Windfarm LLC,725 120th Avenue,Luverne,MN,56156,,,Y,,Q
49869,Fey Windfarm LLC,58 111th Street,Woodstock,MN,56186,Y,,Y,,Q
49870,Windcurrent Farms LLC,2077 170th ave,Ruthton,MN,56170,,,Y,,Q
49874,Boeve Windfarm LLC,1970 121st Street,Woodstock,MN,56186,Y,,,,Q
49880,Madison Windpower LLC,"808 Travis, Suite 700",Houston,TX,77002,Y,,,,Q
49889,Mount Carmel Cogen Inc,P O Box 409Marion Heights Road,Marion Heights,PA,17832,Y,,,,Q
49893,Invenergy Services LLC,1 S. Wacker Dr. Ste. 1800,Chicago,IL,60606,Y,,,,Q
49896,"Nevada Gold Energy, LLC",910 Dunphy Ranch Road,Battle Mountain,NV,89820,Y,,,,Q
49899,CalEnergy Operating Corporation,7030 Gentry Rd,Calipatria,CA,92233,Y,Y,Y,,Q
49901,Northern Star Generation Services Co LLC,2929 Allen Parkway Suite 3275,Houston,TX,77019,,,Y,,Q
49903,Aeolus Wind LLC,Attn: Nicholas Hess (NAHES) 14,Portland,OR,97209,Y,,,,Q
49913,University of Arizona,1405 N. Ring Road,Tucson,AZ,85721,Y,,,,S
49919,Falcon Power Operating Company,666 Grand Avenue,Des Moines,IA,50309,,Y,,,Q
49942,Eagle Point Power Generation LLC,Mellon Bank Center1735 Market,Philadelphia,PA,19103,,Y,,,Q
49949,Kinder Morgan Production Company LP,6 Desta Drive,Midland,TX,79705,Y,,,,IND
49950,"Caithness Long Island, LLC",c/o Caithness Corp.565 Fifth A,New York,NY,10017,Y,,,,Q
49963,"FPL Energy Operating Services, Inc.",700 Universe Blvd.,Juno Beach,FL,33408,Y,Y,,,Q
49965,Constellation Mystic Power LLC,"1310 Point Street, 8th Floor",Baltimore,MD,21231,Y,,,,Q
49966,Covanta Camden Energy Recovery Center,600 Morgan Boulevard,Camden,NJ,08104,Y,,,,Q
49967,"Decorative Panels International, Inc.",416 Ford AVenue,Alpena,MI,49707,Y,,,,IND
49968,Searles Valley Minerals Operations Inc.,13200 Main Street,Trona,CA,93592,Y,,,,IND
49970,Goose Haven Energy Center,3853 Goose Haven Rd,Suisun,CA,94585,Y,,,,Q
49971,Creed Energy Center LLC,6150 Creed Road,Suisun,CA,94585,Y,,,,Q
49972,Gilroy Energy Center LLC,5975 Lambie Road,Suisun,CA,94585,Y,,,,Q
49974,NAES Corporation - (WA),2061 E 000 North Road,Beecher City,IL,62414,,Y,,,C
49981,Diamond Generating Corporation,333 South Grand Ave Suite 1570,Los Angeles,CA,90071,Y,,,,Q
49988,"Valley Queen Cheese Factory, Inc.",200 East RailwayP O Box 351,Milbank,SD,57252,Y,,,,IND
49991,Kindred Public School,255 Dakota St,Kindred,ND,58051,Y,,,,P
49993,Stevens Community Medical Center,P O Box 660,Morris,MN,56267,Y,Y,,,COM
50003,Brunswick Cellulose LLC,1400 W Ninth Street,Brunswick,GA,31520,Y,,,,IND
50006,Invista,4123 East 37th Street North,Wichita,KS,67220,Y,,,,IND
50012,"FPL Energy Callahan Wind, LLC",700 Universe Blvd,Juno Beach,FL,33408,Y,Y,,,Q
50014,"FPL Energy Weatherford, LLC",700 Universe Blvd,Juno Beach,FL,33408,Y,Y,,,Q
50021,Neenah Paper Michigan Inc.,501 East Munising Avenue,Munising,MI,49862,,Y,,,IND
50035,"Electric Glass Fiber America, LLC.",940 Washburn Switch Rd.,Shelby,NC,28150,Y,,,,IND
50063,FPL Energy Horse Hollow LLC,700 Universe Blvd.,Juno Beach,FL,33408,Y,Y,,,Q
50079,Utility Board of Key West City,P O Drawer 6100,Key West,FL,33041,,,Y,,M
50082,Boise Cascade Wood Products LLC,111 W. Jefferson Street,Boise,ID,83728,Y,,,,IND
50083,Brookfield Power New England,1024 Central Street,Millinocket,ME,04462,Y,,,,Q
50094,Lincoln Generating Facility LLC,1044 North 115th Street,Omaha,NE,68154,Y,,,,Q
50095,Phillips 66,"Phillips 66, P.O. Box 4428",Houston,TX,77210,Y,,,,IND
50109,DeKalb Regional Health System,2701 North Decatur Rd,Decatur,GA,30033,,Y,,,COM
50111,Lafayette Utilities System,P O Box 4017-C,Lafayette,LA,70502,Y,,,,M
50114,"WTG Jameson, L.P.",211 North Colorado,Midland,TX,79701,Y,Y,,,IND
50118,US Army Corps of Engineers,P.O. Box 940,St. Stephen,SC,29479,Y,,,,F
50122,CF Industries Nitrogen LLC,P.O. Box 1348 4612 Hwy 49E,Yazoo City,MS,39194,,,Y,,Q
50123,"Leeward Asset Management, LLC","6688 N. Central Expressway, Su",Dallas,TX,75206,Y,Y,Y,,Q
50128,Georgia-Pacific Consr Ops LLC-Palatka,"County Rd #216,",Palatka,FL,32177,Y,,,,IND
50130,"Centerstream STL, LLC",1 Ashley Place,St. Louis,MO,63102,Y,Y,,,Q
50131,Ormat Stillwater LLC,6884 Sierra Center Pkwy,Reno,NV,89511,Y,,,,Q
50133,Leaf River Cellulose LLC,P O Box 329,New Augusta,MS,39462,Y,,,,IND
50134,Holcomb Rock Company,4839 Holcomb Rock Road,Lynchburg,VA,24503,Y,,,,Q
50136,North American Energy Services,1070 Erie Avenue,North Tonawanda,NY,14120,,Y,,,Q
50147,US Geothermal Inc.,390 E Parkcenter Blvd,Boise,ID,83706,Y,,,,Q
50157,South Point Energy Center LLC,717 Texas Street,Houston,TX,77002,Y,,,,Q
50158,Innovative Energy Systems Inc,2999 Judge Road,Oakfield,NY,14125,Y,,,,Q
50166,Crete Energy Venture LLC,1044 North 115th Street,Omaha,NE,68154,Y,,,,Q
54679,BP Piney & Deep Creek LLC,407 B Big Bay Rd,Queensbury,NY,12804,Y,,,,Q
54683,Maverick Cty Water Control & Improvement,1622 Maverick Industrial Park,Eagle Pass,TX,78852,Y,,,,P
54684,"Flat Rock Windpower, LLC",P.O. Box 3827,Houston,TX,77253,Y,Y,,,Q
54690,Western Renewable Energy LLC,P O Box 1480975 S. Water Canyo,Eagar,AZ,85925,Y,,,,Q
54692,Santa Rosa Energy Center LLC,5001 Sterling Way,Pace,FL,32571,,Y,,,Q
54696,Little Mac Power Company,812 Main Avenue North,Twin Falls,ID,83301,,,Y,,Q
54700,Paris Generation LP,301 Lake Crook Rd,Paris,TX,75460,,Y,,,Q
54704,Metropolitan Pier and Exposition Auth,2211 South MLK Jr Drive,Chicago,IL,60616,Y,,,,M
54705,Seadrift Coke L P,8618 State Highway 185 North,Port Lavaca,TX,77979,Y,,,,IND
54707,Blue Canyon Windpower II LLC,P.O. Box 3827,Houston,TX,77253,Y,,,,Q
54709,High Trail Wind Farm LLC,13682N  2900 East Road,Ellsworth,IL,61737,Y,,,,Q
54713,Chevron USA Inc,9525 Camino Media,Bakersfield,CA,93311,Y,,,,IND
54717,FPL Energy Burleigh County Wind LLC,700 Universe Blvd,Juno Beach,FL,33408,Y,Y,,,Q
54722,Grizzly Mountain Ranch,808 Zenia Bluff Road,Zenia,CA,95595,,Y,Y,,Q
54725,CHI Operations Inc,"100 Brickstone Square, Suite 3",Andover,MA,01810,Y,,,,Q
54736,"VESI Pomona Energy Storage, Inc.",6884 Sierra Center Parkway,Reno,NV,89511,Y,,,,Q
54738,Thilmany LLC,"600 Thilmany Road, PO Box 600",Kaukauna,WI,54130,Y,,,,IND
54755,Morris Cogeneration LLC,8805 N. Tabler,Morris,IL,60450,Y,,,,Q
54759,Mesquite Wind LLC,299 FM 604,Abilene,TX,79601,Y,,,,Q
54765,Bear Swamp Power Company LLC,"200 Donald Lynch Blvd, Suite 3",Marlborough,MA,01752,Y,,,,Q
54769,INEOS USA LLC,P.O. Box 1488,Alvin,TX,77512,Y,,,,IND
54775,Lock 7 Hydro Partners LLC,414 South Wenzel Street,Louisville,KY,40204,Y,,,,Q
54777,Signal Hill Generating LLC,811 Main Street 35th Floor,Houston,TX,77002,Y,,,,Q
54788,DG Fairhaven Power LLC,115 Redmond Road,Eureka,CA,95503,,Y,,,Q
54799,FPL Energy Oliver County Wind II LLC,700 Universe Blvd.,Juno Beach,FL,33408,Y,Y,,,Q
54800,"Michigan Wind 1, LLC","1310 Point Street, 8th Floor",Baltimore,MD,21231,Y,,,,Q
54802,Dynegy -Moss Landing LLC,Hwy 1 & Dolan Rd,Moss Landing,CA,95039,Y,,,,Q
54803,"Dynegy Oakland, LLC",50 Martin Luther King Jr Way,Oakland,CA,94607,Y,,,,Q
54806,DTE Energy Services-Woodland,1786 E. Kentucky Ave.,Woodland,CA,95776,Y,,,,Q
54809,Wailuku Holding Company LLC,666 Grand Avenue Suite 500,Des Moines,IA,50309,Y,,,,Q
54810,Broad River Energy LLC,1124 Victory Trail Road,Gaffney,SC,29340,Y,Y,Y,,Q
54812,AMERESCO Chicopee Energy LLC,111 Speen StreetSuite 410,Framingham,MA,01701,Y,,,,Q
54813,AMERESCO Janesville LLC,111 Speen StreetSuite 410,Framingham,MA,01701,Y,,,,Q
54814,AMERESCO Santa Cruz Energy LLC,111 Speen StreetSuite 410,Framingham,MA,01701,Y,,,,Q
54815,AMERESCO Delaware South,111 Speen StreetSuite 410,Framingham,MA,01701,Y,,,,Q
54816,AMERESCO Delaware Central,111 Speen StreetSuite 410,Framingham,MA,01701,Y,,,,Q
54821,Rumford Power,43 Industrial Park Road,Rumford,ME,04276,Y,,,,Q
54824,"Ryegate Associates, LLC",247 Weesner Drive,East Ryegate,VT,05042,Y,Y,,,Q
54837,INEOS Nitriles Greenlake,PO Box 65913050 State Hwy 185,Port Lavaca,TX,77979,Y,Y,Y,,IND
54838,Windsor Machinery Co Inc,16 Orbit Lane,Hopewell Junction,NY,12533,Y,Y,,,Q
54839,Eagle Materials Co LLC,3811 Turtle Creek,Dallas,TX,75219,Y,,,,IND
54842,WM Renewable Energy LLC,"800 Capitol Street, Suite 3000",Houston,TX,77002,Y,Y,,,IND
54843,WM Illinois Renewable Energy LLC,"800 Capitol Street, Suite 300",Houston,TX,77002,Y,,,,COM
54863,U S Power Generating Company LLC,"300 Atlantic Street, 5th Floor",Stamford,CT,06901,Y,,,,Q
54870,FPL Energy Red Canyon LLC,700 Universe Blvd,Juno Beach,FL,33408,Y,Y,,,Q
54874,Lea Power Partners LLC,98 N Twombly Lane,Hobbs,NM,88240,Y,,,,Q
54878,Oregon Environmental Industries LLC,One West Main Street,Medford,OR,97501,Y,,,,Q
54888,NRG Texas Power LLC,910 Louisiana St.,Houston,TX,77002,Y,,,,Q
54890,Russell City Energy Company LLC,3862 Depot Road,Hayward,CA,94545,Y,,,,Q
54894,Roseburg Forest Products,98 Mill Street,Weed,CA,96064,Y,,,,IND
54895,FirstLight Power Resources Services LLC,143 West Street,New Milford,CT,06776,Y,,,,Q
54899,NAES Corporation - (DE),880 Buttner Place,Dover,DE,19904,,Y,,,M
54900,Stimson Lumber Company,7600 N Mineral Drive Suite 400,Coeur d'Alene,ID,83815,Y,,,,IND
54902,SunE Alamosa1 LLC,12500 Baltimore Ave,Beltsville,MD,20705,Y,Y,Y,,Q
54904,High Prairie Wind Farm II LLC,MN Dept. of Comm St Entity Off,St Paul,MN,55101,Y,,,,Q
54911,Tesoro Refng Marketing Co Mntn Region,"474 West, 900 North",Salt Lake City,UT,84103,,Y,,,IND
54913,NSTAR Electric Company,247 Station Drive,Westwood,MA,02090,Y,,,,I
54915,"Dogwood Power Management, LLC",8840 Stanford Blvd Suite 3700,Columbia,MD,21045,,,Y,,Q
54916,Phillips 66 Billings Refinery,401 South 23rd Street,Billings,MT,59101,Y,Y,,,IND
55397,NRG Energy Inc,1101 County Road 190,Sweetwater,TX,79556,Y,,,,Q
55510,Tiverton Power LLC,304 Progress Road,Tiverton,RI,02878,Y,,,,Q
55600,Cadillac Renewable Energy LLC,1525 Miltner Street,Cadillac,MI,49601,Y,,,,Q
55649,Ontelaunee Energy Center,5115 Pottsville Pike,Reading,PA,19605,Y,Y,,,Q
55696,FPL Energy Oliver County Wind,700 Universe Blvd.,Juno Beach,FL,33408,Y,Y,,,Q
55698,Hawks Nest Hydro LLC,407 B Big Bay Rd,Queensbury,NY,12804,Y,,,,Q
55703,Otsego Paper Inc,320 North Farmer Street,Otsego,MI,49078,,Y,,,IND
55704,Tiber Montana LLC,711 East Turtle Point Drive,Ivins,UT,84738,Y,,,,Q
55710,Nevada Gold Mines,2555 Waltham Way2555 Waltham W,McCarran,NV,89434,Y,,,,IND
55727,Orion Engineered Carbons,"1700 City Plaza Drive, Suite 3",Spring,TX,77389,Y,,,,IND
55729,Duke Energy Kentucky Inc,139 E Fourth Street,Cincinnati,OH,45202,Y,,,,I
55734,"Cow Branch Wind Power, LLC","1310 Point Street, 8th Floor",Baltimore,MD,21231,Y,,,,Q
55735,"CR Clearing, LLC","1310 Point Street, 8th Floor",Baltimore,MD,21231,Y,,,,Q
55736,Loess Hills Wind Farm LLC,"1310 Point Street, 8th Floor",Baltimore,MD,21231,Y,,,,Q
55737,"Wind Capital Holdings, LLC","1310 Point Street, 8th Floor",Baltimore,MD,21231,Y,,,,Q
55744,Acciona Solar Power,602 Eldorado Valley Drive,Boulder City,NV,89005,Y,,,,Q
55749,Pleasants Energy LLC,10319 S. Pleasants Hwy,St Marys,WV,26170,Y,Y,,,Q
55753,Essex Hydro Associates LLC,c/o Essex Hydro Associates LLC,Boston,MA,50167,Y,,,,Q
55754,Boralex Hydro Operations Inc,39 Hudson Falls Road,South Glens Falls,NY,12803,,Y,,,Q
55772,Paducah Power System,1500 BroadwayP.O. Box 180,Paducah,KY,42002,Y,Y,,,M
55773,"Dighton Power, LLC",1450 Somerset Avenue,Dighton,MA,02715,,Y,,,Q
55784,California Power Holdings LLC,"303 Fellowship Road, Suite 105",Mount Laurel,NJ,08054,Y,,,,Q
55785,FPL Peetz Table Wind Energy,700 Universe Blvd.,Juno Beach,FL,33408,Y,Y,,,Q
55799,FPL Energy Langdon Wind LLC,700 Universe Blvd,Juno Beach,FL,33408,Y,Y,,,Q
55810,Augusta Canal Authority,P O Box 2367,Augusta,GA,30903,Y,,,,M
55832,Shane's Wind Machine LLC,1631 211th Street,Ruthton,MN,56170,Y,,,,Q
55839,Domtar Paper Company LLC,P.O Box 130,Hawesville,KY,42348,Y,Y,,,IND
55849,Domtar Paper Co LLC Kingsport Mill,100 Clinchfield Street,Kingsport,TN,37660,Y,,,,IND
55858,"Energy Developments, Inc d/b/a EDL","2501 Coolidge Road, Suite 100",East Lansing,MI,48823,Y,,,,Q
55861,Sandy Creek Energy Associates LP,2161 Rattlesnake Road,Riesel,TX,76682,,Y,,,Q
55862,Logan Wind Energy LLC,700 Universe Blvd.,Juno Beach,FL,33408,Y,Y,,,Q
55863,Suzano Packaging LLC,5201 Fair Field Road,Pine Bluff,AR,71601,Y,,,,IND
55866,Old Trail Wind Farm LLC,13682N  2900 East Road,Ellsworth,IL,61737,Y,,,,Q
55867,Billerud Escanaba LLC,PO Box 757,Escanaba,MI,49829,Y,,,,IND
55871,"Reworld Projects, LLC",3001 110th Ave. N,St. Petersburg,FL,33716,,Y,,,COM
55873,"Harvest Windfarm, LLC","1310 Point Street, 8th Floor",Baltimore,MD,21231,Y,,,,Q
55876,Capitol Broadcasting Company Inc,2619 Western Blvd,Raleigh,NC,27606,Y,,,,COM
55879,Odyssey Operating Services,13860 Ballantyne Corporate Pla,Charlotte,NC,28277,Y,Y,,,Q
55880,Telocaset Wind Power Partners,PO Box 424,Union,OR,97883,Y,,,,Q
55886,Smoky Hills Wind Farm I LLC,"100 Brickstone Square, Suite 3",Andover,MA,01810,Y,,,,Q
55890,Bennett Creek Windfarm LLC,"1310 Point Street, 8th Floor",Baltimore,MD,21231,Y,,,,Q
55891,"Hot Springs Windfarm, LLC","1310 Point Street, 8th Floor",Baltimore,MD,21231,Y,,,,Q
55893,St Paul Cogeneration LLC,305 Saint Peter Street,Saint Paul,MN,55102,Y,,,,Q
55899,"Thad Hill Energy Center, LLC",557 Bosque County Road 3610,Clifton,TX,76634,Y,,,,Q
55901,Osceola Windpower LLC,700 Universe Blvd,Juno Beach,FL,33408,Y,Y,,,Q
55903,Domtar Paper Company LLC,P.O. Box 747Highway 149 North,Plymouth,NC,27962,Y,,,,IND
55906,NextEra Energy Point Beach LLC,6610 Nuclear Road,Two Rivers,WI,54241,Y,,,,Q
55907,White Creek Wind 1 LLC,"506 Second Ave, Suite 1400",Seattle,WA,98104,Y,,,,Q
55910,Lanai Sustainability Research LLC,PO Box 630310,Lanai City,HI,96763,Y,,,,Q
55912,Cottage Grove Operating Services LLC,9525 105th Street Court South,Cottage Grove,MN,55016,,Y,,,Q
55917,National Institutes of Health,"9000 Rockville Pike, Building",Bethesda,MD,20892,Y,Y,,,F
55918,Acciona Wind Energy USA LLC,55 East Monroe Street,Chicago,IL,60603,Y,Y,Y,,Q
55919,Georgia-Pacific Consumer Oper. Green Bay LLC,P O Box 191301919 South Broadw,Green Bay,WI,54307,Y,,,,IND
55920,Bio-Gas Technologies LTD,3224 Angels Way,Sandusky,OH,44870,,Y,,,Q
55922,Whirlwind Energy LLC,5901 COLLEGE BLVD STE 400,Overland Park,KS,66211,,Y,,,Q
55924,"Longview Power, LLC",1375 Fort Martin Road,Maidsville,WV,26541,,Y,,,Q
55925,Novo Biopower LLC,P.O. Box 2649,Snowflake,AZ,85937,Y,Y,,,Q
55931,Orion Energy Group LLC,155 Grand Ave,Oakland,CA,94612,Y,,Y,,COM
55932,Georgia-Pacific Brewton LLC,32224 Hwy 31,Brewton,AL,36427,Y,,,,IND
55934,City of Stockton MUD,2500 Navy Drive,Stockton,CA,95206,Y,,,,M
55937,Entergy Texas Inc.,2107 Research Forest Drive,The Woodlands,TX,77380,Y,,,,I
55938,Industrial Power Generating Company LLC,2250 Dabney Road,Richmond,VA,23230,Y,,,,Q
55939,Columbia Basin Hydropower,107 D Street NW,Ephrata,WA,98823,,Y,Y,,M
55941,Northbrook Lyons Falls LLC,3285 Bedford Road,Montreal,QB,H3S,Y,,,,Q
55951,Constellation Nuclear,4300 Winfield Road,Warrenville,IL,60555,Y,Y,,,Q
55952,Merced Power LLC,"8W. 40th Street, Fourth Floor",New York,NY,10018,Y,,,,Q
55953,Ampersand Chowchilla Biomass LLC,"8W. 40th Street, Fourth Floor",New York,NY,10036,Y,,,,Q
55958,Capricorn Ridge Wind LLC,700 Universe Blvd.,Juno Beach,FL,33408,Y,Y,,,Q
55960,Mesquite Lake Energy Park,3559 Highway 111,Imperial,CA,92251,Y,,,,Q
55961,CalRenew-1 LLC,"4309 Hacienda Drive, Suite 530",Pleasanton,CA,94588,Y,Y,Y,,Q
55963,AE Power Services LLC,201 Helios Way,Houston,TX,77079,Y,Y,,,Q
55968,Evergreen BioPower LLC,PO Box 276,Lyons,OR,97358,Y,,,,Q
55972,Valencia Power LLC,55 Christine Drive,Belen,NM,87002,Y,,,,Q
55981,Elbow Creek Wind Project LLC,7777 Fay Ave Suite 200,La Jolla,CA,92037,Y,,,,Q
55983,Luminant Generation Company LLC,6555 Sierra Drive,Irving,TX,75039,Y,Y,,,Q
55985,Tesoro Refining and Marketing Company,2101 E. Pacific Coast Highway,Wilmington,CA,90744,Y,,,,IND
55987,CER Generation LLC,"1310 Point Street, 8th Floor",Baltimore,MD,21231,Y,,,,Q
55988,Virginia Polytechnic Inst and State Unv,Virginia Tech Power PlantBarge,Blacksburg,VA,24061,Y,,,,S
55990,"Cloud County Windfarm, LLC",1409 Iron Road,Concordia,KS,66901,Y,,,,Q
55992,"Pioneer Prairie Wind Farm I, LLC",134 N Industrial St134 N Indus,LeRoy,MN,55951,Y,,,,Q
55993,"Kleen Energy Systems, LLC",1349 River Road,Middletown,CT,06457,,Y,,,Q
55994,University of Arizona - Biosphere 2,P.O. Box 8746,Tucson,AZ,85738,Y,,,,S
55997,Domtar Paper Company Rothschild,200 North Grand Ave,Rothschild,WI,54474,,Y,,,IND
56019,"Panoche Energy Center, LLC",63 Kendrick Street,Needham,MA,02494,Y,,,,Q
56020,NRG Cedar Bayou Development Company LLC,910 Louisiana,Houston,TX,77002,Y,,,,Q
56023,Arizona Solar One LLC,57750 S Painted Rock Dam Rd,Gila Bend,AZ,85337,Y,,,,Q
56026,MMA DAS Power,8500 Pena Blvd,Denver,CO,80249,Y,,,,Q
56027,MMA LA Power LP,44 Montgomery St Suite 2400,San Francisco,CA,94104,Y,,,,Q
56028,MMA Fresno Power LP,5241 North Maple Ave,Fresno,CA,93740,Y,,,,Q
56031,CPV Maryland LLC,"8403 Colesville Rd.,Suite 915",Silver Spring,MD,20910,,Y,,,Q
56033,Hackberry Wind LLC,1000 SW Broadway Suite 1880,Portland,OR,97209,Y,Y,Y,,Q
56067,"Plainfield Renewable Energy, LLC",12 Mill Brook Road,Plainfield,CT,06374,Y,Y,,,Q
56069,"SunCoke Energy, Inc.",11400 Parkside Drive,Knoxville,TN,37934,Y,,,,COM
56071,"Sagebrush Power Partners, LLC",P.O. Box 3827,Houston,TX,77253,Y,,,,Q
56072,"Marble River, LLC",P.O. Box 3827,Houston,TX,77253,Y,Y,Y,,Q
56073,Wheat Field Wind Power Project LLC,P.O. Box 3827,Houston,TX,77253,Y,,,,Q
56074,Arlington Wind Power Project LLC,P.O. Box 3827,Houston,TX,77253,Y,,,,Q
56075,Rail Splitter Wind Farm LLC,P.O. Box 3827,Houston,TX,77253,Y,Y,Y,,Q
56076,State Farm Insurance,3 State Farm Plaza South,Bloomington,IL,61791,Y,Y,,,COM
56081,Southeastern Chester County Refuse Auth,219  street Road,West Grove,PA,19390,Y,,,,M
56090,Griffith Energy LLC,PO box 3519,Kingman,AZ,86402,Y,Y,,,Q
56097,Atalco Gramercy LLC,1111 Airline Hwy 61,Gramercy,LA,70052,Y,,,,IND
56100,AMERESCO Stafford LLC,111 Speen St.Suite 410,Framingham,MA,01701,Y,,,,Q
56101,AMERESCO Ox Mountain Energy LLC,111 Speen St.Suite 410,Framingham,MA,01717,Y,,,,Q
56102,AMERESCO Jefferson City LLC,111 Speen St.Suite 410,Framingham,MA,01701,Y,,,,Q
56103,AMERESCO Keller Canyon LLC,111 Speen St.Suite 410,Framingham,MA,01701,Y,,,,Q
56104,AMERESCO Chiquita Canyon LLC,111 Speen St.Suite 410,Framingham,MA,01701,Y,,,,Q
56105,MMA WBF Power LP,"100 Park Avenue, 24th Floor",New York,NY,10017,Y,,,,Q
56107,Highwoods Properties,3350 Riverwood Pkwy,Atlanta,GA,30339,Y,,,,COM
56119,FPL Energy Story Wind LLC,700 Universe Blvd.,Juno Beach,FL,33408,Y,Y,,,Q
56120,Blue Lake Power LLC,200 Taylor Way,Blue Lake,CA,95525,Y,Y,,,Q
56121,Osceola Windpower II,700 Universe Blvd,Juno Beach,FL,33408,Y,Y,,,Q
56122,FPL Energy Ashtabula Wind LLC,700 Universe Blvd,Juno Beach,FL,33408,Y,Y,,,Q
56123,FPL Energy Crystal Lake Wind LLC,700 Universe Blvd,Juno Beach,FL,33408,Y,Y,,,Q
56124,FPL Energy Crystal Lake Wind II LLC,700 Universe Blvd,Juno Beach,FL,33408,Y,Y,,,Q
56127,Orange Grove Energy LP,1900 E. Golf Rd. Suite 1030,Schaumburg,IL,60173,Y,,,,Q
56128,SAS Institute Inc,300 SAS Campus Drive,Cary,NC,27513,Y,,,,Q
56133,L'Anse Warden Electric Company LLC,"157 South Main Street, P.O. Bo",L'Anse,MI,49946,Y,Y,Y,,Q
56137,Domtar LLC,100 Center Street,Johnsonburg,PA,15845,Y,Y,,,IND
56142,"Alliance NYGT, LLC",110 E Seneca Street,Sherrill,NY,13461,Y,Y,,,Q
56143,Fairfield University,1073 North Benson Road,Fairfield,CT,06824,Y,Y,,,Q
56146,"Black Hills Colorado Electric, LLC",7001 Mt. Rushmore Road,Rapid City,SD,57702,Y,Y,,,I
56147,Cleveland-Cliffs Burns Harbor LLC,250 West US Hwy 12,Burns Harbor,IN,46304,Y,,,,IND
56152,New Smyrna Beach Utilities Commission,200 Canal StreetP O Box 100,New Smyrna Beach,FL,32170,Y,Y,,,M
56155,Lansing Board of Water and Light,1232 Haco Drive P O Box 13307,Lansing,MI,48901,Y,,,,M
56157,"Cassia Gulch Wind Park, LLC","1310 Point Street, 8th Floor",Baltimore,MD,21231,Y,,,,Q
56158,"Cassia Wind Farm, LLC","1310 Point Street, 8th Floor",Baltimore,MD,21231,Y,,,,Q
56159,"Threemile Canyon Wind I, LLC","1310 Point Street, 8th Floor",Baltimore,MD,21231,Y,,,,Q
56164,International Paper - Valliant,890 IP Lane,Valliant,OK,74764,Y,,,,IND
56165,Cleveland Cliffs,3001 Dickey Rd,East Chicago,IN,46312,Y,Y,,,IND
56167,"Imperial Valley Solar, LLC","4301 North Fairfax Drive, Suit",Arlington,VA,22203,Y,,,,Q
56174,Finch Paper LLC,1 Glen Street,Glens Falls,NY,12801,Y,,,,IND
56183,SunE NC Progress 1 LLC,"100 Park Avenue, 24th Floor",New York,NY,10017,Y,,,,Q
56187,Billerud Quinnesec Mill,US Highway 2,Norway,MI,49870,Y,,,,IND
56189,American Profol Incorporated,4333 C Street SW,Cedar Rapids,IA,52404,,Y,,,IND
56195,BP Alternative Energy,2155 Standard Ave,Whiting,IN,46394,Y,,,,COM
56201,Engie North America,1360 Post Oak Blvd,Houston,TX,77056,Y,Y,Y,,Q
56203,Solar Star NAFB LLC,44 Montgomery Street Suite 240,San Francisco,CA,94104,Y,,,,COM
56204,"CPV Valley, LLC","633 West Fifth Street, Suite 1",Los Angeles,CA,90071,,Y,,,Q
56205,Philadelphia Water Department,1101 Market St,Philadelphia,PA,19107,,Y,,,M
56213,IPA Operations Inc - Calumet,1990 Post Oak Blvd.,Houston,TX,77056,Y,,,,Q
56214,Hazleton Generation LLC,120 Maplewood Drive,Hazle Township,PA,18202,,Y,,,Q
56215,"Big Sky Wind, LLC","701 Brazos Street, Suite 1400",Austin,TX,78701,Y,Y,Y,,Q
56216,Multitrade Rabun Gap LLC,1585 Yorkhouse Road,Rabun Gap,GA,30568,Y,,,,Q
56222,Bull Creek Wind LLC,"9255 Towne Centre Dr, Suite 80",San Diego,CA,92121,Y,,,,Q
56225,Clearwater Paper Corporation,P O Box 1126803 Mill Road,Lewiston,ID,83501,Y,,,,IND
56236,West Deptford Energy LLC,"One Tower Center, 21th floorC/",East Brunswick,NJ,08816,Y,,,,Q
56246,"Greensburg Wind Farm, LLC","1310 Point Street, 8th Floor",Baltimore,MD,21231,Y,,,,Q
56249,NGP Blue Mountain I LLC,15250 Blue Mountain Road,Winnemucca,NV,89445,,Y,,,Q
56261,Iredell Transmission LLC,"1 Energy Plaza, 400 WCB",Detroit,MI,48226,Y,,,,I
56267,Bayonne Energy Center LLC,401 Hook Road,Bayonne,NJ,07002,Y,,,,Q
56284,MF Mesa Lane LLC,1500 Walnut St.Suite 1500,Philadelphia,PA,19103,Y,Y,Y,,Q
56285,Smoky Hills Wind Project II LLC,"100 Brickstone Square, Suite 3",Andover,MA,01810,Y,,,,Q
56289,International Paper Corporation - Springfield,801 42nd St,Springfield,OR,97478,Y,,,,IND
56291,International Paper Co.,6400 Poplar Ave,Memphis,TN,38197,Y,,,,IND
56294,SunE WG113 Moreno Valley LLC,"100 Park Avenue, 24th Floor",New York,NY,10017,Y,,,,Q
56296,SunE WG45 Woodland LLC,"100 Park Avenue, 24th Floor",New York,NY,10017,Y,,,,Q
56297,SunE CPA CDC2 LLC,19005 Wileys Well Road,Blythe,CA,92225,Y,,,,Q
56302,SunE CPA CDC1 LLC,19025 Wileys Well Road,Blythe,CA,92225,Y,,,,Q
56304,Air Products LLC,1940 Air Products blvd,Allentown,PA,18106,Y,,,,IND
56310,Boise White Paper LLC,4585 Industrial Road,Jackson,AL,36545,Y,Y,,,IND
56316,Reworld Tulsa LLC,2122 S. Yukon Ave,Tulsa,OK,74107,Y,,,,COM
56352,GenConn Devon LLC,"157 Church Street, PO Box 1564",New Haven,CT,06506,,Y,,,Q
56353,Twin Cities Hydro LLC,399 Big Bay Road,Queensbury,NY,12804,Y,,,,Q
56354,GenConn Middletown LLC,157 Church Street,New Haven,CT,06510,,Y,,,Q
56364,United States Steel Granite City Works,600 Grant Steel Room 1569,Pittsburgh,PA,15219,Y,,,,IND
56365,NaturEner Glacier Wind Energy 1 LLC,"4750 East Park Drive, Third Fl",Palm Beach Gardens,FL,33410,Y,,,,Q
56366,NaturEner Glacier Wind Energy 2 LLC,"4750 East Park Drive, Third Fl",Palm Beach Gardens,FL,33410,Y,,,,Q
56369,Truckee Meadows Water Authority,P O Box 30013,Reno,NV,89520,Y,,,,M
56380,EIF Channelview Cogeneration LLC,8580 Sheldon Road,Houston,TX,77049,,Y,,,Q
56381,Ormat Cove Fort LLC,6884 Sierra Center Pkwy,Reno,NV,89511,Y,,,,Q
56386,Essential Power Operating Services LLC,13860 Ballantyne Corporate Pla,Charlotte,NC,28277,Y,Y,,,Q
56389,Doyon Utilities - Ft. Wainwright,3595 Oak Ave,Ft.Wainwright,AK,99703,Y,Y,,,I
56392,Chalmette Refining LLC,500 West St. Bernard Highway,Chalmette,LA,70043,Y,,,,COM
56394,Chevron USA,3131 Sunburst Drive,Evansville,WY,82636,Y,Y,,,IND
56395,J&A-Whittier LLC,248 Hill Place,Costa Mesa,CA,92627,Y,,,,Q
56396,J&A-Santa Maria LLC,248 Hill Place,Costa Mesa,CA,92627,Y,,,,Q
56397,J&A-Santa Maria II LLC,248 Hill Place,Costa Mesa,CA,92627,Y,,,,Q
56404,National Grid,300 Erie Blvd W,Syracuse,NY,13202,Y,Y,Y,,I
56406,Newark America,100 Newark Way,Fitchburg,MA,01420,Y,,,,IND
56408,"UGI Energy Services, LLC",835 Knitting Mills Way,Wyomissing,PA,19610,Y,,,,Q
56409,Milford Wind Corridor Stage II LLC,"125 High Street, 17th Floor Hi",Boston,MA,02210,Y,,,,Q
56410,Mesalands Community College,911 South Tenth Street,Tucumcari,NM,88401,Y,,,,S
56412,Armstrong Power LLC,2313 State Route156,Shelocta,PA,15774,Y,Y,,,Q
56413,Koda Energy LLC,975 West Third Ave.,Shakopee,MN,55379,Y,,,,Q
56414,Ashtabula Wind II LLC,700 Universe Blvd.,Juno Beach,FL,33408,Y,Y,,,Q
56415,Wilton Wind II LLC,700 Universe Blvd.,Juno Beach,FL,33408,Y,Y,,,Q
56416,Blue Canyon Windpower V LLC,P.O. Box 3827,Houston,TX,77253,Y,,,,Q
56417,Meadow Lake Wind Farm LLC,P.O. Box 3827,Houston,TX,77253,Y,Y,Y,,Q
56418,Blackstone Wind Farm LLC,P.O. Box 3827,Houston,TX,77253,Y,Y,Y,,Q
56419,Lost Lakes Wind Farm LLC,P.O. Box 3827,Houston,TX,77253,Y,,,,Q
56420,Meadow Lake Wind Farm II LLC,P.O. Box 3827,Houston,TX,77253,Y,Y,Y,,Q
56421,Blackstone Wind Farm II LLC,P.O. Box 3827,Houston,TX,77253,Y,Y,Y,,Q
56423,Meadow Lake Wind Farm III LLC,P.O. Box 3827,Houston,TX,77253,Y,Y,Y,,Q
56424,Quilt Block Wind Farm LLC,P.O. Box 3827,Houston,TX,77253,Y,Y,,,Q
56427,University of California Irvine,201A Interim Office Building,Irvine,CA,92697,Y,,,,S
56431,SunE U6 Holdings LLC,12500 Baltimore Ave.,Beltsville,MD,20705,Y,Y,Y,,Q
56434,SunE M5 Holdings LLC,I-80 and Hale Rd.,Fairfield,CA,94534,Y,,,,Q
56439,CPV Beaver Ridge Wind LLC,"8403 Colesville Road, Suite 91",Silver Spring,MD,20910,,Y,,,Q
56440,G2 Energy LLC,PO Box 7827,Boise,ID,83707,Y,Y,,,Q
56467,Ampersand Gilman Hydro LP,35 Riverside Ave.,Gilman,VT,05904,,,,Y,Q
56475,"Tuana Springs Energy, LLC","1310 Point Street, 8th Floor",Baltimore,MD,21231,Y,,,,Q
56476,Ameresco,1820 Midpark RoadSuite C,Knoxville,TN,37921,,Y,,,F
56477,Tallassee Shoals LLC,2399 Tallassee Road,Athens,GA,30807,Y,Y,,,Q
56478,University of Michigan NCampus Research,2800 Plymouth Road,Ann Arbor,MI,48109,,,Y,,COM
56480,Empire Generating Co LLC,75 Riverside Avenue PO Box 350,Rensselaer,NY,12144,,Y,,,Q
56483,Eurus Combine Hills II LLC,"9255 Towne Centre Dr, Suite 80",San Diego,CA,92121,Y,,,,Q
56484,Butler Ridge Wind Energy Center,700 Universe Blvd.,Juno Beach,FL,33408,Y,Y,,,Q
56488,Ascend Performance Materials,600 Travis StreetSuite 300,Houston,TX,77002,Y,,,,IND
56491,Tilton Energy LLC,80 West First Street,Tilton,IL,61833,,Y,,,Q
56493,RV CSU Power LLC,"3840 LaPorte Ave., Suite 2200",Fort Collins,CO,80521,Y,,,,Q
56497,Big Valley Power (BVP) LLC,PO Box 362,Bieber,CA,96009,Y,,,,COM
56499,Harvest Wind Project TIC,"506 Second Ave, Suite 1400",Seattle,WA,98104,Y,,,,Q
56505,National Grid Generation LLC,175 East Old Country Rd.,Hicksville,NY,11801,Y,,,,I
56506,Langford Wind Power LLC,9636 Duff Road,Christoval,TX,76935,,Y,,,Q
56514,Windy Flats Partners LLC,24 Stringstreet Rd,Centerville,WA,98613,Y,,,,Q
56516,"Morris Energy Operations Company, LLC",1780 Hughes Landing,The Woodland,TX,77380,,Y,,,Q
56518,First State Marine Wind,700 Pilottown Road700 Pilotown,Lewes,DE,19958,Y,Y,,,COM
56520,Meadow Lake Wind Farm IV LLC,P.O. Box 3827,Houston,TX,77253,Y,Y,Y,,Q
56523,Colorado Highlands Wind LLC,"2305 E Arapahoe Road, Suite 20",Centennial,CO,80122,Y,,,,Q
56527,ENGIE Denver Metro LLC,1990 Post Oak Blvd Suite 400,Houston,TX,77056,,Y,,,Q
56531,EIF Haypress LLC,711 East Turtle Point Drive,Ivins,UT,84738,Y,,,,Q
56533,Troy Energy LLC,22379 Pemberville Road,Luckey,OH,43443,Y,Y,,,Q
56534,Cricket Valley Energy Center LLC,31 Milk St.Suite 1001,Boston,MA,02109,,,Y,,Q
56537,Evonik Degussa Corporation,1650 Lilly Road,Lafayette,IN,47909,Y,,,,IND
56545,Pattern Operators LP,1088 Sansome Street,San Francisco,CA,94111,Y,,,,Q
56555,FPL Energy Montezuma Wind,700 Universe Blvd.,Juno Beach,FL,33408,Y,Y,,,Q
56558,Rolling Hills Generating LLC,43111 State Route 160,Wilkesville,OH,45695,,Y,,,Q
56561,Day County Wind LLC,700 Universe Blvd.,Juno Beach,FL,33408,Y,Y,,,Q
56570,Coleto Creek Power LP,P.O. Box 845 FM 2987,Fannin,TX,77960,Y,,,,I
56582,Jacksonville Solar LLC,"1700 Broadway, 35th Floor",New York,NY,10019,Y,,,,Q
56583,Wyandot Solar LLC,"1700 Broadway, 35th Floor",New York,NY,10019,Y,,,,Q
56584,PSEG Solar Hackettstown LLC,"1700 Broadway, 35th Floor",New York,NY,10019,Y,,,,Q
56590,Silverstreet Hydro,15 East Silver St.,Westfield,MA,01085,Y,,,,Q
56592,Idaho Wind Partners 1 LLC,"125 High Street, 17th Floor Hi",Boston,MA,02210,Y,,,,Q
56597,Hydro Kennebec LLC,150 Main Street,Lewiston,ME,02420,Y,,,,Q
56598,"Major Oak Power, LLC",13065 Plant Road,Bremond,TX,76629,,Y,,,Q
56600,Ascend Performance Materials LLC,3000 Old Chemstrand Rd,Cantonment,FL,32533,Y,,,,IND
56601,Reworld MacArthur Renewable Energy,4001 Veterans Memorial Hwy,Ronkonkoma,NY,11779,,Y,,,M
56603,Roth Rock Wind Farm LLC,"5620 Woodway Dr, Suite 9004",Houston,TX,77056,Y,,,,Q
56605,Delaware City Refining Company LLC,4550 Wrangle Hill Road,Delaware City,DE,19703,Y,,,,IND
56606,Calpine New Jersey Generation LLC,717 Texas Ave.,Houston,TX,77002,Y,,,,Q
56607,Calpine Bethlehem LLC,717 Texas Ave.,Houston,TX,77002,Y,,,,Q
56608,Calpine Mid-Merit LLC,717 Texas Ave.,Houston,TX,77002,Y,,,,Q
56609,Calpine Mid-Atlantic Generation LLC,717 Texas Ave.,Houston,TX,77002,Y,,,,Q
56610,Calpine Vineland Solar LLC,717 Texas Ave.,Houston,TX,77002,Y,,,,Q
56613,Frederickson Power LP,18610-50th Avenue East,Tacoma,WA,98446,Y,Y,,,Q
56616,Clevelandcliffs Warren,2234 Main Ave SW,Warren,OH,44481,Y,Y,,,IND
56617,Iowa Lakes Community College,19 S. 7th Street,Estherville,IA,51334,Y,,,,COM
56618,Victor Valley Community College District,18422 Bear Valley Road,Victorville,CA,92395,Y,,,,S
56619,Air Force Civil Engineer Center,322 East Inner Road,Otis ANG Base,MA,02542,Y,,,,F
56621,Yakama Power,P O Box 1279,Toppenish,WA,98948,Y,,,,C
56622,Shaw Creek Solar,700 Universe Blvd,Juno Beach,FL,33408,Y,Y,,,Q
56625,Flat Water Wind Farm LLC,5120 Woodway Dr Suite 9004,Houston,TX,77056,Y,,,,Q
56627,DeWind Co.,15150 County Rd. 2,Gruver,TX,79040,Y,,,,Q
56635,Marsh Landing LLC,3201-C Wilbur Ave.,Antioch,CA,94509,,Y,Y,,Q
56641,Tonopah Solar Energy LLC,11 Gabbs Pole Line Road,Tonopah,NV,89049,Y,,,,Q
56642,"Grant County Wind, LLC","1350 Lagoon Ave, Suite 840",Minneapolis,MN,55408,Y,Y,Y,,Q
56645,Aqua America Inc,762 Lancaster Ave,Bryn Mawr,PA,19010,Y,,,,Q
56646,Reworld Waste LLC,1155 Conshohocken Road,Conshohocken,PA,19428,Y,,,,Q
56652,DTE Stockton LLC,"One Energy Plaza, 400 WCB",Detroit,MI,48226,Y,,,,Q
56653,Northern Colorado Wind LLC,700 Universe Blvd.,Juno Beach,FL,33408,Y,Y,,,Q
56654,Carleton College,One North College Street,Northfield,MN,55057,Y,,,,Q
56657,Ormat Salt Wells LLC,6884 Sierra Center Pkwy,Reno,NV,89511,Y,,,,Q
56660,Mojave Solar LLC,42134 Harper Lake Rd,Hinkley,CA,92347,Y,,,,Q
56661,Criterion Power Partners LLC,"1310 Point Street, 8th Floor",Baltimore,MD,21231,Y,,,,Q
56662,Cedar Point LLC,"1100 Louisiana, Suite 3300",Houston,TX,77002,Y,,,,Q
56667,Loraine Windpower Project,4750 E Park Drive,Palm Beach Gardens,FL,33410,Y,,,,Q
56672,Targa Co-Generation LLC,811 Louisiana St. Ste 2100,Houston,TX,77002,Y,,,,IND
56678,FPL Energy Illinois Wind LLC,700 Universe Blvd,Juno Beach,FL,33408,Y,Y,,,Q
56680,Diamond Shamrock Refining Company LP,6701 FM 119,Sunray,TX,79086,Y,,,,IND
56681,Kent County Levy Court Dept of Pub Work,Administrative Complex555 Bay,Dover,DE,19901,Y,,,,M
56683,Elk City LLC,700 Universe Blvd,Juno Beach,FL,33408,Y,Y,,,Q
56684,White Oak Energy LLC,700 Universe Blvd,Juno Beach,FL,33408,Y,Y,,,Q
56687,CityCenter Land LLC,4882 Frank Sinatra Drive,Las Vegas,NV,89109,,Y,,,COM
56688,Baldwin Wind LLC,700 Universe Blvd,Juno Beach,FL,33408,Y,Y,,,Q
56689,RENEW Energy Inc,2520 East River Ridge Pl.,Sioux Falls,SD,57103,,,Y,,COM
56691,Garrison Energy Center LLC,591 West Putnam Ave.,Greenwich,CT,06830,Y,,,,Q
56693,Fox Island Wind LLC,P.O Box 527,Vinalhaven,ME,04526,Y,,,,C
56694,Thermo No 1 BE 01 LLC,7966 West Southside Rd,Milford,UT,84751,Y,,,,Q
56696,Solar of Alamosa LLC,"1674 Meridian Ave, Ste. 420",Miami Beach,FL,33139,,Y,,,Q
56698,Red Mesa Wind LLC,700 Universe Blvd.,Juno Beach,FL,33408,Y,Y,,,Q
56699,CPV Keenan II Renewable Energy Co LLC,8403 Colesville RoadSuite 915,Silver Spring,MD,20910,,Y,,,Q
56700,Avenal Solar Holdings LLC,"9255 Towne Centre Dr, Suite 80",San Diego,CA,92121,Y,,,,Q
56701,The Hankin Group,707 Eagleview Boulevard,Exton,PA,19341,Y,,,,Q
56702,510 REPP One LLC,964 Lebanon Church Road,Garysburg,NC,27831,Y,,,,COM
56705,Pocono International Raceway Inc,1207 Long Pond Road,Long Pond,PA,18334,Y,,,,COM
56706,Chevron Technology Ventures,3901 Briarpark,Houston,TX,77042,Y,,,,Q
56707,Yuma County Water User's Association,3900 W. County 15th Street,Somerton,AZ,85350,Y,,,,Q
56715,Ridgewind Power Partners LLC,618 2nd Ave SE,Minneapolis,MN,55414,Y,Y,,,Q
56718,DF-AP #1 LLC,P.O. Box 27086920 Salashan Pkw,Ferndale,WA,98248,Y,,Y,,Q
56720,Greater Sandhill I LLC,10 Park Avenue,Morristown,NJ,07962,Y,Y,Y,,Q
56722,AV Solar Ranch 1 LLC,"1310 Point Street, 8th Floor",Baltimore,MD,21231,Y,,,,Q
56723,Genesis Solar LLC,700 Universe Blvd.,Juno Beach,FL,33408,Y,Y,,,Q
56728,Dow Jones & Co,4300 US Route 1,Monmouth Junction,NJ,08852,Y,,,,COM
56732,Haleon PLC,184 Liberty Corner Road,Warren,NJ,07059,Y,,,,Q
56741,Knouse Food Cooperative Inc,800 Peach Glen Idaville Road,Peach Glen,PA,17375,Y,,,,IND
56742,Notus Clean Energy LLC,82 Technology Park Drive,E. Falmouth,MA,02536,Y,,,,Q
56751,Yolo County of,625 Court Street Room 202,Woodland,CA,95695,Y,,,,M
56760,Davidson Gas Producers LLC,"1 Energy Plaza, 400 WCB",Detroit,MI,48226,Y,,,,I
56764,USG Nevada LLC,390 E. Parkcenter Blvd. Suite,Boise,ID,83706,Y,,,,Q
56765,CER Colorado Bend Energy Partners LP,3821 S SH 60,Wharton,TX,77488,Y,,,,Q
56766,"Quail Run Energy Partners, LP",2950 East Interstate 20,Odessa,TX,79766,,Y,,,Q
56769,Consolidated Edison Development Inc.,100 Summit Lake Drive,Valhalla,NY,10595,Y,,,,Q
56771,Black Hills Service Company LLC,7001 Mt. Rushmore Road,Rapid City,SD,57702,,Y,,,Q
56772,"TX LFG Energy, LP",5313 Campbells Run Road,Pittsburgh,PA,15205,Y,,,,Q
56773,"Toyon Landfill Gas Conversion, LLC",5050 Mount Hollywood Drive,Los Angeles,CA,90027,Y,Y,Y,,Q
56776,Seneca Sustainable Energy LLC,P O Box 851,Eugene,OR,97440,Y,,,,IND
56777,Avidan Energy Solutions,"633 Division Street, Suite 2",Elizabeth,NJ,07201,Y,,,,COM
56778,Bloom Energy 2009 PPA,4353 N 1st. Street,San Jose,CA,95134,Y,,,,Q
56780,Enfinity BNB Napoleon Solar LLC,5901-E Peachtree Dunwoody Rd N,Atlanta,GA,30328,Y,,,,Q
56783,Romark Logistics of PA Inc.,546 Can-Do Highway,Hazle Township,PA,18202,Y,,,,COM
56786,Crystal Lake 3 LLC,700 Universe Blvd,Juno Beach,FL,33408,Y,Y,,,Q
56787,Garden Wind LLC,700 Universe Blvd,Juno Beach,FL,33408,Y,Y,,,Q
56788,Domtar Paper Company Bennettsville,"585 Willamette Road, P O Box 6",Bennetsville,SC,29512,Y,,,,Q
56789,TBE Montgomery LLC,336 Neelytown Road,Montgomery,NY,12549,Y,,,,Q
56790,Ralls Wind Farm LLC,318 Cooper Circle,Peachtree City,GA,30269,Y,,,,Q
56791,Hudson Ranch Power I LLC,"409 W McDonald Rd.,",Calipatria,CA,92233,Y,,,,Q
56794,CE Obsidian Energy LLC,7030 Gentry Road,Calipatria,CA,92233,,Y,,,Q
56795,Chittenden County Solar Partners LLC,94 Harvest Ln,Williston,VT,05495,Y,,,,Q
56800,Brewster,2077 170th Avenue,Ruthton,MN,56170,Y,,,,Q
56802,Echo 1,"1310 Point Street, 8th Floor",Baltimore,MD,21231,Y,,,,Q
56803,Echo 2,"1310 Point Street, 8th Floor",Baltimore,MD,21231,Y,,,,Q
56812,Arlington Valley LLC,39027 W Elliot Rd.,Arlington,AZ,85322,Y,,,,Q
56813,Allegheny Hydro LP,P. O. Box 5002,New Milford,CT,06776,Y,,,,Q
56815,NorthWestern Energy (MT wind/thermal),40 E Broadway,Butte,MT,59701,Y,,,,I
56816,Masser Farms Realty Ltd,2 Fearnot Road,Sacramento,PA,17968,Y,,,,Q
56819,CSOLAR IV South LLC,14302 FNB Parkway,Omaha,NE,68154,Y,,,,Q
56826,Texas Medical Center Central,1615 Braeswood,Houston,TX,77030,Y,,,,C
56828,RV CSU Power II LLC,3841 LaPorte Ave,Fort Collins,CO,80521,Y,,,,Q
56830,Carson Solar 1 LLC,1585 Broadway,New York,NY,10036,,Y,Y,,Q
56835,CSUCI Site Authority,One University Drive,Camarillo,CA,93012,,Y,Y,,S
56837,KEI (Maine) Power Management (II) LLC,"3285, chemin Bedford",Montreal,QB,H3S,Y,,,,Q
56838,KEI (Maine) Power Management (III) LLC,"37 Alfred A. Plourde Parkway,",Lewiston,ME,04240,Y,,,,Q
56839,KEI (Maine) Power Management (IV) LLC,"3285, chemin Bedford",Montreal,QB,H3S,Y,,,,Q
56840,Emporia Hydro Power LP,"3285, chemin Bedford",Montreal,QB,H3S,Y,,,,Q
56842,Union Falls Hydro Power LP,"3285, chemin Bedford",Montreal,QB,H3S,Y,,,,Q
56843,Banister Hydro LP,"3285, chemin Bedford",Montreal,QB,H3S,Y,,,,Q
56844,Blackstone Hydro Inc.,"3285, chemin Bedford",Montreal,QB,H3S,Y,,,,Q
56854,Messalonskee Stream Hydro LLC,28 Cascade Mill Rd.,Oakland,ME,04963,Y,,,,Q
56857,SunE M5C Holdings LLC,"100 Park Avenue, 24th Floor",New York,NY,10017,Y,,,,Q
56863,Kapaa Solar LLC,3144 Elua Street,Lihue,HI,96766,Y,,,,Q
56865,Caithness Shepherds Flat LLC,565 Fifth Avenue,New York,NY,10017,Y,,Y,,Q
56866,HL Power Company,732-025 Wendel Road,Wendel,CA,96136,Y,,,,Q
56868,Kawailoa Wind LLC,"575 Fifth Ave., 35th Fl.",New York,NY,10017,Y,,Y,,Q
56874,Winona County Wind LLC,401 8th St SW,Waukon,IA,52172,Y,,,,Q
56880,Shoshone Irrigation District,337 East First,Powell,WY,82435,Y,,,,P
56887,Sentinel Energy Center LLC,P.O Box 1328,Desert Hot Springs,CA,92240,,Y,,,Q
56889,Rhode Island LFG Genco,40 Shun Pike,Johnston,RI,02917,Y,,,,Q
56892,Solar Star Colorado II LLC,1414 Harbour Way South,Richmond,CA,94804,Y,,,,Q
56895,Pio Pico Energy Center LLC,7363 Calzada De La Fuente,San Diego,CA,92154,Y,Y,Y,,Q
56898,Sunnyvale City of WPCP,PO Box 3707 1444 Borregas Ave,Sunnyvale,CA,94088,Y,,,,M
56899,Wind Stream Operations LLC,785 Tucker Rd PMB 106,Techachapi,CA,93561,Y,,,,Q
56905,Algonquin Power Sanger LLC,2845 Bristol Circle,Oakville,ON,L6H 7,Y,,,,Q
56909,Record Hill Wind LLC,150 Orford Road,Lyme,NH,03768,Y,,,,Q
56912,Cooper Hatchery Inc.,6793 US Route 127 North,Van Wert,OH,45891,Y,,,,IND
56914,Central Contra Costa Sanitary District,5019 Imhoff Place,Martinez,CA,94553,Y,,,,M
56916,PaTu Wind Farm LLC,71190 N. Klondike Road,Wasco,OR,97065,Y,,,,Q
56917,Broadridge Customer Communications,5220 Robert J. Matthews Pkwy,El Dorado Hills,CA,95762,,Y,,,Q
56918,University of California San Diego,9500 Gilman Drive 0908U,La Jolla,CA,92093,Y,,,,S
56924,Long Island Solar Farm LLC,630 Solarex Court,Frederick,MD,21703,,Y,Y,,Q
56925,"FPLE Wind, LLC",700 Universe Blvd,Juno Beach,FL,33408,Y,Y,,,Q
56926,"Hatch Solar Energy Center I, LLC",700 Universe Blvd,Juno Beach,FL,33408,Y,Y,,,Q
56927,Wallingford Energy LLC,400 Chesterfield Center,St Louis,MO,63017,Y,,,,Q
56928,LSP University Park LLC,787 Industrial Drive,University Park,IL,60466,,Y,,,Q
56930,"Foundation HA Energy Generation, LLC","505 Sansome Street, Suite 450",San Francisco,CA,94111,Y,Y,,,Q
56934,City Of High Point,"PO Box 230, 211 South Hamilton",High Point,NC,27261,Y,,,,M
56936,Paulding Wind Farm II LLC,P.O. Box 3827,Houston,TX,77253,Y,,,,Q
56937,Rising Tree Wind Farm LLC,P.O. Box 3827,Houston,TX,77253,Y,Y,,,Q
56940,Lexington Chenoa Wind Farm LLC,P.O. Box 3827,Houston,TX,77253,Y,Y,,,Q
56941,Meadow Lake Wind Farm V LLC,P.O. Box 3827,Houston,TX,77253,Y,Y,Y,,Q
56945,Blue Canyon Windpower VI LLC,P.O. Box 3827,Houston,TX,77253,Y,,,,Q
56946,Hidalgo Wind Farm LLC,P.O. Box 3827,Houston,TX,77253,Y,,,,Q
56948,Waverly Wind Farm LLC,P.O. Box 3827,Houston,TX,77253,Y,,,,Q
56951,"Michigan Wind 2, LLC","1310 Point Street, 8th Floor",Baltimore,MD,21231,Y,,,,Q
56952,Lincoln Electric Company,22801 Saint Clair Avenue,Euclid,OH,44117,Y,,,,IND
56953,"Bos Dairy, LLC",10777 West 700 North,Fair Oaks,IN,47943,Y,Y,,,COM
56960,City of Gastonia,"1300 N Broad Street,  PO Box 1",Gastonia,NC,28054,Y,,,,M
56961,"Bulldog Wind Energy, LLC",2624 Pinewood Ave.,Greenfield,IA,50849,Y,,,,Q
56962,"Wolverine Wind Energy, LLC",2624 Pinewood Ave.,Greenfield,IA,50849,Y,,,,Q
56968,Oregon State University,130 Oak Creek,Corvallis,OR,97331,Y,Y,,,S
56974,"Denver Airport Solar, LLC",1310 Point St. 13th Floor,Baltimore,MD,21231,Y,,,,Q
56975,"Luminace Solar Maryland, LLC","200 Liberty Street, 14 Floor",New York,NY,10281,Y,,,,Q
56976,"Luminace Solar New Jersey II, LLC","200 Liberty Street, 14 Floor",New York,NY,10281,Y,,,,Q
56977,Henkel U.S. Operations Corporation,300 Forge Avenue,Geneva,NY,14456,Y,,,,IND
56980,"Regulus Solar, LLC",44 Montgomery Street,San Francisco,CA,94104,Y,,,,Q
56982,Kern Community College District,2100 Chester Ave.,Bakersfield,CA,93301,Y,,,,Q
56984,"Temescal Canyon RV, LLC",4010 W. Chandler Ave,Santa Ana,CA,92704,Y,,Y,,Q
56989,SAF Hydroelectric LLC,399 Big Bay Road,Queensbury,NY,12804,Y,,,,Q
56990,NJR Clean Energy Ventures Corporation,1415 Wyckoff Road,Wall,NJ,07719,Y,,,,Q
56991,Astoria Energy II LLC,17-10 Steinway Street,Astoria,NY,01105,,Y,,,Q
56992,Foxwoods Resort Casino,350 Trolley Line Boulevard,Mashantucket,CT,06338,,,Y,,COM
56994,Carlisle Area School District,623 West Penn Street,Carlisle,PA,17013,Y,,,,M
56995,"Sacramento PV Energy, LLC",1310 Point St. 13th Floor,Baltimore,MD,21231,Y,,,,Q
56996,"Republic Services Renewable Energy, LLC",5429 Harding Highway,Mays Landing,NJ,08330,Y,Y,,,Q
56997,Marina Energy LLC,1 South Jersey Plaza,Folsom,NJ,08037,Y,,,Y,Q
56998,"Macys Corporate Services, Inc",5985 State Bridge Road,Johns Creek,GA,30097,Y,,,,COM
56999,Western Massachusetts Electric Company,PO Box 2010,West Springfield,MA,01090,Y,,,,I
57005,"SunE NLB-2, LLC","100 Park Avenue, 24th Floor",New York,NY,10017,Y,,,,Q
57006,"SunE GIL1, LLC",12500 Baltimore Ave.,Baltimore,MD,21229,Y,Y,Y,,Q
57007,"SunE WF3-ST Holdings, LLC","100 Park Avenue, 24th Floor",New York,NY,10017,Y,,,,Q
57015,Third Taxing District of Norwalk,2 Second Street,Norwalk,CT,06855,,Y,,,M
57018,Turnbull Hydro LLC,711 East Turtle Point Drive,Ivins,UT,84738,Y,,,,Q
57021,FRV AE Solar LLC,44 Montgomery St,San Francisco,CA,94014,,Y,Y,,Q
57024,"Vasco Winds, LLC",700 Universe Blvd,Juno Beach,FL,33408,Y,Y,,,Q
57026,"NextEra Energy Montezuma Wind II, LLC",700 Universe Blvd,Juno Beach,FL,33408,Y,Y,,,Q
57027,"Signal Hill Petroleum, Inc",2633 Cherry Avenue,Signal Hill,CA,90755,Y,Y,,,IND
57029,Blue Water Renewables Inc,"1 Energy Plaza, 400 WCB",Detroit,MI,48226,Y,,,,I
57033,City of Palo Alto,250 Hamilton Ave,Palo Alto,CA,94301,Y,,,,M
57034,Watkins Manufacturing Corporation,"1280 Park Center Drive,",Vista,CA,92081,Y,,,,IND
57041,Idaho Winds LLC,5420 W. Wicher Road,Glenns Ferry,ID,83623,Y,Y,,,Q
57042,Gordon Butte Wind LLC,3424 Hwy 12 East,Helena,MT,59601,Y,Y,,,Q
57043,University Park Energy LLC,2635 Dralle Road,University Park,IL,60484,,Y,,,Q
57044,"Luminace Solar New Jersey, LLC","200 Liberty Street, 14 Floor",New York,NY,10281,Y,,,,Q
57045,Guadalupe Power Partners LP,5740 Weil Road,Marion,TX,78124,Y,,,,Q
57046,University of Minnesota Morris Campus,600 East 4th St,Morris,MN,56267,Y,,,,S
57049,NFI Solar LLC,2 Cooper Street,Camden,NJ,08102,Y,,,,Q
57050,TPW Petersburg LLC,108 W 8th Street,Petersburg,NE,68652,Y,,,,Q
57051,Frederick County Virginia,107 N Kent Street,Winchester,VA,22601,Y,,,,Q
57055,"SunE SPS1, LLC","125 High Street, 17th Floor Hi",Boston,MA,02210,Y,Y,Y,,Q
57056,"SunE SPS2, LLC","125 High Street, 17th Floor Hi",Boston,MA,02210,Y,Y,Y,,Q
57057,"SunE SPS3, LLC","125 High Street, 17th Floor Hi",Boston,MA,02210,Y,Y,Y,,Q
57058,"SunE SPS5, LLC","125 High Street, 17th Floor Hi",Boston,MA,02210,Y,Y,Y,,Q
57059,"SunE SPS4, LLC","125 High Street, 17th Floor Hi",Boston,MA,02210,Y,Y,Y,,Q
57065,Constellation Solar Horizons LLC,1310 Point St. 13th Floor,Baltimore,MD,21231,Y,,,,Q
57066,Coastal Community Action Program,117 East Third St,Aberdeen,WA,98520,Y,,,,Q
57068,Power County Wind Park South LLC,"575 Fifth Ave., 35th Fl.",New York,NY,10017,Y,,Y,,Q
57069,Power County Wind Park North LLC,"575 Fifth Ave., 35th Fl.",New York,NY,10017,Y,,Y,,Q
57075,Ridgeline Energy LLC,"125 High Street, 17th Floor Hi",Boston,MA,02210,,Y,,,Q
57077,Adams Electric Cooperative,700 East Wood Street,Camp Point,IL,62320,Y,,,,C
57078,Ecogy Pennsylvania Systems LLC,9 Binney Lane,Old Greenwich,CT,06870,Y,,,,Q
57079,Ameresco Butte County LLC,111 Speen St,Framingham,MA,01701,Y,,,,Q
57103,US GSA Heating and Transmission,325 13th Street SW,Washington,DC,20407,Y,,,,F
57104,Golden Springs Development Company LLC,13116 Imperial Hwy,Santa Fe Springs,CA,90670,,,Y,,Q
57106,"Peak Power 1, LLC",One Penn Plaza,New York,NY,10119,Y,,,,COM
57109,St Joseph Energy Center LLC,63 Kendrick Street Suite 101,Needham,MA,02494,,Y,Y,,Q
57120,OBP Cogen LLC,One Bryant Park,New York,NY,10036,Y,,,,COM
57122,Lime Wind LLC,37123 Hansen Lane,Baker City,OR,97814,Y,Y,,,Q
57123,Middlebury College Biomass,84 South Service Road,Middlebury,VT,05753,Y,,,,COM
57124,Nautilus Solar WPU LLC,396 Springfield Avenue,Summit,NJ,07901,Y,,,,Q
57127,GL Wind LLC,1900 South Ave,La Crosse,WI,54601,Y,,,,Q
57128,Bloom Energy,1299 Orleans Drive,Sunnyvale,CA,94089,,Y,,,COM
57130,Janssen Pharmaceutical Co,1125 Trenton-Harbourton Road,Titusville,NJ,08560,Y,,,,IND
57138,University of Minnesota WCROC,46352 State Highway 329,Morris,MN,56267,Y,,,,S
57139,W&T Offshore Inc,13700 Dauphin Island Parkway,Coden,AL,36523,,,Y,,IND
57141,Dynegy Kendall Energy LLC,1401 County Line Road,Minooka,IL,60447,Y,,,,Q
57142,Gundersen Lutheran Biogas I LLC,1900 South Avenue,La Crosse,WI,54601,Y,,,,Q
57145,Louisiana Sugar Refining LLC,1189 South Fifth Avenue,Gramercy,LA,70052,,,Y,,IND
57146,Tulsa LFG LLC,5313 Campbells Run Road,Pittsburgh,PA,15205,Y,,,,Q
57151,Celanese Acetate LLC,3520 Virginia Avenue,Narrows,VA,24124,Y,,,,IND
57154,Heliocentric LLC,1230 Montana Ave Ste 204,Santa Monica,CA,90403,Y,,,,Q
57158,"Ewington Energy Systems, LLC","1350 Lagoon Ave, Suite 840",Minneapolis,MN,55408,Y,,,,Q
57159,L-8 Solar Project LLC,1230 Montana Ave Ste 204,Santa Monica,CA,90403,Y,,,,Q
57160,The Dow Chemical Company,1007 Market Street,Wilmington,DE,19898,Y,Y,,,IND
57166,Woodbridge Energy Center,1070 Riverside Drive,Keasbey,NJ,08832,,Y,,,Q
57170,"EDF Renewable Asset Holdings, Inc.",15445 Innovation Drive,San Diego,CA,92128,Y,,,,Q
57177,"SIT Renewables, Inc.","20 Corporate Park, Suite 190",Irvine,CA,92606,,Y,,,COM
57184,"Ampersand Ogdensburg Hydro, LLC",717 Atlantic Avenue Suite 1A,Boston,MA,02111,Y,,,,Q
57189,Hidden Hollow Energy LLC,12415 Rosa Ridge Ln,Houston,TX,77041,Y,,,,Q
57191,Caney River Wind Project,"100 Brickstone Square, Suite 3",Andover,MA,01810,Y,,,,Q
57194,City of Industry,15625 Mayor Dave Way,City of Industry,CA,91744,Y,,,,M
57197,Santa Cruz Energy LLC,5087 Junction Rd,Lockport,NY,14094,Y,,,,Q
57202,E&E Enterprises LLC,1185 N Concord St,South St. Paul,MN,55075,Y,,,,Q
57210,L'Oreal USA Products Inc,7979 Vulcan Drive,Florence,KY,41042,Y,,,,COM
57213,Castle Rock Cooling,"Route 2, Box 299",Delano,CA,93215,Y,,,,COM
57215,Regents of the University of Minnesota,200 Oak St. SE,Minneapolis,MN,55455,Y,Y,,,S
57219,Siete Solar LLC,"1700 Broadway, 35th Floor",New York,NY,10019,Y,,,,Q
57221,City of Columbia SC,301 Gervais Street,Columbia,SC,29201,Y,,,,M
57222,Liberty Utilities (CalPeco Electric) LLC,933 Eloise Avenue,South Lake Tahoe,CA,96150,Y,Y,Y,,I
57223,Sycamore Energy LLC,5087 Junction Road,Lockport,NY,14094,Y,,,,Q
57224,MM West Covina Energy LLC,5087 Junction Road,Lockport,NY,14094,Y,,,,Q
57226,MM Taunton Energy LLC,5087 Junction Road,Lockport,NY,14094,Y,,,,Q
57227,MM San Diego Energy-Miramar,5087 Junction Road,Lockport,NY,14094,Y,,,,Q
57229,MM Albany Energy LLC,5087 Junction Road,Lockport,NY,14094,Y,,,,Q
57231,MM Tulare Energy LLC,32982 Road 80,Visalia,CA,93291,Y,,,,Q
57232,MM Lopez Energy LLC,"5087 Junction Road, Lockport",Lockport,NY,14094,Y,,,,Q
57249,"NextEra Renewable Fuels, LLC","1605 N. Cedar Crest Blvd., Sui",Allentown,PA,18104,Y,,,,Q
57256,"Harvest II Windfarm, LLC","1310 Point Street, 8th Floor",Baltimore,MD,21231,Y,,,,Q
57257,"Wildcat Wind, LLC","1310 Point Street, 8th Floor",Baltimore,MD,21231,Y,,,,Q
57258,Concord Energy LLC,5185 Morehead Road,Concord,NC,28027,Y,,,,Q
57259,Richmond Energy LLC,5087 Junction Road,Lockport,NY,14094,Y,,,,Q
57260,CSOLAR IV West LLC,14302 FNB Parkway,Omaha,NE,68154,Y,,,,Q
57262,Kern County Water Agency,3200 Rio Mirada Drive,Bakersfield,CA,93308,Y,,,,S
57266,Lockheed Martin Corporation,1011 Loockheed Way,Palmdale,CA,93599,Y,,,,IND
57271,NRG Solar Borrego I,4900 N Scottsdale,Scottsdale,AZ,85251,,Y,,,Q
57273,SS San Antonio West LLC,7550 Wisconsin Ave,Bethesda,MD,20814,Y,,,,Q
57275,Los Angeles County Metropolitan Transportation Authority,1 Gateway Plaza,Los Angeles,CA,90012,Y,Y,Y,,P
57276,Los Angeles Community College District,770 Wilshire Boulevard,Los Angeles,CA,90017,Y,,,,P
57280,"Eagle Creek Renewable Energy, LLC",65 Madison Ave,Morristown,NJ,07960,Y,,,,Q
57281,University of Cincinnati,3000 Glendora Avenue,Cincinatti,OH,45221,,Y,,,COM
57282,Piedmont Green Power LLC,100 Legacy Park Drive,Barnesville,GA,30204,Y,Y,Y,,Q
57285,Roseburg LFG Energy LLC,1363 Down River Drive,Woodland,WA,98674,Y,,,,Q
57295,DTE Calvert City LLC,480 N Main Street,Calvert City,KY,42029,Y,,,,IND
57299,Spreckels Sugar Company,395 W Keystone Road,Brawley,CA,92227,Y,,,,IND
57302,Sonoco Products Co,1 North 2nd Street,Hartsville,SC,29550,Y,,,,IND
57306,Southern Illinois University Carbondale,210 Physical Plant Drive,Carbondale,IL,62901,,Y,,,S
57309,Holyoke Solar LLC,"200 Liberty Street, 14 Floor",New York,NY,10281,Y,,,,Q
57311,"Luminace Solar Federal, LLC","200 Liberty Street, 14 Floor",New York,NY,10281,Y,,,,Q
57313,Tesla Inc.,3500 Deer Creek Rd,Palo Alto,CA,94304,Y,,,,Q
57314,"ADA Carbon Solutions (Red River), LLC",201 Red River Mine Road,Coushatta,LA,71019,Y,,,,IND
57315,Western Sugar Cooperative,7555 East Hampden Avenue,Denver,CO,80231,Y,,,,IND
57318,"Luminace Solar Net Metering, LLC","200 Liberty Street, 14 Floor",New York,NY,10281,Y,,,,Q
57319,"Luminace Solar Massachusetts, LLC","200 Liberty Street, 14 Floor",New York,NY,10281,Y,,,,Q
57324,Michigan Sugar Company,947 Pine,Sebewaing,MI,48759,Y,,,,IND
57328,Shore Point Solar LLC,100 Shore Point Drive,Freehold,NJ,07728,Y,,,,Q
57332,Roquette America,1003 South 5th Street,Keokuk,IA,52632,Y,Y,Y,,IND
57333,Musselshell Wind Project LLC,200 W Madison Street,Chicago,IL,60606,Y,,,,I
57338,Musselshell Wind Project Two LLC,200 W Madison Street,Chicago,IL,60606,Y,,,,Q
57340,Cashton Greens Wind Farm LLC,1 Organic Way,Lafarge,WI,54639,Y,,,,Q
57341,University of Minnesota Central Utilities,600 Main Street SE,Minneapolis,MN,55414,,Y,,,IND
57344,Hampton Lumber Mills - Washington Inc,9600 SW Barnes Rd,Portland,OR,97225,Y,,,,Q
57345,Butte-Glenn Community College District,3536 Butte Campus Drive,Oroville,CA,95965,Y,Y,Y,,S
57353,Plumas Sierra Rural Electric Coop,73233 State Route 70,Portola,CA,96122,Y,Y,,,C
57354,X-Elio North America Inc,1200 New Hampshire Ave NW Ste,Washington,DC,20036,Y,,,,Q
57355,Stephens Ranch Wind Energy LLC,591 W. Putnam Avenue,Greenwich,CT,06830,Y,Y,Y,,COM
57356,Alabama River Cellulose LLC,"2373 Lena Landeggar, PO BOX 40",Perdue Hill,AL,36470,,,Y,,IND
57359,Richland-Stryker Generation LLC,"Allen Center 3, 333 Caly Stree",Houston,TX,77002,Y,,,,Q
57360,SunE EPE1 LLC,"125 High Street, 17th Floor Hi",Boston,MA,02210,Y,Y,Y,,Q
57361,"SunE EPE2, LLC",995 Dalton Avenue,Cincinnati,OH,45203,Y,Y,Y,,Q
57362,Energy 2001 Inc,P.O. Box 686,Rocklin,CA,95677,Y,,,,Q
57363,Canadian Hills Wind LLC,"125 High Street, 17th Floor Hi",Boston,MA,02110,,Y,,,Q
57365,Consolidated Edison Solutions Inc.,100 Summit Lake Drive,Valhalla,NY,10595,Y,,,,Q
57369,"Apple, Inc",1 Infinite Loop,Cupertino,CA,95014,Y,,,,COM
57370,NaturEner Rim Rock Energy LLC,"4750 East Park Drive, Third Fl",Palm Beach Gardens,FL,33410,Y,,,,Q
57372,Auwahi Wind Energy LLC,One South Wacker Drive,Chicago,IL,60606,,Y,,,Q
57377,Temple Generation Holdings LLC,4100 Spring Valley,Dallas,TX,75244,,Y,,,Q
57383,Wasatch View Solar LLC,1 St Clair Ave West,Toronto,ON,M4V 1,Y,,,,Q
57384,Brea Power II,40 Shun Pike,Johnston,RI,02917,Y,,,,Q
57386,SunE CPS3 LLC,"588 Broadway, Suite 1208",New York,NY,10012,,,Y,,Q
57389,IKEA Property Inc,420 Alan Wood Road,Conshohocken,PA,19248,Y,,,,COM
57390,Siemens Government Technologies Inc,2231 Crystal Drive,Arlington,VA,22202,,Y,,,I
57395,"Shooting Star Power Partners, LLC","1310 Point Street, 8th Floor",Baltimore,MD,21231,Y,,,,Q
57396,"High Mesa Energy, LLC","1310 Point Street, 8th Floor",Baltimore,MD,21231,Y,,,,Q
57397,"Beebe Renewable Energy, LLC","1310 Point Street, 8th Floor",Baltimore,MD,21231,Y,,,,Q
57398,"Whitetail Wind Energy, LLC","1310 Point Street, 8th Floor",Baltimore,MD,21231,Y,,,,Q
57401,Mt Wachusett Community College,444 Green Street,Gardner,MA,01440,Y,,,,S
57402,CPV Spruce Mountain Wind LLC,"8403 Colesville Road, Suite 91",Silver Spring,MD,20910,,Y,,,Q
57403,SunE CPS2 LLC,"588 Broadway, Suite 1208",New York,NY,10012,,,Y,,Q
57406,Deepwater Wind Block Island LLC,56 Exchange Terrace,Providence,RI,02903,Y,,,,Q
57407,Riverside Renewable Energy,101 S King Street,Gloucester City,NJ,08030,Y,,,,COM
57408,"Luminace Solar Arizona, LLC","200 Liberty Street, 14 Floor",New York,NY,10281,Y,,,,Q
57409,Buffalo Center Wind LLC,401 8th Street SW,Waukon,IA,52172,Y,,,,Q
57412,Chisholm View Wind Project,"100 Brickstone Square, Suite 3",Andover,MA,01810,Y,,,,Q
57414,Eli Lilly and Company,1555 S Harding Street,Indianapolis,IN,46221,Y,,,,IND
57416,"Acciona Energy USA Global, LLC",55 East Monroe Street; Suite 1,Chicago,IL,60603,Y,,,,Q
57419,SunE CPS1 LLC,"588 Broadway, Suite 1208",New York,NY,10012,,,Y,,Q
57420,Jordache Enterprises,200 Helen St.,South Plainfield,NJ,07080,Y,,,Y,COM
57421,"Chopin Wind, LLC",5901 Priestly Drive,Carlsbad,CA,92008,Y,,Y,,Q
57422,PPG Ind Fiber Glass Prdcts Inc,473 New Jersey Church Road,Lexington,NC,27292,,,Y,,IND
57423,PPG Monroeville Chemicals Center,440 College park Drive,Monroeville,PA,15146,Y,,,,IND
57425,Vitro Architectural Glass (PA),400 Park Drive,Carlisle,PA,17015,Y,,,,IND
57427,RockTenn-Battle Creek Mill,177 Angell Street,Battle Creek,MI,49037,,,Y,,IND
57430,"Berlin Station, LLC",One Cate Street,Portsmouth,NH,03801,Y,,,,Q
57432,ReEnergy Livermore Falls,267 Diamond Road,Livermore Falls,ME,04254,Y,,,,Q
57436,Molson Coors Shenandoah Brewery,5135 South Eastside Highway,Elkton,VA,22827,Y,,,,IND
57438,Paramount Petroleum Corporation,14700 Downey Avenue,Paramount,CA,90723,Y,,,,IND
57440,"SABIC IP Mt. Vernon, LLC",One Lexan Lane,Mount Vernon,IN,47620,Y,Y,Y,,IND
57441,MARTA,2424 Piedmont Rd. N.E.,Atlanta,GA,30324,Y,,,,COM
57442,"PCA, Filer City Mill",2246 Udell St.,Filer City,MI,49634,Y,,,,IND
57443,MWRA Charlestown,100 First Avenue,Boston,MA,02129,Y,,,,S
57445,Pasadena Refining System Inc,111 Red Bluff Road,Pasadena,TX,77506,Y,,,,IND
57446,FRIT Solar Inc,1626 East Jefferson Street,Rockville,MD,20852,Y,Y,,,Q
57448,Frontier El Dorado Refinery LLC,1401 S Douglas Rd,El Dorado,KS,67042,Y,,,,IND
57451,Rocky Ridge Wind Project LLC,"100 Brickstone Square, Suite 3",Andover,MA,01810,Y,,,,Q
57460,NextEra Wolf Ridge LLC,700 Universe Blvd.,Juno Beach,FL,33408,Y,Y,,,Q
57464,Kimberly-Clark Corporation,351 Phelps Drive,Irving,TX,06776,,,Y,,IND
57468,PRC-Desoto Intl Corp./PPG,12780 San Fernando Rd,Sylmar,CA,91342,Y,,,,IND
57476,Foundation CA Fund VI Manager LLC,505 Sansome Street,San Francisco,CA,94111,,Y,,,Q
57477,Kern Oil & Refining Co,7724 E Panama Lane,Bakersfield,CA,93307,Y,,,,IND
57481,Red River Mill Intl Paper Company,4537 Highway 480,Campti,LA,71411,Y,,,,IND
57484,"Foundation CA Fund V Manager, LLC",505 Sansome Street,San Francisco,CA,94111,,Y,,,Q
57485,"Diamond State Generation Partners, LLC",4353 N 1st. Street,San Jose,CA,95134,Y,,,,Q
57492,Georgia-Pacific Toledo LLC,1400 SE Butler Bridge Road,Toledo,OR,97391,Y,Y,,,IND
57494,TDX North Slope Generating Inc.,"3601 C street, STE 1000",Anchorage,AK,99503,Y,,,,I
57499,NRG Energy Services,100302 Yates Well Road,Nipton,CA,92336,,Y,,,COM
57503,Limon,700 Universe Blvd,Juno Beach,FL,33408,Y,Y,,,Q
58081,Blue Mountain Biogas LLC,86 N University Ave,Provo,UT,84601,Y,,,,Q
58083,"Outback Solar, LLC","200 Liberty Street, 14 Floor",New York,NY,10281,Y,,,,Q
58089,Adkins Energy LLC,4350 W Galena Rd,Lena,IL,61048,Y,,,,IND
58090,NextEra Energy Resources Ensign Wind,700 Universe Blvd.,Juno Beach,FL,33408,Y,Y,,,Q
58093,Otter Creek Ethanol LLC - Poet Ashton,4970 260th St,Ashton,IA,51232,Y,,,,IND
58097,Kent State University,1501 Ted Boyd Drive,Kent,OH,44242,Y,,,,S
58099,Emcor Energy Services,2 Library Way,Durham,NH,03824,Y,,,,Q
58100,Middle Tennessee State University,1500 Greenland Drive,Murfreesboro,TN,37132,Y,,,,COM
58101,Solar Star California II LLC,1716 Lawrence Drive,DePere,WI,54115,Y,,,,Q
58103,Twin Rivers Paper Co LLC,82 Bridge Avenue,Madawaska,ME,04756,Y,,,,Q
58104,California State University at Fullerton,800 N. State College Blvd.,Fullerton,CA,92831,Y,,,,Q
58105,University of Redlands,1200 East Colton Ave. P.O. Box,Redlands,CA,92373,Y,,,,COM
58106,Western Michigan University,1903 W. Michigan,Kalamazoo,MI,49008,Y,,,,COM
58107,University of Rochester,390 Elmwood Ave.,Rochester,NY,14627,Y,,,,COM
58108,"SunE AZ1, LLC","125 High Street, 17th Floor Hi",Prescott,AZ,86301,Y,,,,Q
58109,President & Trustees of Williams College,880 Main Street,Williamstown,MA,01267,Y,Y,,,COM
58110,SUNY Old Westbury College,223 Store Hill Rd,Old Westbury,NY,11568,,,Y,,S
58111,RE Kansas South LLC,300 California Street,San Francisco,CA,94123,Y,,,,Q
58112,TA-High Desert LLC,300 California Street,San Francisco,CA,94123,Y,,,,Q
58113,"Texas A&M, Utilities & Energy Services",1584 TAMU,College Station,TX,77843,Y,Y,,,S
58115,"DTE Ashtabula, LLC",2700 Middle Rd,Ashtabula,OH,44004,Y,,,,IND
58120,Danbury Hospital,24 Hospital Drive,Danbury,CT,06099,Y,Y,,,COM
58121,North Sky River Energy LLC,700 Universe Blvd,Juno Beach,FL,33408,Y,Y,,,Q
58122,Eastern Maine Medical Center,489 State Street,Bangor,ME,04402,Y,,,,COM
58129,Four Rivers Sanitation Authority,3501 Kishwaukee Street,Rockford,IL,61109,Y,,,,M
58130,University of Connecticut,"25 LeDoyt Road, UCONN Cogenera",Storrs,CT,06269,Y,,,,S
58131,Wesleyan University,237 High Street,Middletown,CT,06459,Y,,,,COM
58132,Perrin Ranch Wind LLC,700 Universe Blvd,Juno Beach,FL,33408,Y,Y,,,Q
58133,Mercy Medical Center,1000 North Village Avenue,Rockville Centre,NY,11571,Y,,,,COM
58134,Cirrus Wind 1 LLC,2609 County Road BB,Tahoka,TX,79373,Y,,,,Q
58135,Ecos Energy LLC,"222 South Ninth Street, Suite",Minneapolis,MN,55402,Y,,Y,,Q
58136,William Floyd School District,240 Mastic Beach Road,Mastic Beach,NY,11951,Y,,,,S
58137,The College of New Jersey,2000 Pennington Road,Ewing,NJ,08628,Y,,,,S
58138,The Trustees of Smith College,126 West St.,Northampton,MA,01063,Y,,,,COM
58143,Cimarron Wind Energy LLC,700 Universe Blvd.,Juno Beach,FL,33408,Y,Y,,,Q
58144,BMW Manufacturing Co LLC,1400 Highway 101 South,Greer,SC,29651,Y,Y,,,IND
58148,U.S. General Services Administration,8899 E 56th Street,Indianapolis,IN,46249,Y,,,,F
58149,Renewable World Energies LLC,100 South State St. PO Box 264,Neshkoro,WI,54960,Y,,,,Q
58150,Big Blue Wind Farm LLC (MN),501 W Hwy 212,Granite Falls,MN,56241,Y,Y,,,Q
58151,Loyola University Health System,2160 S. First Ave,Maywood,IL,60153,,Y,Y,,COM
58152,Amherst College,151 College Street,Amherst,MA,01002,,Y,,,COM
58153,US Magnesium,12819 N. Skull Valley Rd.,Rowley,UT,84029,Y,,,,IND
58154,Hudson Valley Community College,80 Vandenburgh Avenue,Troy,NY,12180,Y,Y,,,Q
58156,Rand Whitney Containerboard L.P.,370 Route 163,Montville,CT,06353,Y,,,,IND
58157,Prairie Horizon Agri Energy LLC,1644 E 100 Rd,Phillipsburg,KS,67611,Y,,,,IND
58159,Penn State University,113 Physical Plant Bldg.,University Park,PA,16802,Y,,,,COM
58163,POET Biorefining Lake Crystal,19200 499th Avenue,Lake Crystal,MN,56055,,Y,,,IND
58164,"180 Raritan Energy Solutions, LLC","633 Division Street, Suite 2",Elizabeth,NJ,07201,Y,,,,COM
58166,Bonanza BioEnergy LLC,2810 E HWY 50,Garden City,KS,67846,Y,,,,IND
58167,Arkalon Ethanol LLC,8664 Road P,Liberal,KS,67901,Y,,,,IND
58170,Cargill Salt Hersey,3033 Campus Dr.,Minneapolis,MN,55441,Y,,,,IND
58171,University of California-San Francisco,25 Medical Center Way,San Francisco,CA,94133,Y,,,,COM
58172,Energy Center Phoenix LLC,One E. Washington St.,Phoenix,AZ,85004,,Y,,,S
58176,Vicinity Energy Kansas City,101 W. Washington St. Ste. 140,Indianapolis,IN,46204,Y,Y,,,IND
58178,GSA Metropolitan Service Center,"401 F Street, NW",Washington,DC,20001,Y,,,,F
58179,Cinnamon Bay LLC,PO Box 520,Milltown,NJ,08850,Y,,,,Q
58180,"Blackwell Wind, LLC",700 Universe Blvd.,Juno Beach,FL,33408,Y,Y,,,Q
58182,"SunE AZ2, LLC",995 Dalton Avenue,Cincinnati,OH,45203,Y,Y,Y,,Q
58183,J.R. Simplot Company,999 Main Street,Boise,ID,83702,Y,,,,IND
58185,"FirstLight Power Resources, Inc. - MA",99 Millers Falls Rd.,Northfield,MA,01360,Y,,,,Q
58187,Haviland Plastic Products Co,100 West Main Street,Haviland,OH,45851,Y,,,,COM
58188,Central Connecticut State University,1615 Stanley Street,New Britain,CT,06050,,Y,,,S
58190,Bluestem LLC,950 S 10th Street Suite 001,Omaha,NE,68108,Y,Y,,,Q
58195,Hoag Memorial Presbyterian Hospital,1 Hoag Drive,Newport Beach,CA,92658,Y,,,,COM
58197,Newberry Solar 1 LLC,"75, Rue d?Anvers",Saint-Augustine-de-Desmaures,QB,G3A,Y,Y,,,Q
58201,Milford Solar LLC,"1700 Broadway, 35th Floor",New York,NY,10019,Y,,,,Q
58203,NRG Energy Center Eagles LLC,804 Carnegie Center,Princeton,NJ,08540,Y,,,,Q
58213,"New Britain Renewable Energy, LLC",3 Great Pasture Road,Danbury,CT,06810,Y,,,,Q
58220,Northeastern Illinois University,5500 N. St. Louis Ave.,Chicago,IL,60625,Y,,,,S
58221,LES Operations Services LLC,29261 Wall Street,Wixom,MI,48393,Y,,,,S
58223,C&H Sugar Company Inc,830 Loring Ave,Crockett,CA,94525,Y,,,,IND
58224,"Rausch Creek Generation, LLC",490 West Main Street,Tremont,PA,17981,Y,,,,Q
58229,Howard County - Maryland,6751 Columbia Gateway Drive,Columbia,MD,21046,,,Y,,M
58238,Enfinity NorCal 1 FAA LLC,5901-E Peachtree Dunwoody Rd N,Atlanta,GA,30328,Y,,,,Q
58239,Desert Sky Solar LLC,"1700 Broadway, 35th Floor",New York,NY,10019,Y,,,,Q
58240,COT/Division of Water Reclamation,"3900 N Summit Street, Bldg 1",Toledo,OH,43611,Y,,,,M
58245,"Patua Acquisition Company, LLC","15 W. South Temple, Suite 1900",Salt Lake City,UT,84101,Y,Y,,,Q
58247,National Centers for Animal Health,1920 Dayton Avenue,Ames,IA,50010,,Y,,,F
58258,SunRay Power LLC,"545 Madison Avenue, 14th floor",New York,NY,10022,Y,Y,Y,,Q
58261,Arkwright Summit Wind Farm LLC,P.O. Box 3827,Houston,TX,77253,Y,,,,Q
58264,"New-Indy, Oxnard LLC",PO BOX 519,Port Hueneme,CA,93044,Y,,,,IND
58270,GE Wind Energy LLC,1 River Road,Schenectady,NY,12345,Y,,,,Q
58287,Rain CII Carbon LLC,1330 Greengate Dr.,Covington,LA,70433,Y,,,,IND
58289,"NextEra Energy Desert Sunlight 300, LLC",700 Universe Blvd.,Juno Beach,FL,33408,Y,Y,,,Q
58290,"NextEra Energy Desert Sunlight 250, LLC",700 Universe Blvd.,Juno Beach,FL,33408,Y,Y,,,Q
58298,FPL Energy Stateline II Inc,700 Universe blvd,Juno Beach,FL,33408,Y,Y,,,Q
58300,Ameresco Select Inc,3 Schoephoester Rd,Windsor Locks,CT,06096,,Y,,,S
58303,Energy Systems Group LLC,9877 Eastgate Court,Newburgh,IN,47630,,Y,,,COM
58304,"Luminace Solar Maryland II, LLC","200 Liberty Street, 14 Floor",New York,NY,10281,Y,,,,Q
58313,The Andersons Albion Ethanol LLC,480 West Dussel Dr,Maumee,OH,43537,Y,,,,IND
58337,Lakeside Syracuse LLC,9644 Main Street,Beaver Falls,NY,13305,Y,,,,Q
58338,Lakeside Beaver Falls LLC,9644 Main Street,Beaver Falls,NY,13305,,Y,,,Q
58340,Tuscola Bay Wind LLC,700 Universe Blvd,Juno Beach,FL,33408,Y,Y,,,Q
58341,McKinley Paper Co. - Washington Mill,1815 Marine Drive,Port Angeles,WA,98363,Y,Y,,,IND
58353,NextEra Energy Majestic Wind,700 Universe Blvd.,Juno Beach,FL,33408,Y,Y,,,Q
58355,SPS Atwell Island LLC,12500 Baltimore Avenue,Beltsville,MD,20705,Y,,,,Q
58360,Blue Summit Wind LLC,700 Universe Blvd.,Juno Beach,FL,33408,Y,Y,,,Q
58361,Triton College,2000 Fifth Ave.,River Grove,IL,60171,Y,,,,Q
58363,Oakley Solar Project LLC,2252 Blackwood Dive,Walnut Creek,CA,94596,Y,,,,COM
58365,Petra Nova Power I LLC,910 Louisiana,Houston,TX,77002,Y,,,,Q
58366,Toro Energy of California SLO,5900 Southwest Parkway Bldg 2,Austin,TX,78735,Y,Y,,,Q
58368,"Doyon Utilities, LLC",714 4th Ave,Fairbanks,AK,99701,Y,,,,I
58372,Riverside Investments LLC,PO Box 328,Adrian,OR,97901,Y,,,,Q
58373,CU Solar LLC,5130 River Valley Road,Milford,OH,45150,Y,,,,Q
58375,Sterling Municipal Light Department,50 Main Street,Sterling,MA,01564,Y,,,,M
58378,Jordan Hydroelectric LTD PTP,PO Box 903,Gatlinburg,TN,37738,Y,,,,Q
58379,"Alta Wind X, LLC","4900 S. Scottsdale Road, Suite",Scottsdale,AZ,85251,Y,,,,Q
58380,"Alta Wind XI, LLC","4900 S. Scottsdale Road, Suite",Scottsdale,AZ,85251,Y,,,,Q
58382,Ameresco Johnson Canyon LLC,111 Speen Street,Framingham,MA,01710,Y,,,,Q
58383,CH4 Biogas LLC,30 Lakewood Circle N,Greenwich,CT,06830,Y,,,,Q
58384,Clemson University - Main Campus,Klugh Ave. Box 345904,Clemson,SC,29634,Y,,,,S
58385,"SR Enterprise South, LLC","222 2nd Ave. South, Suite 1900",Nashville,TN,37201,Y,Y,Y,,Q
58387,Solar Star New Jersey VI LLC,1716 Lawrence Drive,DePere,WI,54115,Y,,,,Q
58388,Pantex (NNSA),Production Office NPO-70 FM237,Amarillo,TX,79120,,,Y,,F
58389,Luther College Wind Energy Project LLC,700 College Drive,Decorah,IA,52101,Y,,,,Q
58391,Chilocco Wind Farm LLC,150 North Michigan,Chicago,IL,60601,Y,,,,Q
58412,Headwaters Wind Farm LLC,P.O. Box 3827,Houston,TX,77253,Y,,,,Q
58413,Lone Valley Solar Park I LLC,P.O. Box 3827,Houston,TX,77253,Y,Y,,,Q
58416,"California State University, Northridge",18111 Nordhoff Street,Northridge,CA,91330,Y,,,,S
58417,Hamilton Liberty O&M LLC,151 Liberty Lane,Towanda,PA,18848,,Y,,,Q
58422,Fire Island Wind LLC,725 E Fireweed Lane,Anchorage,AK,99503,Y,,,,Q
58425,LSU and A&M College,330 Thomas Boyd,Baton Rouge,LA,70803,Y,,,,S
58426,Sunshine Gas Producers LLC,"1 Energy Plaza, 400 WCB",Detroit,MI,48226,Y,,,,I
58428,UT West Tennessee Solar Farm,815 Andy Holt Tower,Knoxville,TN,37996,Y,,,,S
58430,Gamesa Wind US LLC,1150 Northbrook Drive,Trevose,PA,19053,,Y,,,Q
58431,"Ameresco Vasco Road, LLC",111 Speen Street,Framingham,MA,01710,Y,,,,Q
58432,"Ameresco San Joaquin, LLC",111 Speen Street,Framingham,MA,01710,Y,,,,Q
58433,"Ameresco Forward, LLC",111 Speen Street,Framingham,MA,01710,Y,,,,Q
58434,City of Spearfish,625 5th Street,Spearfish,SD,57783,Y,,,,M
58435,Collinwood BioEnergy,50 Public Square Auite 1060,Cleveland,OH,44113,Y,,,,IND
58438,Sunstream Energy LLC,3105 Lincoln Highway East,Paradise,PA,17562,Y,,,,COM
58439,Junction Hilltop Management LLC,1639 320th St,Jamaica,IA,50128,Y,,,,Q
58440,CD US Solar MT 2 LLC,"8800 North Gainey Center Dr.,",Scottsdale,AZ,85258,Y,,,,Q
58443,EBD Hydro LLC,"354 NE Greenwood Ave, Suite 21",Bend,OR,97701,,Y,,,Q
58444,"Cumberland Rose Wind Energy, LLC",2624 Pinewood Ave,Greenfield,IA,50849,Y,,,,Q
58445,"Forward Fontanelle Power, LLC",2624 Pinewood Ave,Greenfield,IA,50849,Y,,,,Q
58446,"Greenfield Wind Power, LLC",2624 Pinewood Ave,Greenfield,IA,50849,Y,,,,Q
58447,"Meadow Ridge Wind Energy, LLC",2624 Pinewood Ave,Greenfield,IA,50849,Y,,,,Q
58448,"Sky Volt, LLC",2624 Pinewood Ave,Greenfield,IA,50849,Y,,,,Q
58449,"Wiota Wind Energy, LLC #1",2624 Pinewood Ave,Greenfield,IA,50849,Y,,,,Q
58451,"McCoy Solar, LLC",700 Universe Blvd.,Juno Beach,FL,33408,Y,Y,,,Q
58452,SMECO Solar LLC,"14950 Cooperative Place, PO Bo",Hughesville,MD,20637,Y,Y,,,C
58453,AltaGas Blythe Operations Inc,1411 Third Street,Port Huron,MI,48060,Y,,,,Q
58459,C-Drop,711 East Turtle Point Drive,Ivins,UT,84738,Y,,,,Q
58461,Buffalo Dunes Wind Project LLC,"100 Brickstone Square, Suite 3",Andover,MA,01810,Y,,,,Q
58463,Dart Container Corp,60 East Main Street,Leola,PA,17540,,Y,,,IND
58464,City of Las Vegas,495 S Main St,Las Vegas,NV,89101,Y,Y,,,M
58466,SunEnergy1,192 Raceway Dr,Mooresville,NC,28117,Y,,,Y,Q
58468,Dominion Renewable Energy,120 Tredegar St.,Richmond,VA,23219,Y,,,,I
58469,Tinton Falls Solar,99 Tormee Dr,Tinton Falls,NJ,07712,,Y,,,Q
58473,"NVT LICENSES, LLC",600 Clipper Drive,Belmont,CA,94002,,Y,Y,,Q
58485,"Rutgers, The State University of NJ",6 Berrue Circle,Piscataway,NJ,08854,Y,,,,COM
58487,Montefiore Medical Center Moses Division,111 East 210 Street,Bronx,NY,10467,,Y,,,COM
58488,Alaska Environmental Power,1478 Chena Point Ave,Fairbanks,AK,99709,Y,,,,Q
58489,OCI Energy LLC,"8000 IH-10 West, Suite 1201",San Antonio,TX,78230,Y,Y,,Y,Q
58491,"Luminace Solar Holding, LLC","200 Liberty Street, 14 Floor",New York,NY,10281,Y,,,,Q
58492,Chattanooga Metropolitan Airport,1001 Airport Road,Chattanooga,TN,37421,Y,,,,M
58495,"Syncarpha Alethea I, LLC","250 West 57th Street, Suite 70",New York,NY,10107,Y,,,,Q
58498,F H Stoltze Land & Lumber Co,PO Box 1429,Columbia Falls,MT,59912,Y,,,,IND
58500,City of Hayward,777 B Street,Hayward,CA,94541,,Y,,,M
58501,Five Crowns Inc,551 W. Main Street #2,Brawley,CA,92227,Y,,,,IND
58502,"Uwharrie Mountain Renewable Energy, LLC","1 Energy Plaza, 400 WCB",Detroit,MI,48226,Y,,,,I
58503,Garnet Solar Generation Station I LLC,"300 Spectrum Center Drive, Sui",Irvine,CA,92618,Y,,,,Q
58508,Carolina Solar Energy LLC,"750 Weaver Dairy Road, Apt 213",Chapel Hill,NC,27514,,,Y,,Q
58509,"Affordable Solar Silver City, LLC",4840 Pan American E FWY NE,Albuquerque,NM,87109,Y,,,,Q
58511,SunGen Sharon 1 LLC,,Arundel,ME,04046,Y,,,,I
58514,"Gilbert Solar Facility I, LLC",1716 Lawrence Drive,DePere,WI,54115,Y,,,,Q
58515,NextEra Energy Mountain View Solar,700 Universe Blvd.,Juno Beach,FL,33408,Y,Y,,,Q
58517,"SWG Arapahoe, LLC",2601 South Platte River Drive,Denver,CO,80223,Y,,,,Q
58520,"Huerfano River Wind, LLC",318 Cooper Circle,Peachtree City,GA,30269,Y,,,,Q
58523,Enerdyne Power Systems Inc,10600 Nations Ford Road,Charlotte,NC,28273,Y,,,,Q
58524,South Boston Energy LLC,10323 Lomond Drive,Manassas,VA,20109,Y,,,,C
58526,Hometown Bio Energy LLC,220 South 6th Street,Minneapolis,MN,55402,,,Y,,Q
58527,Gettysburg Energy and Nutrient Rec Facility LLC,1290 Bay Dale Drive 348 PMB,Arnold,MD,02101,,Y,,,IND
58535,Eagle Valley Clean Energy LLC,PO BOX 426,GYPSUM,CO,81637,Y,,,,Q
58536,Smithfield Packaged Meats Corp (Kinston),1780 Smithfield Way,Kinston,NC,28504,Y,,,,IND
58539,Pheasant Run Wind LLC,700 Universe Blvd,Juno Beach,FL,33408,Y,Y,,,Q
58540,California PV Energy LLC,"200 Liberty Street, 14 Floor",New York,NY,10281,Y,,,,Q
58542,Trustees of Princeton University,One Nassau Hall,Princeton,NJ,08544,Y,,,,COM
58544,Sierra Nevada Brewing Co,1075 East 20th Street,Chico,CA,95928,Y,Y,,,IND
58545,Tuscola Wind II LLC,700 Universe Blvd,Juno Beach,FL,33408,Y,Y,,,Q
58546,Cascade Solar LLC,"125 High Street, 17th Floor Hi",Boston,MA,02210,Y,Y,Y,,Q
58548,State of CA DGS BPM,707 3rd Street,West Sacramento,CA,95605,Y,,,,S
58549,County of Alameda GSA,1401 Lakeside Dr,Oakland,CA,94612,Y,,,Y,IND
58551,Steele Flats Wind Project LLC,700 Universe Blvd,Juno Beach,FL,33408,Y,Y,,,Q
58553,PAR Petroleum,825 Town & Country Lane,Houston,TX,77024,Y,,,,IND
58555,The University of Utah,201 Presidents Circle,Salt Lake City,UT,84112,Y,,Y,,S
58564,Paramount Group Inc,1633 Broadway,New York,NY,10019,Y,,,,COM
58565,"CPV Saddleback Ridge Wind, LLC","8403 Colesville Road, Suite 91",Silver Spring,MD,20910,,Y,,,Q
58569,City of Rochester,301 37th St NW,Rochester,MN,55901,Y,,,,M
58573,Transamerica Pyramid Properties LLC,600 Montgomery Street,San Francisco,CA,94111,,Y,,,COM
58574,CPV Canton Mountain Wind LLC,"8403 Colesville Road, Suite 91",Silver Spring,MD,20910,,Y,,,Q
58575,"Sol Orchard Imperial 1, LLC",251 Little Falls Drive,Wilmington,DE,19808,Y,,,,Q
58577,Northern Colorado Water Conservancy District,220 Water Ave,Berthoud,CO,80513,Y,,,,P
58578,PPS Berkshire Solar LLC,33 Pine Point Rd,Norwalk,CT,06853,,,Y,,COM
58580,"Simon Solar Farm, LLC","222 2nd Ave. South, Suite 1900",Nashville,TN,37201,Y,Y,Y,,Q
58581,"Lightning Dock Geothermal HI-01, LLC",15 W South Temple,Salt Lake City,UT,84101,Y,,,,Q
58583,Museum of Science and Industry,5700 South Lake Shore Drive,Chicago,IL,60637,,,Y,,COM
58591,CF Jersey Gardens Owner Two LLC,150 Mathilda Place,Sunnyvale,CA,94086,Y,,,,COM
58594,Rockford Solar Partners,88 Airport Road,Elgin,IL,60123,Y,,,,Q
58596,ENI New Energy US Inc,"300 Spectrum Center Drive, Sui",Irvine,CA,92618,Y,,,,Q
58597,"Enviromission, Inc",7014 E. Camelback Road,Scottsdale,AZ,85251,Y,,,,Q
58598,"Mass Solar, LLC",24 Waterway,The Woodlands,TX,77380,Y,,,,Q
58600,Waihonu North LLC,5201 Tennyson Parkway #150,Plano,TX,75024,Y,,,,Q
58601,Waihonu South LLC,5201 Tennyson Parkway #150,Plano,TX,75024,Y,,,,Q
58604,US Air Force,6th Space Warning Squadron,Sagamore,MA,02561,Y,,,,F
58607,Frito Lay Incorporated Dayville,1886 Upper Maple St,Dayville,CT,06241,Y,,,,IND
58608,TransAlta Wyoming Wind LLC,3287 Divide Road,Evanston,WY,82930,Y,Y,,,Q
58610,"Celina Solar Project #1, LLC","1601 Utica Ave South, Suite 10",St. Louis Park,MN,55416,Y,,,,Q
58615,"Homer City Generation, L.P.",1750 Power Plant Rd,Homer City,PA,15748,Y,,,,Q
58618,Finley BioEnergy LLC,4088 Orchard Drive,Lake Oswego,OR,97035,Y,,,,Q
58621,"SSA Solar of NM, LLC",311 N Bayshore Drive,Safety Harbor,FL,34695,Y,,,,Q
58622,Costco Wholesale,999 Lake Drive,Issaquah,WA,98027,Y,,,,COM
58625,"Black Oak Wind, LLC",45692 County Rd 192,Sauk Centre,MN,56378,Y,Y,,,Q
58627,Puget Sound Hydro LLC,PO Box 1432,Lewiston,ID,83501,Y,,,,Q
58628,ABEC Bidart-Old River LLC,20400 Old River Rd,Bakersfield,CA,93311,Y,Y,,,Q
58629,TIG Sun Energy I LLC,4838 Jenkins Avenue,North Charleston,SC,29405,Y,Y,,,Q
58638,"Lenape Solar II, LLC",4900 North Scottsdale Road Sui,Scottsdale,AZ,85251,Y,,,,Q
58643,Zeeland Farm Services,2525 84th Avenue,Zeeland,MI,49464,Y,,,,IND
58649,"SunStrong Management, LLC",1414 Harbour Way,South Richmond,CA,94804,Y,,Y,,I
58650,IHI Power Services Corp,95 Enterprise,Aliso Viejo,CA,92656,,Y,,,Q
58651,"Allegany Generating Station, LLC",11537 State Route 19A,Portageville,NY,14536,Y,Y,,,Q
58652,Roundtop Energy LLC,14302 FNB Parkway,Omaha,NE,68154,Y,,,,Q
58653,Oxbow Creek Energy LLC,14302 FNB Parkway,Omaha,NE,68154,Y,,,,Q
58654,Orion Solar I LLC,"125 High Street, 17th Floor Hi",Boston,MA,02210,Y,Y,Y,,Q
58655,"Orion Solar II, LLC",44 Montgomery Street,San Francisco,CA,94104,Y,Y,Y,,Q
58675,Delta-Montrose Electric Association,11925 6300 Rd,Montrose,CO,81401,Y,,,,C
58677,CD US Solar MT1 LLC,8800 North Gainey Ranch Drive,Scottsdale,AZ,85258,Y,,,,Q
58681,MSM Solar LLC,11900 Midlothian Turnpike,Midlothian,VA,23113,,,Y,,Q
58685,Beaver Dam Energy LLC,14302 FNB Parkway,Omaha,NE,68154,Y,,,,Q
58686,Alpaca Energy LLC,14302 FNB Parkway,Omaha,NE,68154,Y,,,,Q
58689,Milan Energy LLC,14302 FNB Parkway,Omaha,NE,68154,Y,,,,Q
58694,"Leyline Renewable Energy, LLC",8591 Pickards Meadow Rd,Chapel Hill,NC,27516,,Y,Y,,Q
58696,Ignite Solar Holdings LLC,"1700 Broadway, 35th Floor",New York,NY,10019,Y,,,,Q
58701,Maine Township High School Dist 207,1131 South Dee Road,Park Ridge,IL,60068,Y,,,,S
58709,Richland Center Renewable Energy LLC,24520 County Highway RC,Richland Center,WI,53581,Y,,,,IND
58710,Lakeswind Power Partners,480 Wildwood Forest Drive Suit,Spring,TX,77380,Y,,Y,,Q
58718,Na Pua Makani Power Partners LLC,56-380 Kamehameha Hwy,Kahuku,HI,96731,Y,,,,Q
58748,Clean Energy LLC,5320 Old Pineville Rd,Charlotte,NC,28217,Y,,,,Q
58749,PCI Nitrogen LLC,PO Box 3447,Pasadena,TX,77501,Y,,,,IND
58753,Sunlight General Morris Solar LLC,"135 E. 57th St., Fl. 6",New York,NY,10017,Y,,,,Q
58754,Sunlight General Mercer Solar LLC,"135 E. 57th St., Fl. 6",New York,NY,10017,Y,,,,Q
58756,Albany Engineering Corporation,5 Washington Square,Albany,NY,12205,Y,,,,Q
58759,Perpetual Energy Systems,21600 Oxnard St,Woodland Hills,CA,91367,Y,,,,Q
58760,FPC Services Inc.,1771 Sublette Rd.,Sublette,IL,61367,Y,,,,Q
58764,"Origis Energy USA, Inc","800 Brickell Ave, Suite 1100",Miami,FL,33131,Y,,,,Q
58765,FGE Texas I LLC,500 W 2nd Street,Austin,TX,78701,Y,,,,Q
58766,FGE Texas II LLC,500 W 2nd Street,Austin,TX,78701,Y,,,,Q
58767,Temple University,1840 N 10th Street,Philadelphia,PA,19122,Y,,,,COM
58769,Sunlight General Somerset Solar LLC,"135 E. 57th St., Fl. 6",New York,NY,10017,Y,,,,Q
58770,Balko Wind LLC,"575 Fifth Ave., 35th Fl.",New York,NY,10017,Y,,Y,,Q
58771,Tri-County Water Conservancy District,647 North 7th Street,Montrose,CO,81401,Y,,,,S
58773,Kingfisher Wind LLC,"125 High Street, 17th Floor Hi",Boston,MA,02110,Y,Y,,,Q
58783,Marseilles Land and Water Company,9171 Towne Center Drive,San Diego,CA,92122,Y,,,,Q
58784,"Fourmile Wind Energy, LLC","1310 Point Street, 8th Floor",Baltimore,MD,21231,Y,,,,Q
58785,"Beebe 1B Renewable Energy, LLC","1310 Point Street, 8th Floor",Baltimore,MD,21231,Y,,,,Q
58789,DOD USMC Marine Air Ground Combat,PO Box 788104 Bldg 1130,Twentynine Palms,CA,92278,Y,,,,F
58795,Hamilton Wind Energy LLC,1046 Forty Oaks,Story City,IA,50248,Y,,,,Q
58798,Shell Chemical Appalachia LLC,910 Louisiana Street,Houston,TX,77002,Y,Y,,,IND
58800,Cross Pollination Inc,69 Union Street,Winooski,VT,05404,Y,,,,Q
58801,"Integrys MA Solar, LLC",1716 Lawrence Drive,DePere,WI,54115,Y,,,,Q
58802,"Walpole Solar 2, LLC",333 Washington Street,Jersey City,NJ,07302,Y,,,,Q
58803,"Gardner Solar 1, LLC",333 Washington Street,Jersey City,NJ,07302,Y,,,,Q
58804,Lake Erie Energy Development Corp,"50 Public Square, Suite 200",Cleveland,OH,44113,Y,,,,Q
58811,Ameresco Dallas LLC,111 Speen Street,Framingham,MA,01710,Y,,,,Q
58816,Dessie Solar Center LLC,44 Montgomery Street,San Francisco,CA,94104,Y,Y,Y,,Q
58818,BearPond Solar Center LLC,44 Montgomery Street,San Francisco,CA,94104,Y,Y,Y,,Q
58819,Graham Solar Center LLC,44 Montgomery Street,San Francisco,CA,94104,Y,,,,Q
58820,Shankle Solar Center LLC,44 Montgomery Street,San Francisco,CA,94104,Y,Y,Y,,Q
58821,Camelot Wind LLC,"130 Camelot Drive, Suite 2",Plymouth,MA,02360,Y,,,,Q
58822,MC Power Companies Inc,4031 NE Lakewood Way,Lee's Summit,MO,64064,,Y,,,Q
58824,City of Santa Rosa,69 Stony Circle,Santa Rosa,CA,95401,Y,,,,M
58828,St. Olaf College,1520 St. Olaf Ave.,Northfield,MN,55057,Y,,,,COM
58839,Central Valley Ag Power LLC,5509 Langworth Rd,Oakdale,CA,95361,Y,,,,IND
58842,Power Company of Wyoming LLC,555 17th Street,Denver,CO,80202,Y,,,,Q
58844,Dept of Corrections NCCI Wind,500 Colony Road,Gardner,MA,01440,,,Y,,P
58846,"Southeast Renewable Fuels, LLC",4901 NW 17th Way,Forte Lauderdale,FL,33309,Y,,,,COM
58847,NRG California Peaker Operations LLC,4950 Avendia Encinas,Carlsbad,CA,92008,,Y,,,Q
58860,Southbridge Recycling and Disposal Park,165 Barefoot Rd,Southbridge,MA,01550,Y,,,,Q
58862,DC Water,5000 Overlook Avenue SW,Washington,DC,20032,Y,,,,M
58865,Hoopeston Wind LLC,310 4th St NE,Charlottesville,VA,22902,Y,Y,,,Q
58869,Case Western Reserve University,10900 Euclid Ave,Cleveland,OH,44106,Y,,,,Q
58870,Mayor and City Council of Baltimore City,"200 N Holliday Street, Suite 2",Baltimore,MD,21202,Y,,,,M
58871,Citizens Enterprises Corporation,"2 Seaport Lane, Suite 5C",Boston,MA,02210,Y,Y,Y,,Q
58872,Shannon Wind LLC,591 W. Putnam Avenue,Greenwich,CT,06830,Y,Y,Y,,Q
58880,Gallegos Wind Farm LLC,100 California St Suite 400,San Francisco,CA,94111,Y,,,,Q
58883,ERWR Whitcomb Farm Solar LLC,"1700 Broadway, 35th Floor",New York,NY,10019,Y,,,,Q
58887,Michelangelo Wind 3 LLC,"1 Bridge Street, Suite 11",Irvington,NY,10533,Y,,Y,,Q
58888,City of Pittsfield,901 Holmes Road,Pittsfield,MA,01201,Y,,,,M
58891,Jericho Power LLC,One Tower Center Blvd,East Brunswick,NJ,08816,Y,,,,Q
58893,Xeres Ventures LLC,555 Reed Street,Santa Clara,CA,95050,Y,Y,,,COM
58896,Siskiyou Power Authority,190 Greenhorn Road,Yreka,CA,96097,Y,,,,M
58905,NRG Energy Services - Plum Point,2732 S. County Rd 623,Osceola,AR,72370,,Y,,,Q
58929,Cape May County Municipal,1523 US Route 9 North,Cape May,NJ,08210,Y,,,,M
58939,Cameron Wind 1 LLC,310 4th St NE,Charlottesville,VA,22902,Y,Y,,,Q
58944,"Enerparc CA 1, LLC",2120 Cienega Road,Hollister,CA,95023,,Y,Y,,Q
58948,Manatee County Utilities Department,3333 Lena Rd,Bradenton,FL,34211,Y,,,,M
58949,Hangar 160 LLC,8450 E Crescent PKWY,Greenwood Village,CO,80111,Y,,,,Q
58959,Freeport LNG Development L.P,333 Clay Street,Houston,TX,77002,Y,,,,IND
58960,Timberline Energy LLC,46280 Dylan Drive,Novi,MI,48377,Y,,,,Q
58961,United Therapeutics Corporation,1040 Spring Street,Silver Spring,MD,20910,Y,,,,Q
58962,"Fair Wind Power Partners, LLC","1310 Point Street, 8th Floor",Baltimore,MD,21231,Y,,,,Q
58970,"Ecoplexus, Inc",101 Second St.,San Francisco,CA,09410,Y,,,,Q
58971,Danskammer Energy,994 River Road,Newburgh,NY,12550,,Y,,,Q
58977,Bridgeport Disposal LLC,PO Box 337,Bridgeport,NJ,08014,Y,Y,,,IND
58985,Marion Solar LLC,"575 Fifth Ave., 35th Fl.",New York,NY,10017,Y,,Y,,Q
58986,AgriReNew,26618 20th Ave,Stockton,IA,52769,Y,,,,Q
58998,Chapman Ranch Wind LLC,1070 CR 55,Bishop,TX,78343,Y,Y,,,Q
59017,Optimum Wind 5 LLC,"1 Bridge Street, Suite 11",Irvington,NY,10533,Y,,Y,,Q
59018,Optimum Wind 6 LLC,"1 Bridge Street, Suite 11",Irvington,NY,10533,Y,,Y,,Q
59019,Optimum Wind 7 LLC,"1 Bridge Street, Suite 11",Irvington,NY,10533,Y,,Y,,Q
59021,Venus Wind 3 LLC,"1 Bridge Street, Suite 11",Irvington,NY,10533,Y,,Y,,Q
59022,Leonardo Wind 1 LLC,"1 Bridge Street, Suite 11",Irvington,NY,10533,Y,,Y,,Q
59024,Optimum Wind 4 LLC,"1 Bridge Street, Suite 11",Irvington,NY,10533,Y,,Y,,Q
59025,Optimum Wind 3 LLC,"1 Bridge Street, Suite 11",Irvington,NY,10533,Y,,Y,,Q
59026,Michelangelo Wind 1 LLC,"1 Bridge Street, Suite 11",Irvington,NY,10533,Y,,Y,,Q
59027,Michelangelo Wind 4 LLC,"1 Bridge Street, Suite 11",Irvington,NY,10533,Y,,Y,,Q
59039,Arbuckle Mountain Wind Farm LLC,P.O. Box 3827,Houston,TX,77253,Y,,,,Q
59040,Rising Tree Wind Farm II LLC,P.O. Box 3827,Houston,TX,77253,Y,Y,,,Q
59041,Lone Valley Solar Park II LLC,P.O. Box 3827,Houston,TX,77253,Y,Y,,,Q
59042,Rising Tree Wind Farm III LLC,P.O. Box 3827,Houston,TX,77253,Y,Y,,,Q
59045,Eagle Springs Solar LLC,5454 County Road 346,Silt,CO,81652,Y,,,,Q
59050,Algonquin Power Co,2845 Bristol Circle,Oakville,ON,L6H,Y,,Y,,Q
59056,"Tri Global Energy, LLC",17300 N. Dallas Parkway Suite,Dallas,TX,75248,,Y,,,COM
59063,"Camden Solar Center, LLC",1716 Lawrence Drive,De Pere,WI,54115,Y,,,,Q
59093,"Hidden View Dairy, LLC",1498 West SR 14,Indianapolis,IN,47978,Y,Y,,,COM
59097,WED NK Green LLC,"2000 Chapel View Boulevard, Su",Cranston,RI,02920,Y,Y,,,Q
59098,"Northwest Ohio Wind, LLC",One Energy Plaza,Haviland,OH,45851,Y,,,,Q
59100,"Sunlight General Solar Fund II, LLC","135 E. 57th St., Fl. 6",New York,NY,10017,Y,,,,Q
59102,Wessington Wind,700 Universe Blvd.,Juno Beach,FL,33408,Y,Y,,,Q
59105,"WED Coventry One, LLC","2000 Chapel View Boulevard, Su",Cranston,RI,02920,Y,,,,Q
59106,"WED Coventry Two, LLC","2000 Chapel View Boulevard, Su",Cranston,RI,02920,,,Y,,Q
59107,"WED Coventry Three, LLC","2000 Chapel View Boulevard, Su",Cranston,RI,02920,Y,,,,Q
59108,"WED Coventry Four, LLC","2000 Chapel View Boulevard, Su",Cranston,RI,02920,Y,,,,Q
59115,NextEra Energy Seiling Wind,700 Universe Blvd.,Juno Beach,FL,33408,Y,Y,,,Q
59122,The Medical Center Company,2250 Circle Drive,Cleveland,OH,44106,,,Y,,IND
59123,"Carolina Power Partners, LLC","24 Cathedral Place, Ste. 300",St. Augustine,FL,32084,,Y,,,Q
59124,"Ohio Power Partners, LLC",3439 Cincinnati Dayton Road,Middletown,OH,45044,,Y,,,Q
59125,Marlboro Mushroom,200 Clonmell Upland Rd,West Grove,PA,19390,Y,,,,COM
59135,Inst and Envir Div Marine Logistics Base,814 Radford Blvd,Albany,GA,31704,Y,,,,F
59136,Ampersand Hollow Dam Hydro LLC,717 Atlantic Ave,Boston,MA,02111,Y,,,,Q
59139,SunEdison LLC,600 Clipper Drive,Belmont,CA,94002,Y,,,,Q
59140,"Dorena Hydro, LLC",1 Adelaide Street East,Toronto,ON,M5C,Y,,,,Q
59143,Old Mill Solar,700 Universe Blvd.,Juno Beach,FL,33408,Y,Y,,,Q
59146,Red Horse 2,"575 Fifth Ave., 35th Fl.",New York,NY,10017,Y,,Y,,Q
59147,Broshco Fabricated Products,1595 W. Longview Ave.,Mansfield,OH,44906,Y,,,,IND
59155,"Evergreen Wind, LLC",179 Lincoln Street,Boston,MA,02111,Y,Y,Y,,Q
59156,Wapsie Valley Creamery,"300 10th Street, NE",Independence,IA,50644,Y,,,,IND
59157,The Methodist Hospital,6565 Fannin Street,Houston,TX,77030,Y,Y,,,COM
59159,Central Electric Power,P.O. Box 1455,Columbia,SC,29202,,Y,,,C
59160,"East Kansas Agri-Energy, LLC",1304 South Main Street,Garnett,KS,66032,Y,,,,COM
59170,"North American Biofuels, LLC","300 N 5th Ave., Suite 100",Ann Arbor,MI,48104,Y,,,,Q
59171,"Suncore Photovoltaics, Inc",3825 Academy Parkway South NE,Albuquerque,NM,87109,Y,Y,,,COM
59173,City of Tulare Water Pollution Control,1875 South West Street,Tulare,CA,98274,Y,,,,M
59174,"CD US Solar MT3, LLC",8800 North Gainey Center Drive,Scottsdale,AZ,85258,Y,,,,Q
59177,Petra Engineering,PO Box 659,Huntersville,NC,28070,,,Y,,Q
59178,"Brookfield Black Bear Hydro, LLC",1024 Central Street,Millinocket,ME,04462,Y,,,,Q
59180,Newman Solar LLC,"1700 Broadway, 35th Floor",New York,NY,10019,Y,,,,Q
59183,Shafter Solar LLC,700 Universe Blvd.,Juno Beach,FL,33408,Y,Y,,,Q
59185,"CD US Solar PO 3, LLC","8800 N. Gainey Center Drive, S",Scottsdale,AZ,85258,Y,,,,Q
59187,Anaheim Public Utilities,"200 S. Anaheim Blvd, Suite 801",Anaheim,CA,92805,Y,,,,M
59188,Pleasant Hill Wind Energy LLC,318 Cooper Circle,Peachtree City,GA,30269,Y,,,,Q
59190,Plymouth State University,17 High Street,Plymouth,NH,03264,Y,Y,,,COM
59195,Landfill Energy Systems,"46280 Dylan Drive, Suite 200",Novi,MI,48377,Y,,,,Q
59205,"Baker Station Associates, LP",7829 Center Blvd. #100,Snoqualmie,WA,98065,Y,,,,Q
59208,NRG Solar Las Vegas MB-1,5790 Fleet Street,Carlsbad,CA,92008,Y,,,,Q
59209,Concord New Energy,107 Spring Street,Seattle,WA,98104,Y,,,,Q
59211,"Adelanto Solar, LLC",700 Universe Blvd,Juno Beach,FL,33408,Y,Y,,,Q
59212,"Adelanto Solar II, LLC",700 Universe Blvd,Juno Beach,FL,33408,Y,Y,,,Q
59213,Maas Energy Works,3711/100 Meadow View Drive,Redding,CA,96002,,,,Y,Q
59214,"RE Cranbury Solar 1, LLC","135 E. 57th St., Fl. 6",New York,NY,10022,Y,,,,Q
59215,"St. Albans Solar Partners, LLC",410 Shelburne Rd,Burlington,VT,05401,Y,Y,,,Q
59216,"S.C. Johnson & Son, Inc.",1525 Howe Street,Racine,WI,53403,Y,,,,IND
59217,"CBC Alternative Energy, LLC",Transmitter Road,Garner,NC,27529,Y,,,,Q
59218,East. Michigan Univ. Heating Plant,712 Oakwood,Ypsilanti,MI,48197,Y,Y,Y,,COM
59219,Albany Medical Center,43 New Scotland Avenue,Albany,NY,12208,Y,,,,COM
59222,Qualcomm Incorporated,5775 Morehouse Drive,San Diego,CA,92121,Y,,,,COM
59223,"BFI Waste Systems of GA, LLC",5691 S. Richland Creek Road,Buford,GA,30518,Y,,,,Q
59228,"Bowerman Power LFG, LLC",5313 Campbells Run Road,Pittsburgh,PA,15205,Y,,,,Q
59229,Denver Int'l Airport IV Solar,2060 Broadway Suite 480,Boulder,CO,80302,Y,,,Y,Q
59232,Kearsarge Solar LLC,"1380 Soldiers Field Road, Suit",Boston,MA,02135,Y,,,,Q
59237,"Ulysses Solar, LLC","1 Bridge Street, Suite 11",Irvington,NY,10533,Y,,Y,,Q
59238,Palo Duro Wind,700 Universe Blvd.,Juno Beach,FL,33408,Y,Y,,,Q
59239,Bannock County Landfill,1500 N. Fort Hall Mine Road,Pocatello,ID,83204,Y,,,,P
59240,"Clarendon Solar Farm, LLC",c/o 620 Righters Ferry Road,Bala Cynwyd,PA,19004,Y,,,,Q
59241,Claire Solar Partners LLC,23 Pinnacle Drive,South Burlington,VT,05403,Y,,,,Q
59247,"Bearford Solar II, LLC",8800 N. Gainey Center Dr. Suit,Scottsdale,AZ,85258,Y,,,,Q
59251,Brigham Young Univ Idaho,525 South Center,Rexburg,ID,83460,Y,,,,COM
59254,NuGen Capital Management,255 Hope St 2nd Flr,Providence,RI,02809,Y,,,,Q
59257,"Giffen Solar Park, LLC",P.O. Box 2576,Boise,ID,83701,,,Y,,Q
59260,Wright Solar Park LLC,P.O. Box 2576,Boise,ID,83701,Y,,Y,,Q
59263,"Fresh Air Energy XVIII, LLC","1700 Broadway, 35th Floor",New York,NY,10019,Y,,,,Q
59272,"41MB 8me, LLC","111 Woodmere Road, Suite 250",Folsom,CA,95630,Y,,,,Q
59273,"62SK 8me, LLC","575 Fifth Ave., 35th Fl.",New York,NY,10017,Y,,Y,,Q
59274,"SR Hazlehurst, LLC","222 2nd Ave. South, Suite 1900",Nashville,TN,37201,Y,Y,Y,,Q
59286,Heliovaas LLC,265 State Street,Springfield,MA,01103,,,Y,,COM
59287,Laurel Capital Partners,170 N. Radnor Chester Rd ? Sui,Radnor,PA,19087,Y,,,,Q
59290,Solvida Energy Group/Blue Oak Energy,1641 Kains Ave,Berkeley,CA,94702,,Y,,,Q
59298,"Vega Solar, LLC","125 High Street, 17th Floor Hi",Boston,MA,02210,Y,Y,Y,,Q
59300,PNM Resources,414 Silver Ave,Albuquerque,NM,87158,Y,Y,,,I
59307,"Ashley Solar Farm, LLC",200 Seaport Blvd-Z1L,Boston,MA,02210,Y,,,,Q
59319,"Cotton Solar, LLC","1125 E. Morehead Street, Suite",Charlotte,NC,28204,Y,,,,Q
59329,"Wellons Farm, LLC","801 Wood Ridge Center Drive, S",Charlotte,NC,28217,Y,,,,Q
59332,"Yadkin 601 Farm, LLC",200 Seaport Blvd-Z1L,Boston,MA,02210,Y,,,,Q
59340,"Stikeleather Farm, LLC",200 Seaport Blvd-Z1L,Boston,MA,02210,Y,,,,Q
59345,"Colton Solar One, LLC","2241 Kettner Blvd., Suite 300",San Diego,CA,92101,Y,,,,Q
59346,"Colton Solar Two, LLC","2241 Kettner Blvd., Suite 300",San Diego,CA,92101,Y,,,,Q
59353,"AP North Lake I, LP","44 Montgomery Street, Suite 22",San Francisco,CA,94104,Y,Y,Y,,Q
59354,"LKL BLBD, LLC","44 Montgomery Street, Suite 22",San Francisco,CA,94104,Y,Y,Y,,Q
59358,"REUT Origination, LLC",12500 Baltimore Avenue,Beltsville,MD,20705,Y,,,,Q
59359,"BHE Renewables, LLC","666 Grand Avenue, Suite 500",Des Moines,IA,50309,Y,,,,Q
59362,Jericho Rise Wind Farm LLC,P.O. Box 3827,Houston,TX,77253,Y,Y,Y,,Q
59363,"Silver State Solar Power South, LLC",700 Universe Blvd,Juno Beach,FL,33408,Y,Y,,,Q
59364,Safe Harbor,407 B Big Bay Rd,Queensbury,NY,12804,Y,,,,Q
59365,Capital Power Corporation,1200-10423 101 Street NW,Edmonton,AB,T5H 0,Y,,,,Q
59366,"EnLink Midstream Services, LLC","1722 Routh Street, Suite 1300",Dallas,TX,75201,Y,,,,IND
59368,"Calpine Fore River Energy Center, LLC",9 Bridge Street,North Weymouth,MA,02191,Y,,,,Q
59370,"ENERGYneering Solutions, Inc",15820 Barclay Drive,Sisters,OR,97759,,Y,,,Q
59371,Mainline Generation LLC,24 Waterway Ave,Woodlands,TX,77380,,Y,,,Q
59380,"Enel Green Power NA, Inc.","100 Brickstone Square, Suite 3",Andover,MA,01810,Y,,,,Q
59388,"Charlton Solar I, LLC","101 Summer Street, 2nd Floor",Boston,MA,02110,Y,,,,Q
59394,NextEra Energy Resources Breckinridge,700 Universe Blvd.,Juno Beach,FL,33408,Y,Y,,,Q
59395,"631-56 Airport Owner, LLC",631 Airport Road,Fall River,MA,02720,Y,,,,IND
59396,Agua Caliente Solar,67500 Palomas Raod,Dateland,AZ,85333,Y,,,,Q
59399,NRG Solar Blythe,19151 15th Avenue,Blythe,CA,92225,Y,,,,Q
59400,NRG Solar Roadrunner,Bi-National Hwy,Santa Teresa,NM,88044,Y,,,,Q
59409,Eco Services Corp.,2002 Timberloch Place,The Woodlands,TX,77380,Y,,,,IND
59414,"Nelson Gardens Energy, LLC",225 Greenfield Parkway Suite 2,Liverpool,NY,13088,Y,,,,Q
59428,"Sendero Wind Energy, LLC","1310 Point Street, 8th Floor",Baltimore,MD,21231,Y,,,,Q
59452,"Ingenco Renewable Development, LLC",2250 Dabney Road,Richmond,VA,23230,Y,,,,Q
59455,"Venable Solar, LLC",700 Universe Blvd.,Juno Beach,FL,33408,Y,Y,,,Q
59458,Landfill Energy Systems Florida,4034 Knights Trail Road,Nokomis,FL,34275,Y,,,,Q
59462,"Heelstone Energy Holdings, LLC",236 Third Street,Baton Rouge,LA,70801,Y,,Y,,Q
59463,Narragansett Bay Commission,2 Ernest Street,Providence,RI,02905,Y,,,,P
59464,Current Energy Group,801 Wood Ridge Center Drive Su,Charlotte,NC,28217,Y,,,,Q
59474,BQ Energy LLC,47 S. Hamilton Street,Poughkeepsie,NY,12601,Y,,,,Q
59483,Metropolitan Airports Commission,6040 28th Avenue South,Minneapolis,MN,55111,Y,,,,P
59484,Framingham State University,100 State Street,Framingham,MA,01701,Y,,,,S
59493,Scituate Wind LLC,"13 Elm Street, Suite 200",Choasset,MA,02025,Y,,,,Q
59494,Fairhaven Wind LLC,"13 Elm Street, Suite 200",Cohasset,MA,02025,Y,,,,Q
59496,ALLETE Clean Energy,30 West Superior St,Duluth,MN,55802,Y,,,,Q
59497,Eversource,56 Prospect Street,Hartford,CT,06103,Y,,,,I
59500,"Sunny Templeton, LLC",1716 Lawremce Drive,DePere,WI,54115,Y,,,,Q
59501,"Green Pastures Wind I, LLC",8800 N. Gainey Center Dr.,Scottsdale,AZ,85258,Y,,Y,,Q
59502,"Green Pastures Wind II, LLC",8800 N. Gainey Center Dr,Scottsdale,AZ,85258,Y,,Y,,Q
59503,Capital Dynamics,10 East 53rd Street,New York,NY,10022,Y,,,,Q
59504,Kirkwood Community College,6301 Kirkwood Blvd SW,Cedar Rapids,IA,52404,Y,,,,Q
59506,"Valentine Wind, LLC",950 S 10th Street Suite 001,Omaha,NE,68108,Y,,,,Q
59508,"Barton Solar, LLC",PO Box 179,Boxford,MA,01921,Y,,,,Q
59511,"South Street Solar, LLC",12500 Baltimore Ave,Beltsville,MD,20705,Y,,,,Q
59512,"Team-Solar, Inc.",600 Clipper Drive,Belmont,CA,94002,Y,,,,Q
59514,"River Mountains Solar, LLC",12500 Baltimore Ave,Beltsville,MD,20705,Y,Y,Y,,Q
59518,"Wilzig Associates, LLC","90 Woodbridge Center Dr., Suit",Woodbridge,NJ,07095,Y,,,,COM
59519,"TerraForm Solar XVII, LLC",12500 Baltimore Avenue,Beltsville,MD,20705,Y,,,,Q
59524,Seneca Generation LLC,500 Powerhouse Drive,Warren,PA,16365,Y,,,,Q
59526,State Correctnl Inst Laurel Highlands,"PO Box 631, 5706 Glades Pike",Somerset,PA,15501,Y,,,,S
59527,"CalPeak Power, LLC","4350 Executive Drive, Suite 32",San Diego,CA,92121,,Y,,Y,Q
59528,"Kendall Green Energy, LLC",265 First Street,Cambridge,MA,02142,Y,,,,Q
59529,Robeson County Landfill,246 Landfill Road,St. Pauls,NC,28384,,,,Y,P
59533,Facile Solar LLC,2544 Durham-Chapel Blvd,Durham,NC,27707,Y,,,,Q
59534,Oregon Clean Energy Center,816 North Lallendorf Road,Oregon,OH,43616,Y,,,,Q
59540,"SunE SEM 1, LLC",12500 Baltimore Drive,Beltsville,MD,20705,Y,,,,Q
59541,Carroll County Energy LLC,"31 Milk Street, Suite 1001",Boston,MA,02109,Y,,,,Q
59543,Heartland Community College,1500 West Raab Road,Normal,IL,61761,Y,,,,COM
59545,"BWC Origination 4, LLC",12500 Baltimore Avenue,Beltsville,MD,20705,Y,,,,Q
59546,"Nexamp Treasure Valley Solar, LLC",12500 Baltimore Avenue,Beltsville,MD,20705,Y,,,,Q
59549,Targa Pipeline Mid-Continent West OK LLC,"110 W 7th Street, Suite 2300",Tulsa,OK,74119,Y,,,,IND
59550,Croda Inc.,"777 Scudders Mill Road, Bldg.",Plainsboro,NJ,08536,Y,,,,IND
59551,Occidental College,1600 Campus Road,Los Angeles,CA,90041,Y,Y,,,Q
59553,VA Sepulveda Ambulatory Care Center,"16111 Plummer St., Bldg 1 Rm B",North Hills,CA,91343,Y,,,,M
59560,"SunE Solar XVII Project 1, LLC","7550 Wisconsin Avenue, 9th Flo",Bethesda,MD,20814,Y,,,,Q
59561,"SunE Solar XVII Project 2, LLC","7550 Wisconsin Avenue, 9th Flo",Bethesda,MD,20814,Y,,,,Q
59568,"SUEZ North America, Inc.",461 From Road,Paramus,NJ,07652,,Y,Y,,M
59573,"Solar Star Prime 3, LLC",440 Terry Avenue N,Seattle,WA,98144,Y,,,,Q
59589,Rockfish Solar LLC,"1700 Broadway, 35th Floor",New York,NY,10019,Y,,,,Q
59591,Town of Munster,1005 Ridge Road,Munster,IN,46321,Y,Y,,,M
59593,NC Renewable Power - Lumberton LLC,1866 Hestertown Road,Lumberton,NC,28358,Y,,,,Q
59596,Industrial Power Services Corp.,60 East Street (rear),Ware,MA,01082,Y,Y,,,Q
59597,"Broome Energy Resources, LLC",60 East Street (rear),Ware,MA,01082,Y,Y,,,Q
59598,Tooele Army Depot,"1 Tooele Army Depot, Bldg 1510",Tooele,UT,84074,Y,,,,F
59599,"Shoe Show, Inc.",2201 Trinity Church Road,Concord,NC,28027,Y,,,,Q
59613,Fern Solar LLC,"5901 Priestly Drive, Suite 300",Carlsbad,CA,92008,Y,Y,Y,,Q
59614,"Munich Reinsurance America, Inc",685 College Road East,Plainsboro,NJ,08543,Y,,,,COM
59616,"63SU 8me, LLC","575 Fifth Ave., 35th Fl.",New York,NY,10017,Y,,Y,,Q
59617,"Luminace Solar Georgia, LLC","200 Liberty Street, 14 Floor",New York,NY,10281,Y,,,,Q
59626,Northwest Community Hospital,800 West Central,Arlington Heights,IL,60005,Y,,,,COM
59633,Great Bay Solar I LLC,c/o 354 Davis Rd,Oakville,ON,L67,Y,,,,Q
59634,North Star Solar PV LLC,"575 Fifth Ave., 35th Fl.",New York,NY,10017,Y,,Y,,Q
59636,HP Hood LLC,160 Hood Way,Winchester,VA,22602,Y,,,,IND
59648,Lockheed Martin Solar System,3655 Tampa Road,Oldsmar,FL,34677,Y,,,,COM
59650,Pikes Peak Solar Garden 1 LLC,4900 North Scottsdale Rd Suite,Scottsdale,AZ,85251,Y,,,,Q
59651,Adams Community Solar Garden LLC,4900 North Scottsdale Rd Suite,Scottsdale,AZ,85251,Y,,,,Q
59652,Adams Community Solar Garden III LLC,4900 North Scottsdale Rd Suite,Scottsdale,AZ,85251,Y,,,,Q
59653,Palmer Solar LLC,16 Squadron Boulevard #106,New City,NY,10956,Y,,,,COM
59656,Desert Quartzite LLC,15445 Innovation Drive,San Francisco,CA,92128,Y,,,,Q
59660,"Solar Star California XXXII, LLC","8800 N Gainey Center Dr., Suit",Scottsdale,AZ,85258,,,Y,,Q
59662,"Riverside Fuel Cell, LLC",3 Great Pasture Road,Danbury,CT,06810,Y,,,,Q
59672,"SunEnergy1-Scotland Neck, LLC",315 Post Road West,Westport,CT,06880,Y,,,,Q
59673,Choco Solar LLC,315 Post Road West,Westport,CT,06880,Y,,,,Q
59674,Albertson Solar LLC,333 Washington Street,Jersey City,NJ,07302,Y,Y,Y,,Q
59675,Moxie Freedom LLC,"565 5th Ave., 29th floor",New York,NY,10017,Y,,,,Q
59685,JPMorgan Chase Bank,880 Powder Mill Road,Wilmington,DE,19803,Y,,,,COM
59686,Coronado Power Ventures LLC,3608 Preston Road Suite 225,Plano,TX,75093,Y,,,,Q
59695,"SunE Solar XVII Project 3, LLC",7550 Wisconsin Ave 9th Floor,Bethesda,MD,20814,Y,,,,Q
59698,"Sky Global Power One Pledgor, LLC",1302 Waugh #896,Houston,TX,77019,Y,,,,Q
59710,"SR Camden, LLC","222 2nd Ave. South, Suite 1900",Nashville,TN,37201,Y,Y,Y,,Q
59711,Bakersfield 111 LLC,12 S First Street Suite 616,San Jose,CA,95113,Y,,,,Q
59712,AES Tait LLC,4300 Wilson Blvd,Arlington,VA,22203,Y,,,,Q
59713,"Potrero Hills Energy Producers, LLC","1 Energy Plaza, 400 WCB",Detroit,MI,48226,Y,,,,I
59714,Antrim Wind Energy LLC,155 Fleet Street,Portsmouth,NH,03801,Y,,,,Q
59716,SunE DB24 LLC,7550 Wisconsin Ave 9th Floor,Bethesda,MD,20814,Y,,,,Q
59724,"Pepperidge Farm, Inc.- Bloomfield",1414 Blue Hills Ave,Bloomfield,CT,06002,Y,,,,IND
59726,"Windhub Solar B, LLC","530 Gaither Road, Suite 900",Rockville,MD,20850,Y,,,,Q
59727,RE Astoria LLC,"300 California Street, 7th Flo",San Francisco,CA,94104,,,Y,,Q
59728,RE Astoria 2 LLC,300 California Street 7th Floo,San Francisco,CA,94104,Y,,Y,,Q
59729,"Golden West Power Partners, LLC",700 Universe Blvd,Juno Beach,FL,33408,Y,Y,,,Q
59730,"Carousel Wind Farm, LLC",700 Universe Blvd,Juno Beach,FL,33408,Y,Y,,,Q
59736,Columbia Solar Energy LLC,"1700 Broadway, 35th Floor",New York,NY,10019,Y,,,,Q
59744,"Solar Star Colorado III, LLC",1414 Harboy Way South,Richmond,CA,94804,Y,,,,Q
59755,"Murphy Flat Power, LLC","c/o SunEdison, 179 Lincoln St,",Boston,MA,02111,Y,,,,Q
59756,"Orchard Ranch Solar, LLC","c/o SunEdison 179 Lincoln St,",Boston,MA,02111,Y,,,,Q
59757,American Falls Solar LLC,"c/o SunEdison, 179 Lincoln St,",Boston,MA,02111,Y,,,,Q
59758,"American Falls Solar II, LLC","c/o SunEdison, 179 Lincoln St,",Boston,MA,02111,Y,,,,Q
59760,Findlay Wind Farm,12367 Township Road 215,Findlay,OH,45840,Y,,,,Q
59764,"Waipio PV, LLC",804 Carnegie Center,Princeton,NJ,08540,Y,,,,Q
59765,Eight Flags Energy LLC,"1750 S. 14th Street, Suite 200",Fernandina Beach,FL,32034,Y,,,,Q
59766,"SR Jenkins, LLC","222 2nd Ave. South, Suite 1900",Nashville,TN,37201,Y,Y,Y,,Q
59773,"SunE Solar XVI Lessor, LLC",c/o SunEdison 7550 Wisconsin A,Bethesda,MD,20814,Y,,,,Q
59774,Crawfordsville Energy LLC,700 Lafayette Road,Crawforfsville,IN,47933,Y,,,,Q
59775,"Solar Star California XXXI, LLC",1414 Harbour Way South,Richmond,CA,98804,Y,,,,Q
59777,"Buckthorn Westex, LLC",804 Carnegie Center,Princeton,NJ,08540,Y,,,,Q
59780,"Golden Hills Wind, LLC",700 Universe Blvd,Juno Beach,FL,33408,Y,Y,,,Q
59785,"Syncarpha Palmer, LLC","250 West 57th Street, Suite 70",New York,NY,10107,Y,,,,Q
59788,Steel Bridge Solar. LLC,211 Carnegie Center,Princeton,NJ,08540,Y,,,,Q
59789,"Avalon Solar Partners II, LLC",P.O. Box 2576,Boise,ID,83701,,,Y,,Q
59790,"River Bend Solar, LLC",700 Universe Blvd,Juno Beach,FL,33408,Y,Y,,,Q
59791,Lindberg Field Solar I LLC,4900 N. Scottsdale Rd,Scottsdale,AZ,85251,Y,,,,Q
59802,"Live Oak Solar, LLC",700 Universe Blvd,Juno Beach,FL,33408,Y,Y,,,Q
59803,"White Pine Solar, LLC",700 Universe Blvd,Juno Beach,FL,33408,Y,Y,,,Q
59804,"Federal Road Solar 1, LLC",211 Carnegie Center,Princeton,NJ,08540,Y,,,,Q
59805,"BWC Swan Pond River, LLC",211 Carnegie Center,Princeton,NJ,08540,Y,,,,Q
59806,"Grand View PV Solar Two, LLC",325 S Frederick Road,Grand View,ID,83624,,,Y,,Q
59817,"Cedar Bluff Wind, LLC",700 Universe Blvd.,Juno Beach,FL,33408,Y,Y,,,Q
59822,"Syncarpha Massachusetts, LLC","250 West 57th Street, Suite 70",New York,NY,10107,Y,,,,Q
59823,"Syncarpha North Adams, LLC","250 West 57th Street, Suite 70",New York,NY,10107,Y,,,,Q
59824,"Fisher Road Solar I, LLC","250 West 57th Street, Suite 70",New York,NY,10107,Y,,,,Q
59825,"Neisler Street Solar I, LLC","250 West 57th Street, Suite 70",New York,NY,10107,Y,,,,Q
59826,"Syncarpha Bondsville, LLC","250 West 57th Street, Suite 70",New York,NY,10107,Y,,,,Q
59827,"Ampersand Long Falls Hydro, LLC",2 Lathrop Street,Carthage,NY,13619,Y,,,,Q
59831,"White Oak Solar, LLC",700 Universe Blvd,Juno Beach,FL,33408,Y,Y,,,Q
59833,PCA-Valdosta Mill,5495 Clyattville-Lake Park Roa,Valdosta,GA,31601,Y,,,,IND
59834,"GR Catalyst One, LLC",2101 Pearl Street,Boulder,CO,80302,Y,Y,Y,,Q
59838,"SunE DB27, LLC",c/o SunEdison 7550 Wisconsin A,Bethesda,MD,20814,Y,,,,Q
59842,"Blythe Solar 110, LLC",700 Universe Blvd,Juno Beach,FL,33408,Y,Y,,,Q
59843,"Blythe Solar II, LLC",700 Universe Blvd,Juno Beach,FL,33408,Y,Y,,,Q
59844,"Blythe Solar III, LLC",700 Universe Blvd,Juno Beach,FL,33408,Y,Y,,,Q
59845,"Blythe Solar IV, LLC",700 Universe Blvd,Juno Beach,FL,33408,Y,Y,,,Q
59849,Dinuba Energy,6929 Ave 430,Tulare,CA,93654,Y,,,,Q
59860,Jett Creek,"575 Fifth Ave., 35th Fl.",New York,NY,10017,Y,,Y,,Q
59861,Benson Creek,"575 Fifth Ave., 35th Fl.",New York,NY,10017,Y,,Y,,Q
59862,Durbin Creek,"575 Fifth Ave., 35th Fl.",New York,NY,10017,Y,,Y,,Q
59863,Prospector,"575 Fifth Ave., 35th Fl.",New York,NY,10017,Y,,Y,,Q
59864,Willow Spring,"575 Fifth Ave., 35th Fl.",New York,NY,10017,Y,,Y,,Q
59866,Electron Hydro LLC,19318 Electron Rd. E.,Orting,WA,98360,Y,,Y,,Q
59867,"Hood Container of Louisiana, LLC",2015 Hwy. 964,St. Francisville,LA,70775,Y,,,,IND
59868,"Pinyon Pines Wind I, LLC",5004 Camelot Blvd,Mojave,CA,93501,Y,,,,Q
59869,"Pinyon Pines Wind II, LLC",5008 Camelot Blvd,Mojave,CA,93501,Y,,,,Q
59870,"Bishop Hill Energy II, LLC",13870 N 570th Ave,Cambridge,IL,61238,Y,,,,Q
59871,"TX Jumbo Road Wind, LLC",1600 County Road 603,Hereford,TX,79045,Y,,,,Q
59872,"Solar Star California XX, LLC",11936 Rosamond Blvd,Rosamond,CA,93560,Y,,,,Q
59873,"Solar Star California XIX, LLC",15367 Avenue A,Rosamond,CA,93560,Y,,,,Q
59874,Topaz Solar Farms LLC,10400 Helios Way,Santa Margarita,CA,93453,Y,,,,Q
59875,Olin Blue Cube Operations,2301 N Brazosport Blvd,Freeport,TX,77541,Y,,,,IND
59876,Lorin Industries,1960 Roberts St,Muskegon,MI,49442,Y,,,,IND
59879,Greenleaf Energy LLC,5087 S Township Road,Yuba City,CA,95993,Y,,,,Q
59880,Pioneer Crossing Energy LLC,5087 Junction Road,Lockport,NY,14094,Y,,,,Q
59881,Port Charlotte Energy LLC,5087 Junction Road,Lockport,NY,14094,Y,,,,Q
59882,"Javelina Wind Energy, LLC",700 Universe Blvd,Juno Beach,FL,33408,Y,Y,,,Q
59883,NRG Energy Gas & Wind Holdings Inc,211 Carnegie Center,Princeton,NJ,08540,Y,,,,Q
59885,"UIL Distributed Resources, LLC",c/o UIL Holdings Corporation 1,New Haven,CT,06506,Y,,,,Q
59893,Northern Water Hydropower Enterprise,220 Water Avenue,Berthoud,CO,80513,Y,,,,P
59894,"HCE Johnston I, LLC","4325 Lake Boone Trail, Suite 2",Raleigh,NC,27607,Y,Y,Y,,Q
59895,Patheon Manufacturing Service LLC,5900 Martin Luther King Jr Hig,Greenville,NC,27834,Y,,,,IND
59898,"Kawailoa Solar, LLC","575 Fifth Ave., 35th Fl.",New York,NY,10017,Y,,,,Q
59899,"OEE XVII, LLC",12385 Township Road 215,Findlay,OH,45840,Y,,,,IND
59905,"OEE XIX, LLC",12385 Township Road 215,Findlay,OH,45840,Y,,,,IND
59910,Audrey Solar LLC,850 Oak Grove Ave.,Menlo Park,CA,94025,,Y,Y,,Q
59911,Milo Solar LLC,850 Oak Grove Ave,Menlo Park,CA,94025,Y,,,,Q
59912,Amethyst Solar LLC,850 Oak Grove Ave,Menlo Park,CA,94025,Y,,,,Q
59913,Minnie Solar LLC,850 Oak Grove Ave,Menlo Park,CA,94025,Y,,,,Q
59914,Sophie Solar LLC,850 Oak Grove Ave,Menlo Park,CA,94025,Y,,,,Q
59915,Star Solar LLC,850 Oak Grove Ave,Menlo Park,CA,94025,Y,,,,Q
59916,Owen Solar LLC,850 Oak Grove Ave,Menlo Park,CA,94025,Y,,,,Q
59917,Luminant Dick's Creek,632 Todhunter Rd,Monroe,OH,45050,Y,Y,Y,,Q
59918,Dynegy Kincaid Generation,4 Miles West of Kincaid R T 10,Kincaid,IL,62540,Y,,,,Q
59919,Luminant Miami Fort,11021 Brower Rd,North Bend,OH,45052,Y,Y,Y,,Q
59921,Lee County Generating Station,1674 Red Brick Rd.,Dixon,IL,61021,,Y,,,Q
59922,Dynegy Washington Energy Facility,859 St. RT 83,Beverly,OH,45715,Y,,,,Q
59923,"Fayette Power Company, LLC",100 Energy Drive,Masontown,PA,15461,Y,Y,,,Q
59924,Dynegy Hanging Rock Energy Facility,1395 County Rd 1A,Ironton,OH,45638,Y,,,,Q
59928,Salem Harbor Power Development LP,24 Fort Avenue,Salem,MA,01970,Y,,,,Q
59942,Argos Solar LLC,"1 Bridge Street, Suite 11",Irvington,NY,10533,Y,,Y,,Q
59946,"ADS Renewable Energy- Wolf Creek, LLC","1001 Fannin, Suite 4000",Houston,TX,77002,Y,Y,,,Q
59951,"Conetoe Solar, LLC",333 Washington Street,Jersey City,NJ,07302,Y,Y,Y,,Q
59952,"Sugar Run Solar, LLC",315 Post Road West,Westport,CT,06880,Y,,,,Q
59960,"MPC Generating, LLC",208 Cherry Hill Road,Monroe,GA,30656,,Y,,,I
59966,Wolf Summit Energy LLC,500 Alexander Park Dr Ste 300,Princeton,NJ,08540,Y,,,,Q
59967,Phoenix Energy,P.O. Box 29166,San Francisco,CA,94129,Y,,,,Q
59969,Whitethorn Solar LLC,"1700 Broadway, 35th Floor",New York,NY,10019,Y,,,,Q
59973,Marshall Solar Energy Project,700 Universe Blvd.,Juno Beach,FL,33408,Y,Y,,,Q
59976,"WestRock Mill Company, LLC",28270 U.S. Highway 80,Demopolis,AL,36732,Y,,,,IND
59977,Hemlock Solar LLC,"1700 Broadway, 35th Floor",New York,NY,10019,Y,,,,Q
59978,HXNAir Solar One LLC,"1700 Broadway, 35th Floor",New York,NY,10019,Y,,,,Q
59979,"Cotton Plains Wind I, LLC","910 Louisiana St., Suite 2400",Houston,TX,77002,Y,Y,Y,,Q
59980,Walnut Creek LLC,911 Bixby Drive,City of Industry,CA,91745,,Y,,,Q
59999,"Rocksprings Val Verde Wind, LLC","415 N LaSalle Drive, Suite 501",Chicago,IL,60654,Y,Y,,,Q
60003,Zero Waste Energy Development Company LLC,685 Los Esteros Road,San Jose,CA,95134,Y,,,,IND
60018,"NET Power, LLC","1310 Point Street, 8th Floor",Baltimore,MD,21231,Y,,,,Q
60023,EONY Generation Limited,2711 Hunt Club Rd.,Ottawa,ON,K1G,Y,,,,Q
60025,Greenbacker Renewable Energy Corporation,"11 East 44th Street, Suite 120",New York,NY,10017,Y,Y,Y,,Q
60036,"SR Clinch, LLC","222 2nd Ave. South, Suite 1900",Nashville,TN,37201,Y,Y,Y,,Q
60038,Silicon Valley Clean Water,1400 Radio Road,Redwood City,CA,94065,Y,,,,M
60044,"Bluestem Wind Energy, LLC","1310 Point Street, 8th Floor",Baltimore,MD,21231,Y,,,,Q
60046,"TPE Alta Luna, LLC","575 Fifth Ave., 35th Fl.",New York,NY,10017,Y,,Y,,Q
60047,Clean Water Services,16060 SW 85th Ave,Tigard,OR,97224,Y,,,,M
60048,PHR Holdings LLC,24 Waterway Ave.,The Woodlands,TX,77380,,Y,Y,,Q
60054,Duke Energy Florida Solar Solutions,"400 South Tryon St, ST13A",Charlotte,NC,28202,Y,,,,Q
60058,Hollingsworth & Vose Co West Groton,112 Washington Street,East Walpole,MA,02056,Y,,,,IND
60059,ZGlobal Inc,"604 Sutter Street, Suite 250",Folsom,CA,95630,,,Y,,Q
60060,"SR Mavericks, LLC","222 2nd Ave. South, Suite 1900",Nashville,TN,37201,Y,Y,Y,,Q
60067,Westside Assets LLC,4700 Wilshire Blvd,Los Angeles,CA,90010,Y,,Y,,Q
60068,Red Horse III,"575 Fifth Ave., 35th Fl.",New York,NY,10017,Y,,Y,,Q
60073,"St. Matthews Solar, LLC",130 Roberts Street,Asheville,NC,28801,Y,Y,Y,,Q
60081,"Coram California Development, L.P.",700 Universe Blvd.,Juno Beach,FL,33408,Y,Y,,,Q
60082,ECOsponsible LLC,PO Box 114,West Falls,NY,14170,Y,,,,Q
60094,"Clinton Battery Utility, LLC","1310 Point Street, 8th Floor",Baltimore,MD,21231,Y,,,,Q
60097,"San Isabel Solar, LLC","1700 Broadway, 35th Floor",New York,NY,10019,Y,,,,Q
60098,"MS Solar 2, LLC","575 Fifth Ave., 35th Fl.",New York,NY,10017,Y,,Y,,Q
60100,"PSEG Keys Energy Center, LLC",10322 North Keys Road,Brandywine,MD,20613,,Y,,,Q
60118,"83WI 8ME, LLC",1200 New Hampshire Ave NW Ste,Washington,DC,20036,Y,,,,Q
60123,Southeast Alaska Power Agency,55 Don Finney Lane,Ketchikan,AK,99901,Y,,,,P
60125,"Providence Solar Center, LLC","222 2nd Ave. South, Suite 1900",Nashville,TN,37201,Y,Y,Y,,Q
60127,"SSA Solar of NM 3, LLC",311 N. Bayshore Drive,Safety Harbor,FL,34695,Y,,,,Q
60128,"Electra Wind, LLC","4200 Wilson Blvd., Suite 420",Arlington,VA,22203,Y,Y,Y,,Q
60129,"Horse Creek Wind, LLC","4200 Wilson Blvd., Suite 420",Arlington,VA,22203,Y,Y,Y,,Q
60130,"Albany Green Energy, LLC",300 Exelon Way,Kennett Square,PA,19348,Y,Y,,,Q
60131,"South Field Energy, LLC","31 Milk Street, Suite 1001",Boston,MA,02109,Y,,,,Q
60134,AltaGas Ripon Energy Inc.,944 South Stockton Ave,Ripon,CA,95366,Y,Y,,,Q
60143,Bison Solar LLC,"1700 Broadway, 35th Floor",New York,NY,10019,Y,,,,Q
60145,NRG Solar Las Vegas MB 2,4900 N Scottsdale Rd; 5th Floo,Scottsdale,AZ,85251,Y,,,,Q
60146,Ameresco Federal Solutions,"520 W. Summit Hill Drive, Suit",Knoxville,TN,37902,Y,Y,,,COM
60148,"Brady Wind, LLC",700 Universe Blvd,Juno Beach,FL,33408,Y,Y,,,Q
60149,"Brady Wind II, LLC",700 Universe Blvd,Juno Beach,FL,33408,Y,Y,,,Q
60150,"SunE DB42, LLC","c/o SunEdison, 179 Lincoln St,",Boston,MA,02111,Y,,,,Q
60153,Mendocino Forest Products,1360 19th Hole Drive Suite 200,Windsor,CA,95492,Y,,,,COM
60154,White Street Renewables LLC,2503 White Street,Greensboro,NC,27405,Y,,,,Q
60155,"Old Settler Wind, LLC","910 Louisiana St., Suite 2400",Houston,TX,77002,Y,Y,,,Q
60162,"Hummel Station, LLC",2386 North Old Trail Rd,Shamokin Dam,PA,17876,Y,,,,Q
60164,ILR Landfill,Mill Road,Edison,NJ,08817,Y,,,,I
60166,Materials Innovation Recycling Authority,200 Corporate Place,Rocky Hill,CT,06067,Y,Y,,,P
60168,"Shelby County Energy Center, LLC",3575 E 400 North Road,Neoga,IL,62447,Y,Y,,,Q
60170,"Clean Energy Future-Lordstown, LLC",1853 Henn Pkway,Warren,OH,44481,,Y,,,Q
60182,"SRJFC, LLC",3 Great Pasture Road,Danbury,CT,06810,Y,,,,Q
60189,"SJA Solar, LLC",804 Carnegie Center,Princeton,NJ,08540,Y,,,,Q
60190,"MC1 Solar Farm, LLC",NC Hwy 125,Williamston,NC,27892,Y,,,,Q
60191,"RE Barren Ridge 1, LLC","300 California Street, 7th flo",San Francisco,CA,94104,,,Y,,Q
60194,"Fuyao Glass Illinois, Inc",2768 E. Elwin Rd,Decatur,IL,62521,Y,,,,IND
60195,"Groton Station Fuel Cell, LLC",Great Pasture Road,Danbury,CT,06810,Y,Y,,,Q
60207,"Pisgah Mountain, LLC",129 7th St,Bangor,ME,04401,Y,Y,Y,,Q
60208,Chaves Solar LLC,700 Universe Blvd,Juno Beach,FL,33408,Y,Y,,,Q
60209,"Roswell Solar, LLC",700 Universe Blvd.,Juno Beach,FL,33408,Y,Y,,,Q
60217,San Bernardino Valley Mun. Water Dist.,380 East Vanderbilt Way,San Bernardino,CA,92408,Y,,,,M
60222,"Haida Energy, Inc.",136 Misty Marie Lane,Ketchikan,AK,99901,Y,,,,I
60223,Ketchikan Electric Company,P.O. Box 3222,Port Townsend,WA,98368,Y,,,,Q
60227,ORNI 37 LLC,1132 Gabbs Valley Road,Luring,NV,89420,Y,,,,Q
60228,CoServ Electric,7701 S. Stemmons Fwy,Corinth,TX,76210,,Y,Y,,C
60230,"ORNI 47, LLC",1132 Gabbs Valley Road,Luning,NV,89420,Y,,,,Q
60231,"SEC LHNY Solar One, LLC",700 Universe Blvd,Juno Beach,FL,33408,Y,Y,,,Q
60232,Clenera LLC,"999 W Main Street, Suite 800",Boise,ID,83702,Y,Y,Y,,Q
60238,Pavant Solar II LLC,"1700 Broadway, 35th Floor",New York,NY,10019,Y,,,,Q
60239,"Oneida DG Solar, LLC",700 Universe Blvd,Juno Beach,FL,33408,Y,Y,,,Q
60240,"SEC CRSD Solar One, LLC",700 Universe Blvd,Juno Beach,FL,33408,Y,Y,,,Q
60242,"Athens Energy, LLC",164 Harmony Rd,Athens,ME,04912,Y,,,,Q
60246,"Sunray Energy 2, LLC",P.O. Box 2576,Boise,ID,83701,,,Y,,Q
60247,Sunray Energy 3 LLC,P.O. Box 2576,Boise,ID,83701,,,Y,,Q
60249,"Tenaska Pennsylvania Partners, LLC",14302 FNB Parkway,Omaha,NE,68154,Y,Y,,,Q
60250,"DG Bethlehem Solar, LLC",700 Universe Blvd,Juno Beach,FL,33408,Y,Y,,,Q
60251,"GRP Franklin Renewable Energy Facility, LLC",3465 Highway 198,Carnesville,GA,30521,Y,,,,Q
60258,Paulding Wind Farm III LLC,P.O. Box 3827,Houston,TX,77253,Y,,,,Q
60259,"Green River Wind Farm Phase 1, LLC",8400 Normandale Lake Blvd,Bloomington,MN,55437,Y,Y,,,Q
60263,"SR Skylark B, LLC","222 2nd Ave. South, Suite 1900",Nashville,TN,37201,Y,Y,Y,,Q
60268,"Hartz Solar, LLC",500 Plaza Drive ? 6th Floor,Secaucus,NJ,07094,Y,,,,COM
60277,54 KR 8me LLC,"111 Woodmere Road, Suite 250",Folsom,CA,95630,Y,,Y,,Q
60278,64KT 8me LLC,"111 Woodmere Road, Suite 250",Folsom,CA,95630,Y,,,,Q
60281,"Altus Power America Management, LLC","2200 Atlantic St, 6th floor",Stamford,CT,06920,Y,Y,Y,,Q
60290,"Crocker Wind Farm, LLC",8400 Normandale Lake Blvd Suit,Bloomington,MN,55437,Y,Y,,,Q
60293,"DG Colorado Solar, LLC",700 Universe Blvd,Juno Beach,FL,33408,Y,Y,,,Q
60295,University Of Arkansas,1 University Of Arkansas,Fayetteville,AR,72701,Y,Y,Y,,COM
60297,"Limerick Road Solar, LLC",PO Box 309,Shelburne,VT,05482,Y,,,,Q
60301,158th Fighter Wing,105 NCO Drive,South Burlington,VT,05403,Y,,,,F
60302,"Wind GEM, LLC",2624 Pinewood Ave,Greenfield,IA,50849,Y,,,,Q
60303,"Innovative Solar 42, LLC","1 Bridge Street, Suite 11",Irvington,NY,10533,Y,,Y,,Q
60307,NRG Solar Blythe II LLC,16490 Riverside Ave,Blythe,CA,92225,Y,,,,Q
60326,"Hattiesburg Farm, LLC","222 2nd Ave. South, Suite 1900",Nashville,TN,37201,Y,Y,Y,,Q
60328,Big Level Wind LLC,110 12 Ave SW,Calgary,AB,T2P 2,Y,,,,Q
60330,"SR South Loving, LLC","222 2nd Ave. South, Suite 1900",Nashville,TN,37201,Y,Y,Y,,Q
60331,"Selmer North Solar I, LLC","222 2nd Ave. South, Suite 1900",Nashville,TN,37201,Y,Y,Y,,Q
60332,"Selmer North Solar II, LLC","222 2nd Ave. South, Suite 1900",Nashville,TN,37201,Y,Y,Y,,Q
60334,"SR Millington, LLC","222 2nd Ave. South, Suite 1900",Nashville,TN,37201,Y,Y,Y,,Q
60336,SDGE Batteries,8305 Century Park Court,San Diego,CA,92123,Y,,,,I
60338,HQC Rock River Solar Power Generation Station LLC,300 Spectrum Center Dr. Ste 12,Irvine,CA,92618,Y,,,,Q
60349,"Juneau Hydropower, Inc",PO Box 22775,Juneau,AK,99802,Y,,,,Q
60350,"CPV Fairview, LLC",1 North Lexington Ave,White Plains,NY,10601,Y,,Y,,Q
60358,BC Solar,"1700 Broadway, 35th Floor",New York,NY,10019,Y,,,,Q
60364,Ninnescah Wind Energy LLC,700 Universe Blvd,Juno Beach,FL,33408,Y,Y,,,Q
60365,NRG Renew Canal 1 LLC,804 Carnegie Center,Princeton,NJ,08540,Y,,,,Q
60369,City of Worcester DPW,20 East Worcester St,Worcester,MA,01604,Y,,,,M
60370,"DG AMP Solar, LLC",700 Universe Blvd.,Juno Beach,FL,33408,Y,Y,,,Q
60371,"Kingman Wind Energy, LLC",700 Universe Blvd,Juno Beach,FL,33408,Y,Y,,,Q
60380,"Cork Oak Solar, LLC","1700 Broadway, 35th Floor",New York,NY,10019,Y,,,,Q
60381,"Sunflower Solar, LLC","1700 Broadway, 35th Floor",New York,NY,10019,Y,,,,Q
60384,"Javelina Wind Energy II, LLC",700 Universe Blvd.,Juno Beach,FL,33408,Y,Y,,,Q
60387,"Townsite Solar, LLC","6501 Red Hook Plaza, Suite 201",St Thomas,VI,00802,Y,,,,Q
60389,Rabbit Hill Energy Storage Project,6884 Sierra Center Parkway,Reno,NV,89511,Y,,,,Q
60394,"Willey Battery Utility, LLC",7303 Willey Rd,Hamilton,OH,45013,,Y,Y,,Q
60395,"California Ethanol Power, LLC",PO Box 3564,Manhattan Beach,CA,92227,Y,,,,IND
60396,Constellation New Energy Inc.,"200 Liberty Street, 14 Floor",New York,NY,10281,Y,,,,Q
60397,Osborn Wind Energy LLC,700 Universe Blvd.,Juno Beach,FL,33408,Y,Y,,,Q
60399,"GASNA 6P, LLC","50 California St., Suite 820",San Francisco,CA,94111,Y,,,,Q
60400,"Phantom Solar, LLC","910 Louisiana St., Suite 2400",Houston,TX,77002,Y,Y,Y,,Q
60401,"Tannery Road Solar, LLC",311 N Bayshore Drive,Safety Harbor,FL,34695,Y,Y,Y,,Q
60403,"TRS Fuel Cell, LLC",3 Great Pasture Road,Danbury,CT,06810,Y,,,,Q
60404,"Luminace Solar Arizona 2, LLC","200 Liberty Street, 14 Floor",New York,NY,10281,Y,,,,Q
60406,"Cimarron Bend Wind Project I, LLC","100 Brickstone Square, Suite 3",Andover,MA,01810,Y,Y,,,Q
60407,"Cimarron Bend Wind Project II, LLC","100 Brickstone Square, Suite 3",Andover,MA,01810,Y,Y,,,Q
60408,Pierre Solar,7650 Edinborough Way,Edina,MN,55435,,Y,,,Q
60409,"Blue Summit Storage, LLC",700 Universe Blvd.,Juno Beach,FL,33408,Y,Y,,,Q
60412,"Portal Ridge Solar, LLC","575 Fifth Ave., 35th Fl.",New York,NY,10017,Y,,Y,,Q
60413,"Rancho Seco Solar, LLC","575 Fifth Ave., 35th Fl.",New York,NY,10017,Y,,Y,,Q
60416,BIF III Holtwood LLC,407 B Big Bay Rd,Queensbury,NY,12804,Y,Y,,,Q
60417,Wallenpuapack Hydro,407 B Big Bay Rd,Queensbury,NY,12804,Y,,,,Q
60421,Brandon Shores LLC,"600 Hamilton Street, Suite 600",Allentown,PA,18101,Y,Y,,,Q
60422,H.A. Wagner LLC,"600 Hamilton Street, Suite 600",Allentown,PA,18101,Y,Y,,,Q
60428,"Green City Recovery, LLC",493 Double Culvert Road,Georgetown,KY,40324,,Y,,,IND
60430,Wind Colebrook South,17 Flagg Hill Road,Colebrook,CT,06021,Y,,,,Q
60431,"MRP Generation Holdings, LLC",1901 S 4th St.,Effingham,IL,62401,Y,,,,Q
60432,"Middle River Power II, LLC",200 W Madison Suite 3810,Chicago,IL,60606,,,Y,,Q
60434,Chisago Community Solar,"17200 N. Perimeter Drive, Suit",Scottsdale,AZ,85004,Y,,,,Q
60435,Ursa Community Solar,"17200 N. Perimeter Drive, Suit",Scottsdale,AZ,85004,Y,,,,Q
60436,Sunrise Community Solar,"17200 N. Perimeter Drive, Suit",Scottsdale,AZ,85004,Y,,,,Q
60437,Rosemount Community Solar,"17200 N. Perimeter Drive, Suit",Scottsdale,AZ,85004,Y,,,,Q
60438,Paynesville Community Solar,"17200 N. Perimeter Drive, Suit",Scottsdale,AZ,85004,Y,,,,Q
60439,Orion Community Solar,"17200 N. Perimeter Drive, Suit",Scottsdale,AZ,85004,Y,,,,Q
60440,Northfield Community Solar,"17200 N. Perimeter Drive, Suit",Scottsdale,AZ,85004,Y,,,,Q
60441,Green Cow Power LLC,24130 County Rd. 40,Goshen,IN,46526,Y,,,,IND
60443,"Rattlesnake Power, LLC",1435 Bedford Avenue Suite C-2,Pittsburgh,PA,15219,,,Y,,Q
60444,Argonne National Laboratory,9700 S. Cass Ave,Lemont,IL,60439,Y,Y,Y,,F
60448,Simcoe Solar,8800 N Gainey Center Dr,Scottsdale,AZ,85258,Y,,,,Q
60453,Onward Energy,"767 Third Avenue, 17th Floor",New York,NY,10017,Y,,,,Q
60454,"Williamston Speight Solar, LLC",315 Post Road West,Westport,CT,06880,Y,,,,Q
60455,"PVN Milliken, LLC","101 Summer Street, 2nd Floor",Boston,MA,02110,Y,,,,Q
60456,"Apple Blossom Wind, LLC",8390 Weale Rd.,Pigeon,MI,48755,Y,Y,,,Q
60458,"South Fork Wind, LLC","1350 Lagoon Ave, Suite 840",Minneapolis,MN,55408,Y,Y,Y,,Q
60462,Community Foodbank of NJ,31 Evans Terminal,Hillside,NJ,07205,Y,,,,I
60467,Royal Wine Corp,63 Lefante Drive,Bayonne,NJ,07002,Y,,,,IND
60471,"Mt. Tom Solar, LLC",1990 Post Oak Blvd.,Houston,TX,77056,Y,,,,Q
60472,Tungsten Mountain,17017 Alpine Road West,Fallon,NV,89406,Y,,,,Q
60474,"Vanguard Energy Partners, LLC",2 Commerce Street,Branchburg,NJ,08876,,,,Y,COM
60476,"Bluebell Solar, LLC",700 Universe Blvd,Juno Beach,FL,33408,Y,Y,,,Q
60477,LaFrontera Holdings LLC,6555 Sierra Drive,Irving,TX,75039,Y,Y,,,Q
60478,South Atlantic Services Inc,3527 Hwy 421 N,Wilmington,NC,28402,Y,Y,,,IND
60479,"Iron Horse Solar 4, LLC","250 West 57th St, Suite 701",New York,NY,10107,Y,,,,Q
60480,Catawba Solar LLC,3405 Piedmont Road Suite 400,Atlanta,GA,30305,Y,,,,Q
60481,Northwestern Lake Forest Hospital,660 N. Westmoreland Rd.,Lake Forest,IL,60073,Y,,,,COM
60484,"Bashaw Solar 1, LLC",804 Carnegie Center,Princeton,NJ,08540,Y,,,,Q
60485,Dodge Holdco LLC,804 Carnegie Center,Princeton,NJ,08540,Y,,,,Q
60486,Webster Holdco LLC,7383 40TH ST W Unit 1-5,Webster,MN,55088,Y,,,,Q
60487,Wabasha Holdco LLC,804 Carnegie Center,Princeton,NJ,08540,Y,,,,Q
60488,"Hwy 14 Holdco, LLC",804 Carnegie Center,Princeton,NJ,08540,Y,,,,Q
60489,Big Lake Holdco LLC,804 Carnegie Center,Princeton,NJ,08540,Y,,,,Q
60490,"Pine Island Holdco, LLC",804 Carnegie Center,Princeton,NJ,08540,Y,,,,Q
60491,Forest Lake Holdco LLC,804 Carnegie Center,Princeton,NJ,08540,Y,,,,Q
60492,Walton Discover LLC,230 Country Road 315 PO Box 66,Smiths Station,AL,36877,Y,Y,,,C
60493,Walton Bainbridge LLC,1695 Martin Luther King Drive,Bainbridge,GA,39817,Y,,,,C
60495,"Sunpin Holdings, LLC",12424 Wilshire Blvd,Los Angeles,CA,90025,Y,,,,Q
60496,"Adapture Renewables, Inc.","1901 Harrison Street, Suite 16",Oakland,CA,94612,Y,,,,Q
60501,Farmington Holdco LLC,804 Carnegie Center,Princeton,NJ,08540,Y,,,,Q
60503,Aurora Generation LLC,2909 N. Eola Road,Aurora,IL,60502,Y,,,,Q
60504,Rockford Generation LLC,136 Harrison Ave,Rockford,IL,61104,Y,,,,Q
60507,"Fresh Air Energy XXXV, LLC","1700 Broadway, 35th Floor",New York,NY,10019,Y,,,,Q
60511,"SR Houston Holdings, LLC","222 2nd Ave. South, Suite 1900",Nashville,TN,37201,Y,Y,Y,,Q
60513,"Bird Machine Solar Farm, LLC",333 Washington Street,Jersey City,NJ,07302,Y,,,,Q
60514,"Iron Horse Solar 1, LLC",333 Washington Street,Jersey City,NJ,07302,Y,,,,Q
60515,Astra Wind LLC,"1212 New York Avenue, N.W., Su",Washington,DC,20005,Y,,,,Q
60516,NES Rutgers LLC,319 Sweetmans Lane,Millstone Township,NJ,08535,Y,,,,COM
60518,"California PV Energy 2, LLC","200 Liberty Street, 14 Floor",New York,NY,10281,Y,,,,Q
60520,SoCore Energy LLC,"225 West Hubbard Street, Suite",Chicago,IL,60654,Y,,,,Q
60521,Equity Industrial Turbines,"145 Rosemary Street, Suite E",Needham,MA,02494,Y,,,,Q
60524,"Pico Energy, LLC",5313 Campbells Run Road,Pittsburgh,PA,15205,,Y,,,Q
60529,"Sutton Solar, LLC","101 Summer Street, 2nd Floor",Boston,MA,02110,Y,,,,Q
60530,"Nexamp Peak, LLC","101 Summer Street, 2nd Floor",Boston,MA,02110,Y,,,,Q
60531,Standard Solar,1355 Piccard Drive Suite 300,Rockville,MD,20850,Y,Y,Y,,Q
60532,Bernhardt Furniture Company,1839 Morganton Blvd,Lenoir,NC,28645,Y,,,,IND
60537,"Deerfield Wind Energy, LLC",C/O 354 Davis Road,Oakville,ON,L6H2X,Y,,,,Q
60538,Vitro Architectural Glass,7400 Central Freeway North,Wichita Falls,TX,76305,Y,,,,IND
60539,Will County Energy LLC,26W 271 Durfee,Wheaton,IL,60189,Y,,,,Q
60541,Ameresco Glendale Road Solar PV LLC,"111 Speen Street, Suite 410",Framingham,MA,01701,Y,,,,Q
60542,"Willow Springs Windfarm, LLC","812 San Antonio Street, Suite",Austin,TX,78701,Y,Y,Y,,Q
60543,"Dermott Wind, LLC","401 N Michigan Ave, Suite 501",Chicago,IL,60611,,,Y,,Q
60545,"City of Auburn, New York",35 Bradley Street,Auburn,NY,13021,Y,,,,M
60556,"Fusion Solar Centre, L.L.C","575 Fifth Ave., 35th Fl.",New York,NY,10017,Y,,Y,,Q
60557,"PB Nutclif Master, LLC",340 Kingsland Street,Nutley,NJ,07110,Y,,,,COM
60561,Nippon Dynawave Packaging Co.,3401 Industrial Way,Longview,WA,98632,Y,,,,IND
60562,"Oliver Wind III, LLC",700 Universe Blvd.,Juno Beach,FL,33408,Y,Y,,,Q
60564,GP Center Holdings LLC,133 Peachtree Street NE,Atlanta,GA,30303,,,Y,,COM
60567,"Green Energy Machine, LLC",2624 Pinewood Ave,Greenfield,IA,50849,Y,,,,Q
60568,Sugar Creek Wind One LLC,310 4th St. NE,Charlottesville,VA,22902,Y,Y,,,Q
60569,"Lincoln Land Wind, LLC",310 4th St. NE,Charlottesville,VA,22902,Y,Y,,,Q
60571,"AEP Onsite Partners, LLC","303 Marconi Boulevard, Suite 4",Columbus,OH,43215,Y,Y,Y,,Q
60572,AlsoEnergy,"5425 Airport Boulevard, Suite",Boulder,CA,80301,,Y,,,COM
60573,Oak Leaf Solar V LLC,7550 Wisconsin Ave 9th Floor,Bethesda,MD,20814,Y,,,,Q
60577,"Creston Ridge, LLC",950 S 10th Street Suite 001,Omaha,NE,68108,Y,,,,Q
60578,"CCC Hastings Renewable Energy, LLC",950 S 10th Street Suite 001,Omaha,NE,68108,Y,Y,,,Q
60580,"Community Renewables, LLC",1105 Elm Cove,Luverne,MN,56156,Y,,,,Q
60584,Onyx Asset Services Group,230 Park Avenue,New York,NY,10169,,,Y,,Q
60586,Westlake Chemical Natrium Plant,15696 Energy Rd.,Proctor,WV,26055,Y,,,,IND
60587,Antlia Community Solar,"17200 N. Perimeter Drive, Suit",Scottsdale,AZ,85004,Y,,,,Q
60588,Aries Community Solar,"17200 N. Perimeter Drive, Suit",Scottsdale,AZ,85004,Y,,,,Q
60589,Centaurus Community Solar,"17200 N. Perimeter Drive, Suit",Scottsdale,AZ,85004,Y,,,,Q
60590,Gemini Community Solar,"17200 N. Perimeter Drive, Suit",Scottsdale,AZ,85004,Y,,,,Q
60591,Mapleton Community Solar,"17200 N. Perimeter Drive, Suit",Scottsdale,AZ,85004,Y,,,,Q
60592,Morgan Community Solar,"17200 N. Perimeter Drive, Suit",Scottsdale,AZ,85004,Y,,,,Q
60593,Spica Community Solar,"17200 N. Perimeter Drive, Suit",Scottsdale,AZ,85004,Y,,,,Q
60594,Vega Community Solar,"17200 N. Perimeter Drive, Suit",Scottsdale,AZ,85004,Y,,,,Q
60597,"Violet Solar, LLC","801 Wood Ridge Center Drive, S",Charlotte,NC,28217,Y,,,,Q
60608,Vitro Flat Glass LLC,3333 S Peach Ave,Fresno,CA,93725,Y,Y,,,IND
60609,"Clean Focus Renewables, Inc.","150 Mathilda Place, Suite 206",Sunnyvale,CA,94086,Y,,,,COM
60610,"OSLH, LLC",130 Roberts Street,Asheville,NC,28801,Y,Y,Y,,Q
60611,"Darlington Solar, LLC",130 Roberts Street,Asheville,NC,28801,Y,Y,Y,,Q
60614,"Westside Solar, LLC",700 Universe Blvd.,Juno Beach,FL,33408,Y,Y,,,Q
60617,"Buckthorn Wind Project, LLC",1200-10423 101 Street NW,Edmonton,AB,T5H 0,Y,,,,Q
60618,"Lindberg Field Solar 2, LLC",804 Carnegie Center,Princeton,NJ,08540,Y,,,,Q
60619,"Whitney Point Solar, LLC",700 Universe Blvd.,Juno Beach,FL,33408,Y,Y,,,Q
60628,"Inovateus Solar, LLC",19890 Stateline Rd,South Bend,IN,46637,Y,Y,,,Q
60634,AEM Wind LLC,"415 N LaSalle Drive, Suite 501",Chicago,IL,60654,Y,Y,,,Q
60636,"SolaireHolman 1, LLC",201 Mission St. Suite 1200,San Francisco,CA,94105,Y,,,,Q
60637,"Sentinel Peak Resources California, LLC",1200 Discovery Dr.,Bakersfield,CA,93309,Y,,,,IND
60638,"Victoria WLE, LP",1205 Bottom St.,Victoria,TX,77901,,Y,,,Q
60641,Veolia NA - Municipal & Commercial Business,53 State Street,Boston,MA,02109,,Y,,,IND
60642,"Dunn Paper East Hartford, LLC",2 Forbes Street,East Hartford,CT,06108,Y,,,,I
60643,Artemis Solar LLC,"1 Bridge Street, Suite 11",Irvington,NY,10533,Y,,Y,,Q
60644,OEE XXIV LLC,12385 Township Road 215,Findlay,OH,45840,Y,,,,IND
60645,OEE XXIII LLC,12385 Township Road 215,Findlay,OH,45840,Y,,,,IND
60648,"SCDA Solar 1, LLC",804 Carnegie Center,Princeton,NJ,08540,Y,,,,Q
60649,"Redbrook Solar 1, LLC",804 Carnegie Center,Princeton,NJ,08540,Y,,,,Q
60650,"Brook Street Solar 1, LLC",804 Carnegie Center,Princeton,NJ,08540,Y,,,,Q
60651,"Spring Street Solar 1, LLC",804 Carnegie Center,Princeton,NJ,08540,Y,,,,Q
60652,"Stafford St Solar 1, LLC",804 Carnegie Center,Princeton,NJ,08540,Y,,,,Q
60653,"Stafford St Solar 2, LLC",804 Carnegie Center,Princeton,NJ,08540,Y,,,,Q
60654,"Stafford St Solar 3, LLC",804 Carnegie Center,Princeton,NJ,08540,Y,,,,Q
60655,"Bullock Road Solar 1, LLC",804 Carnegie Center,Princeton,NJ,08540,Y,,,,Q
60657,"Torrance Refining Company, LLC",3700 W. 190th Street,Torrance,CA,90509,Y,,,,IND
60659,"Hickory Run Energy, LLC","7500 College Boulevard, Suite",Overland Park,KS,66210,Y,,,,Q
60661,Midwest Power Partners LLC,2077 170th Ave,Ruthton,MN,56170,Y,,,,Q
60662,WCAC Operating Company,34759 Lencioni Avenue,Bakersfield,CA,93308,,Y,,,Q
60669,Laertes Solar LLC,"1 Bridge Street, Suite 11",Irvington,NY,10533,Y,,Y,,Q
60672,Birdsboro Power LLC,1 Armorcast Rd,Birdsboro,PA,19508,,Y,Y,,Q
60675,Montefiore-Westchester Square,2475 St. Raymond Avenue,Bronx,NY,10461,Y,Y,,,COM
60676,New York Presbyterian Hospital- 168th Street,622 W 168th St.,New York,NY,10032,Y,,,,COM
60690,"Foundation CA Fund VIII Manager, LLC","505 Sansome Street, Suite 900",San Francisco,CA,94111,,Y,,,Q
60692,Ameresco BWC Wading River LLC,"111 Speen Street, Suite 410",Framingham,MA,01701,Y,,,,Q
60710,"Marie's Way Solar I, LLC","250 West 57th St, Suite 701",New York,NY,10107,Y,,,,Q
60712,South Maui Renewable Resources LLC,311 N Bayshore Drive,Safety Harbor,FL,34695,Y,Y,,,Q
60713,Ku'ia Solar LLC,311 N Bayshore Drive,Safety Harbor,FL,34695,Y,Y,,,Q
60714,Burke Wind LLC,700 Universe Blvd.,Juno Beach,FL,33408,Y,Y,,,Q
60719,Harvest Ridge Wind Farm,P.O. Box 3827,Houston,TX,77253,Y,Y,Y,,Q
60731,Quichapa 1 LLC,2801 N Thanksgiving Way Ste 10,Lehi   ,UT,84043,Y,,,,COM
60732,Quichapa 2 LLC,2801 N Thanksgiving Way Ste 10,Lehi,UT,84043,Y,,,,COM
60733,Quichapa 3 LLC,2801 N Thanksgiving Way Ste 10,Lehi,UT,84043,Y,,,,COM
60734,"Elizabeth Mines Solar 1, LLC",134 East 40th St,New York,NY,10016,Y,Y,Y,,Q
60736,"Bio Energy Washington, LLC",16650 228th Ave SE,Maple Valley,WA,98038,Y,,,,IND
60741,Fortistar Castleton Power,1902 River Rd,Castleton on Hudson,NY,12033,Y,,,,Q
60752,RB Manufacturing LLC,799 Route 206,Hillsborough,NJ,08844,Y,Y,Y,,IND
60753,"Punta Lima Wind Farm, LLC",45 East 53rd Street,New York,NY,10022,Y,,,,Q
60768,Mammoth Plains Wind Project,700 Universe Blvd.,Juno Beach,FL,33408,Y,Y,,,Q
60789,"Essential Power Operating Company, LLC",13860 Ballantyne Corporate Pla,Charlotte,NC,28277,Y,Y,,,Q
60790,Clarkstown Solar LLC,2801 N Thanksgiving Way Ste 10,Lehi,UT,84043,Y,,,,Q
60791,Monroe County (NY),"50 West Main Street, Suite 710",Rochester,NY,14614,Y,,,,P
60793,EE Waianae Solar Project LLC,"9255 Towne Centre Dr, Suite 80",San Diego,CA,92121,Y,,,,Q
60796,91MC 8me LLC,"4370 Town Center Boulevard, Su",El Dorado Hills,CA,95762,Y,,,,Q
60797,68SF 8me LLC,"452 Fifth Avenue, 29th Floor.",New York,NY,10018,Y,,,,Q
60798,69SV 8me LLC,"452 Fifth Avenue, 29th Floor",New York,NY,10018,Y,,,,Q
60799,33UI 8me LLC,860 Brush Wellman Road,Delta,UT,84624,Y,,,,Q
60800,"Soltage VUL 1600 Chemung, LLC",333 Washington Street,Jersey City,NJ,07302,Y,Y,Y,,Q
60801,"Coventry Photovoltaic, LLC",333 Washington Street,Jersey City,NJ,07302,Y,Y,Y,,Q
60802,"Wayne Solar III, LLC",333 Washington Street,Jersey City,NJ,07302,Y,Y,Y,,Q
60803,"Wayne Solar II, LLC",333 Washington Street,Jersey City,NJ,07302,Y,Y,Y,,Q
60804,"Duplin Solar I, LLC",333 Washington Street,Jersey City,NJ,07302,Y,Y,Y,,Q
60805,"Wayne Solar I, LLC",333 Washington Street,Jersey City,NJ,07302,Y,Y,Y,,Q
60809,"Southern Sky Renewable Energy Berkley, LLC",333 Washington Street,Jersey City,NJ,07302,Y,Y,Y,,Q
60811,"Golden Hills Interconnection Wind, LLC",700 Universe Blvd.,Juno Beach,FL,33408,Y,Y,,,Q
60812,Merck - Upper Gwynedd Solar Array,351 North Sumneytown Pike,North Wales,PA,19454,Y,Y,,,COM
60813,Shavano Falls Hydro LLC - Drop 4 Project,711 East Turtle Point Drive,Irvine,UT,84738,Y,,,,Q
60814,Drop 5 Hydro LLC,711 East Turtle Point Drive,Irvine,UT,84738,,Y,,,Q
60815,Shavano Falls Hydro LLC,711 East Turtle Point Drive,Ivins,UT,84738,Y,,,,Q
60816,Boston Medical Center,750 Albany Street,Boston,MA,02118,Y,Y,,,COM
60818,"J.T. Hobby and Son, Inc.",Po Box 18506,Raleigh,NC,27619,Y,,,,Q
60819,Rush Springs Wind Project,700 Universe Blvd.,Juno Beach,FL,33408,Y,Y,,,Q
60821,Olsen Power Partners,191 Main Street,Annapolis,MD,21401,Y,,,,Q
60822,Taurus Community Solar,"17200 N. Perimeter Drive, Suit",Scottsdale,AZ,85004,Y,Y,,,Q
60823,Pegasus Community Solar,"17200 N. Perimeter Drive, Suit",Scottsdale,AZ,85004,Y,Y,,,Q
60824,Antares Community Solar,"17200 N. Perimeter Drive, Suit",Scottsdale,AZ,85004,Y,Y,,,Q
60825,Corvus Community Solar,"17200 N. Perimeter Drive, Suit",Scottsdale,AZ,85004,Y,Y,,,Q
60826,Capella Community Solar,"17200 N. Perimeter Drive, Suit",Scottsdale,AZ,85004,Y,Y,,,Q
60827,Carina Community Solar,"17200 N. Perimeter Drive, Suit",Scottsdale,AZ,85004,Y,Y,,,Q
60828,Andromeda Community Solar,"17200 N. Perimeter Drive, Suit",Scottsdale,AZ,85004,Y,Y,,,Q
60829,Caelum Community Solar,"17200 N. Perimeter Drive, Suit",Scottsdale,AZ,85004,Y,Y,,,Q
60830,Lyra Community Solar,"17200 N. Perimeter Drive, Suit",Scottsdale,AZ,85004,Y,Y,,,Q
60831,Argo Navis Community Solar,"17200 N. Perimeter Drive, Suit",Scottsdale,AZ,85004,Y,Y,,,Q
60832,Sugar River Power LLC,42 Hurricane Rd,Keene,NH,03431,Y,Y,,,Q
60833,"Finger Lakes Solar I, LLC",155 Federal Street,Boston,MA,02110,Y,,Y,,Q
60834,Pima Energy Storage System,700 Universe Blvd.,Juno Beach,FL,33408,Y,Y,,,Q
60842,"Paradise Solar Urban Renewal, LLC",700 Universe Blvd,Juno Beach,FL,33408,Y,Y,,,Q
60846,"GRP Madison Renewable Energy Facility, LLC",268 Office Drive,Colbert,GA,30628,Y,Y,,,Q
60851,North Side Energy Company,731 Golf Course Rd,Jerome,ID,83338,Y,Y,Y,,Q
60859,Redbed Plains Wind Farm LLC,P.O. Box 3827,Houston,TX,77253,Y,Y,Y,,Q
60862,"ACE-Stanton, LLC",155 Federal Street,Boston,MA,02110,Y,,Y,,Q
60863,"ACE-Stanton A, LLC",155 Federal Street,Boston,MA,02110,Y,,Y,,Q
60864,Glopak Corporation,132 Case Drive,South Plainfield,NJ,07080,Y,,,,IND
60865,"CD Global Solar Holdings, LLC",922 Perkin Rd.,Troy,NC,27371,Y,,Y,,Q
60868,Redwood Coast Energy Authority,633 3rd St,Eureka,CA,95501,Y,,,,M
60871,"Stuttgart Solar, LLC",700 Universe Blvd,Juno Beach,FL,33408,Y,Y,,,Q
60875,Wolf Run Energy LLC,14302 FNB Parkway,Omaha,ME,68154,Y,,,,Q
60879,"NGI-Kayenta Solar Lessor I, LLC",P.O. Box 170,Fort Defiance,AZ,86504,Y,,,,Q
60880,The Biltmore Company,1 N. Pack Square,Asheville,NC,28801,Y,,,,Q
60881,"Thunder Ranch Wind Project, LLC","100 Brickstone Square, Suite 3",Andover,MA,01810,Y,Y,Y,,Q
60882,"Red Dirt Wind Project, LLC","100 Brickstone Square, Suite 3",Andover,MA,01810,Y,Y,Y,,Q
60883,NY - PRESBYTERIAN HOSPITAL- 68TH ST,525 EAST 68TH ST,New York,NY,10021,Y,,,,COM
60886,"Gray Hawk Solar, LLC","575 Fifth Ave., 35th Fl.",New York,NY,10017,Y,,Y,,Q
60888,"GCL New Energy, Inc.","111 Deerwood Road, STE 200",San Ramon,CA,94583,Y,,,,Q
60890,"US Dept of Army, Garrison, APG","4510 Boothby Hill Avenue, Aber",Aberdeen,MD,21005,Y,,,,F
60898,Axium US Solar Holdings LLC,"527 Madison Avenue, 21st Floor",New York,NY,10022,Y,,,,Q
60900,"Smith Creek Hydro, LLC",1800 James Street Suite 201,Bellingham,WA,98225,,,Y,,Q
60904,ETCAP NES CS MN 06 LLC,4900 Hopyard Rd,Pleasanton,CA,94588,Y,,,,Q
60911,Town of Stafford - (CT),1 Main Street,Stafford Springs,CT,06076,Y,,,,M
60916,"SR Kersey, LLC","222 2nd Ave. South, Suite 1900",Nashville,TN,37201,Y,Y,Y,,Q
60917,"Golden Hills Solar, LLC","101 Summer Street, 2nd Floor",Boston,MA,02110,Y,Y,Y,,Q
60919,"Sampson Road Solar, LLC","101 Summer Street, 2nd Floor",Boston,MA,02110,Y,Y,Y,,Q
60920,"Peterson Road Solar, LLC","101 Summer Street, 2nd Floor",Boston,MA,02110,Y,Y,Y,,Q
60921,"Farley Road Solar, LLC","101 Summer Street, 2nd Floor",Boston,MA,02110,Y,Y,Y,,Q
60922,"Belchertown Renewables, LLC","101 Summer Street, 2nd Floor",Boston,MA,02110,Y,Y,Y,,Q
60923,"Theodore Drive Solar, LLC","101 Summer Street, 2nd Floor",Boston,MA,02110,Y,Y,Y,,Q
60924,"Upton Solar, LLC","101 Summer Street, 2nd Floor",Boston,MA,02110,Y,Y,Y,,Q
60925,"Pleasantdale Road Solar, LLC","101 Summer Street, 2nd Floor",Boston,MA,02110,Y,Y,Y,,Q
60926,"Hatfield Renewables, LLC","101 Summer Street, 2nd Floor",Boston,MA,02110,Y,Y,Y,,Q
60944,"Bluff Point Wind, LLC",700 Universe Blvd.,Juno Beach,FL,33408,Y,Y,,,Q
60952,"Energix Mt. Jackson, LLC.","1201 Wilson Blvd., Suite 2200",Arlington,VA,22209,Y,Y,Y,,Q
60955,"Summit Water Nexus, Mount Holly, LLC",11385 Wild Meadow Place,San Diego,CA,92131,,Y,Y,,Q
60962,"Saluda Solar II, LLC",130 Roberts Street,Asheville,NC,28801,Y,Y,Y,,Q
60963,"Odyssey Solar, LLC",130 Roberts Street,Asheville,NC,28801,Y,Y,Y,,Q
60964,"Hampton Solar I, LLC",130 Roberts Street,Asheville,NC,28801,Y,Y,Y,,Q
60965,"Cameron Solar II, LLC",130 Roberts Street,Asheville,NC,28801,Y,Y,Y,,Q
60966,"Barnwell Solar, LLC",130 Roberts Street,Asheville,NC,28801,Y,Y,Y,,Q
60967,Crater Community Solar,"17200 N. Perimeter Drive, Suit",Scottsdale,AZ,85004,Y,Y,,,Q
60968,Delphinus Community Solar,"17200 N. Perimeter Drive, Suit",Scottsdale,AZ,85004,Y,Y,,,Q
60969,Hog Creek Wind Project LLC,P.O. Box 3827,Houston,TX,77253,Y,Y,Y,,Q
60970,SunShare Management,1724 Gilpin Street,Denver,CO,80218,Y,Y,,,Q
60971,NYC Energy LLC,"217 East 70th Street, #405",New York,NY,10021,Y,Y,,,IND
60973,Energy Keepers Inc,43069 Kerr Dam Rd,Polson,MT,59860,Y,Y,Y,Y,Q
60975,"SR Innovation, LLC","222 2nd Ave. South, Suite 1900",Nashville,TN,37201,Y,Y,Y,,Q
60978,"SP Solar 5, LLC",130 Roberts Street,Asheville,NC,28801,Y,Y,Y,,Q
60987,Lanikuhana Solar LLC,804 Carnegie Center,Princeton,NJ,08540,Y,,,,Q
60990,"Cline Solar, LLC",8800 N. Gainey Center Dr. Suit,Scottsdale,AZ,85258,Y,,Y,,Q
60993,Goya Foods Inc.,350 County Road,Jersey City,NJ,07307,Y,,,,IND
60995,Tarrant Regional Water District,800 E Northside Dr.,Forth Worth,TX,76102,Y,Y,Y,,P
60996,OEE XXV LLC,12385 Township Road 215,Findlay,OH,45840,Y,,Y,,IND
61001,"Hu Honua Bioenergy, LLC",28-283 Sugar Mill Road,Pepeekeo,HI,96783,Y,Y,,,Q
61009,LSE Centaurus LLC,40 Tower Lane,Avon,CT,06001,Y,Y,Y,,Q
61011,Kearsarge Bellingham LLC,"1380 Soldiers Field Road, Suit",Boston,MA,02135,Y,,,,Q
61012,AES Distributed Energy,"282 Century Place, Suite 2000",Louisville,CO,80027,Y,Y,Y,,Q
61013,Northern Westchester Hospital,400 East Main Street,Mount Kisco,NY,10549,Y,,,,COM
61023,Sabert Corporation,879 Main Street,Sayreville,NJ,08872,Y,,,,COM
61025,LSE Canis Major LLC,40 Tower Lane,Avon,CT,06001,Y,Y,Y,,Q
61028,LSE Cassiopeia LLC,40 Tower Lane,Avon,CT,06001,Y,Y,Y,,Q
61029,Upper Michigan Energy Resources Company,231 W. Michigan Street,Milwaukee,MI,53203,Y,Y,Y,,I
61032,"Luminace Solar Georgia 2, LLC","200 Liberty Street, 14 Floor",New York,NY,10281,Y,,,,Q
61037,"Foard City Wind, LLC","3636 Nobel Drive, Suite 260",San Diego,CA,92122,Y,Y,Y,,Q
61038,"Cube District Energy, LLC","1000 Windward Concourse, Suite",Alpharetta,GA,30005,Y,,,,Q
61042,Cottonwood Wind Project,700 Universe Blvd.,Juno Beach,FL,33408,Y,Y,,,Q
61043,LSE Canis Minor LLC,40 Tower Lane,Avon,CT,06001,Y,Y,Y,,Q
61049,NYC-HH Coney Island Hospital,"2601 Ocean Parkway, Avenue Z",Brooklyn,NY,11235,Y,Y,,,COM
61050,The NY Times Production Facility,1 New York Times Plz,Flushing,NY,11354,Y,Y,,,COM
61053,Mount Sinai Hospital,1 Gustave L Levy Pl,New York,NY,10029,Y,Y,,,COM
61054,Fluvanna Wind Energy LLC,700 Louisiana Street Suite 130,Houston,TX,77002,Y,Y,,,Q
61055,FRB Solar LLC,"5757 W Century blvd, Suite 718",Los Angeles,CA,90045,Y,Y,Y,,Q
61058,"One Ten Partners, LLC",11400 West Olympic Blvd,Los Angeles,CA,90064,Y,,,,Q
61060,Cypress Creek Renewables,"3402 Pico Boulevard, Suite 215",Santa Monica,CA,90405,Y,,Y,,Q
61069,RE Gaskell West LLC,"300 California Street, Recurre",San Francisco,CA,94104,,,Y,,Q
61070,"Foundation CA Fund IX Manager, LLC","505 Sansome Street, Suite 900",San Francisco,CA,94111,Y,Y,,,Q
61071,Northfield Holdco LLC,804 Carnegie Center,Princeton,NJ,08540,Y,,,,Q
61072,Waterford Holdco LLC,804 Carnegie Center,Princeton,NJ,08540,Y,,,,Q
61073,"Minnesota Solar CSG 9, LLC","200 Wellington Street West, Su",Toronto,,M5V 3,Y,Y,,,Q
61074,"Minnesota Solar CSG 21, LLC","200 Wellington Street West, Su",Toronto,,M5V 3,Y,Y,,,Q
61075,"Minnesota Solar CSG 19, LLC","200 Wellington Street West, Su",Toronto,,M5V 3,Y,Y,,,Q
61076,"Minnesota Solar CSG 4, LLC","200 Wellington Street West, Su",Toronto,,M5V 3,Y,Y,,,Q
61078,"CoreSite Real Estate 2972 Stender, L.P.",2972 Stender Way,Santa Clara,CA,95054,Y,,,,COM
61081,"SR Platte, LLC","222 2nd Ave. South, Suite 1900",Nashville,TN,37201,Y,Y,Y,,Q
61086,"CoreSite Real Estate 2901 Coronado, L.P.",2901 Coronado Drive,Santa Clara,CA,95054,Y,,,,COM
61087,"CoreSite Real Estate 3032 Coronado, L.P.",3020 Coronado Drive,Santa Clara,CA,95054,Y,,,,COM
61088,"CoreSite Real Estate 55 S. Market Street, LLC","55 Market Street, Suite 1600",San Jose,CA,95113,Y,,,,COM
61089,"CoreSite Real Estate 1656 McCarthy, L.P.",1656 McCarthy Boulevard,Milpitas,CA,95035,Y,,,,COM
61091,Hopewell Valley High School,259 Pennington Titusville Rd,Pennington,NJ,08534,Y,Y,Y,,I
61093,"SL Babylon, LLC","1700 Broadway, 35th Floor",New York,NY,10019,Y,,,,Q
61094,NYU LANGONE HEALTH,550 FIRST AVE,New York,NY,10016,Y,Y,,,COM
61095,"Hampton Solar II, LLC",P.O. Box 3827,Houston,TX,77253,Y,Y,Y,,Q
61096,"Cameron Solar, LLC",P.O. Box 3827,Houston,TX,77253,Y,Y,Y,,Q
61097,"Estill Solar I, LLC",P.O. Box 3827,Houston,TX,77253,Y,Y,Y,,Q
61100,E-Volve Energy Holdings LLC,6767 All Stars Ave,Frisco,TX,75034,Y,,,,Q
61101,"Minnesota Solar CSG 1, LLC","200 Wellington Street West, Su",Toronto,,M5V 3,Y,Y,,,Q
61102,"Minnesota Solar CSG 8, LLC","200 Wellington Street West, Su",Toronto,,M5V 3,Y,Y,,,Q
61105,ABEC #2 LLC,26953 Riverside Street,Buttonwillow,CA,93206,Y,Y,,,Q
61106,ABEC #3 LLC,17702 Bear Mountain Blvd,Bakersfield,CA,93311,Y,Y,,,Q
61107,ABEC #4 LLC,20229 Old River Road,Bakersfield,CA,93311,Y,Y,,,Q
61108,RJC I CSG LLC,"2530 Riva Road, Suite 200",Annapolis,MD,21401,Y,,,,I
61109,Huneke I CSG LLC,"2530 Riva Road, Suite 200",Annapolis,MD,21401,Y,,,,I
61110,Krause CSG LLC,"2530 Riva Road, Suite 200",Annapolis,MD,21401,Y,,,,I
61111,"DG New Jersey Solar, LLC",700 Universe Blvd.,Juno Beach,FL,33408,Y,Y,,,Q
61112,"Cuyama Solar, LLC","575 Fifth Ave., 35th Fl.",New York,NY,10017,Y,Y,,,Q
61113,"DG Camden, LLC",700 Universe Blvd.,Juno Beach,FL,33408,Y,Y,,,Q
61114,School Sisters CSG LLC,"2530 Riva Road, Suite 200",Annapolis,MD,21401,Y,,,,I
61119,"SRE Utility Solar 1, LLC","5949 Sherry Lane, Suite 1900",Dallas,TX,75225,Y,,,,Q
61120,"K-brink Windfarm, LLC",1731 121st St,Woodstock,MN,56186,Y,,,,Q
61121,Helix Ironwood LLC,305 Prescott Road,Lebanon,PA,17042,,Y,,,Q
61122,"Great River Hydro, LLC",69 Milk Street,Westborough,MA,01541,Y,,,,Q
61123,Upton County Solar 2 LLC,6555 Sierra Dr,Irving,TX,75039,Y,,,,Q
61126,"Swamp Fox Solar, LLC",130 Roberts Street,Asheville,NC,28801,Y,Y,Y,,Q
61127,"Champion Solar, LLC",130 Roberts Street,Asheville,NC,28801,Y,Y,Y,,Q
61128,"Haley Solar, LLC",130 Roberts Street,Asheville,NC,28801,Y,Y,Y,,Q
61130,Ravenswood Operations LLC,38-54 Vernon Boulevard,Long Island City,NY,11101,Y,,,,Q
61132,"Syncarpha Lexington, LLC","250 West 57th Street, Suite 70",New York,NY,10107,Y,,,,Q
61133,"Lorenzo Wind, LLC",700 Universe Blvd,Juno Beach,FL,33408,Y,Y,,,Q
61134,"Darby Power, LLC",12509 Adkins Road,Mount Sterling,OH,43143,,Y,,,Q
61135,"Gavin Power, LLC",7397 North State Route 7,Cheshire,OH,45620,Y,,,,Q
61136,"Waterford Power, LLC",201 Righteous Ridge Road,Waterford,OH,45714,,Y,,,Q
61137,"Lawrenceburg Power, LLC",582 W. Eads Parkway,Lawrenceburg,IN,47025,,Y,,,Q
61139,Bisson Windfarm LLC,906 6th Avenue SW,Pipestone,MN,56164,,,Y,,Q
61140,CG Windfarm LLC,996 12th Avenue,Woodstock,MN,56186,,,Y,,Q
61141,TG Windfarm LLC,906 6th Avenue SW,Pipestone,MN,56164,,,Y,,Q
61142,Westridge Windfarm LLC,996 12th Avenue,Woodstock,MN,56816,,,Y,,Q
61143,Bridge Energy LLC,2000 Tonner Canyon Road,Brea,CA,92821,Y,Y,,,IND
61146,"Ameresco, Inc - Weston",111 Speen Street Suite 410,Framinham,MA,01701,Y,Y,Y,,Q
61147,"Ameresco, Inc - Braintree",111 Speen Street Suite 410,Framinham,MA,01701,Y,Y,Y,,Q
61148,"Ameresco, Inc - GELD",111 Speen Street Suite 410,Framinham,MA,01701,Y,Y,Y,,Q
61149,Fort Hays State University,600 Park Street,Hays,KS,67601,Y,Y,,,S
61152,Good Samaritan Hospital,255 Lafayatte Avenue,Suffern,NY,10901,Y,Y,,,COM
61153,"Montevue Lane Solar, LLC","111 Speen Street, Suite 410",Framingham,MA,01701,Y,Y,Y,,COM
61160,"Woodline Solar, LLC",130 Roberts Street,Asheville,NC,28801,Y,Y,Y,,Q
61161,"Norwest Energy 7, LLC",130 Roberts Street,Asheville,NC,28801,Y,Y,Y,,Q
61162,Woodhull Hospital,760 Broadway,Brooklyn,NY,11206,Y,Y,,,COM
61163,Denver Metro Solar LLC,1035 Osage St.,Denver,CO,80204,Y,Y,Y,,Q
61164,The Allen Hospital,5141 Broadway,New York,NY,10034,Y,Y,,,COM
61165,Mount Sinai Beth Israel,First Avenue at 16th Street,New York,NY,10003,Y,Y,,,COM
61166,Green Power Energy LLC,3633 Code Road,Cazenovia,NY,13035,Y,Y,Y,,Q
61167,"Genesis Alkali, LLC",580 Westvaco Road,Green River,WY,82935,Y,,,,IND
61168,Veseli Solar I LLC,"518 17th St., Suite 950",Denver,CO,80202,Y,,,,Q
61169,New Germany Solar I LLC,"518 17th St., Suite 950",Denver,CO,80202,Y,,,,Q
61170,Lake Waconia Solar LLC,"518 17th St., Suite 950",Denver,CO,80202,Y,,,,Q
61171,Lake Waconia Solar IV LLC,"518 17th St., Suite 950",Denver,CO,80202,Y,,,,Q
61172,Zumbro Solar LLC,"518 17th St., Suite 950",Denver,CO,80202,Y,,,,Q
61173,CXA La Paloma LLC,7195 Dallas Parkway,Plano,TX,75024,Y,,,,Q
61185,"Cycle Holdings, LLC",2801 NW Nela St.,Portland,OR,97210,Y,,Y,,Q
61186,"DCII-250 Williams Street NW, LLC",250 Williams St. NW,Atlanta,GA,30303,Y,,,,COM
61187,"DG Minnesota CSG, LLC",700 Universe Blvd,Juno Beach,FL,33408,Y,Y,,,Q
61188,West Texas A&M University,WT Box 60217,Canyon,TX,79016,Y,Y,,,P
61190,Town of Foxborough - Landfill (SREC II),804 Carnegie Center,Princeton,NJ,08540,Y,,,,Q
61191,"Helix Maine Wind Development, LLC",3647 The Arnold Trail,Chain of Ponds Twp.,ME,04936,Y,Y,,,Q
61194,Generate Capital,"560 Davis Street, Suite 250",San Francisco,CA,94111,Y,Y,Y,,Q
61198,esVolta LP,65 Enterprise,Aliso Viejo,CA,92656,Y,Y,Y,,Q
61199,"Peaker Power, LLC","910 Louisiana Street, Suite 24",Houston,TX,77002,Y,,,,Q
61202,"Flambeau Solar Partners, LLC",One Energy Plaza,Jackson,MI,49201,Y,Y,,,Q
61204,"Today's Power, Inc.",8110 Scott Hamilton Drive Litt,Little Rock,AR,72209,Y,,,,C
61209,NC 102 Project LLC,"3000 Oak Road, Ste. 300",Walnut Creek,CA,94597,,,Y,,Q
61210,Stenner Creek Solar LLC,"c/o Duke Energy Renewables, 55",Charlotte,NC,28202,Y,Y,,,Q
61211,Montgomery County Solar,550 South Caldwell Street,Charlotte,NC,28202,Y,Y,,,Q
61213,Hamakua Energy LP,PO Box 40,Honokaa,HI,96727,,,Y,,Q
61214,"Heartland Divide Wind Project, LLC",700 Universe Blvd,Juno Beach,FL,33408,Y,Y,,,Q
61222,174 Power Global Corp.,400 Spectrum Center Dr. Ste 14,Irvine,CA,92618,Y,Y,Y,,Q
61224,"SunE Solano SP Owner, LLC","7550 Wisconsive Avenue, 9th Fl",Bethesda,MD,20814,Y,,Y,,Q
61225,"SunE Corcoran SP Owner, LLC","7550 Wisconsive Avenue, 9th Fl",Bethesda,MD,20814,Y,Y,Y,,Q
61226,"SunE Wasco SP Owner, LLC","7550 Wisconsive Avenue, 9th Fl",Bethesda,MD,20814,Y,Y,Y,,Q
61227,Nautilus Solar Solutions,396 Springfield Avenue,Summit,NJ,07901,Y,,Y,,Q
61230,"Arevon Energy, Inc.","8800 N. Gainey Center Dr., Sui",Scottsdale,AZ,85258,,,Y,,Q
61252,"C-S Canal Hydro, LLC",2101 Pearl Street,Boulder,CO,80302,Y,Y,Y,,Q
61253,"Hitchcock Hydro, LLC",2101 Pearl Street,Boulder,CO,80302,Y,Y,Y,,Q
61254,"August Wind Energy, LLC",2624 Pinewood Ave,Greenfield,IA,50849,Y,,,,Q
61256,Betcher CSG LLC,"2530 Riva Road, Suite 200",Annapolis,MD,21401,Y,,,,I
61261,Berkeley Cogeneration Facility,Frank Schlessinger Way,Berkeley,CA,94720,Y,,,,S
61266,"Fiber Recovery, Inc",172900 STATE Highway 29,Ringle,WI,54471,Y,,,,Q
61267,Springdale Energy LLC,PO Box 165-166,Springdale,PA,15144,Y,,,,Q
61269,"Cougar Solar, LLC","801 Wood Ridge Center Drive, S",Charlotte,NC,28217,Y,Y,,,Q
61275,Seward Wind LLC,950 S 10th Street Suite 001,Omaha,NE,68108,Y,Y,,,Q
61277,"Vista Energy Storage, LLC",552 Olive Ave,Vista,CA,90283,Y,,Y,,Q
61278,OEE XXVI LLC,12385 Township Road 215,Findlay,OH,45840,Y,Y,Y,,Q
61280,"Creston Ridge II, LLC",950 S 10th Street Suite 001,Omaha,NE,68108,Y,Y,,,Q
61284,Scandia CSG LLC,"2530 Riva Road, Suite 200",Annapolis,MD,21401,Y,,,,I
61285,RJC II CSG LLC,"2530 Riva Road, Suite 200",Annapolis,MD,21401,Y,,,,I
61287,Johnson I CSG LLC,"2530 Riva Road, Suite 200",Annapolis,MD,21401,Y,,,,I
61288,"Perennial Wind, LLC",950 S 10th Street Suite 001,Omaha,NE,68108,Y,Y,,,Q
61291,"Wildcat Ranch Wind Project, LLC",700 Universe Blvd,Juno Beach,FL,33408,Y,Y,,,Q
61292,"NC State University, Energy Systems","Campus Box 7513, 2411 Yarbroug",Raleigh,NC,27695,Y,,,,S
61295,"Pinal Central Energy Center, LLC",700 Universe Blvd,Juno Beach,FL,33408,Y,Y,,,Q
61298,Pine Gate Renewables,130 Roberts Street,Asheville,NC,28801,Y,Y,Y,,Q
61299,HQC Tatanka Wi Solar Power Generation LLC,4240 County Highway 12 North,Buffalo,MN,55313,,Y,,,Q
61301,Plum Creek Wind Farm LLC,8400 Normandale Lake Blvd,Bloomington,MN,55437,Y,,,,Q
61303,Grimm CSG LLC,"2530 Riva Road, Suite 200",Annapolis,MD,21401,Y,,,,I
61304,Foreman's Hill CSG LLC,"2530 Riva Road, Suite 200",Annapolis,MD,21401,Y,,,,I
61305,North Gooding Main Hydro LLC,711 East Turtle Point Drive,Ivins,UT,84738,Y,,,,Q
61307,Lockheed Martin RMS,100 Global Innovation Circle,Orlando,FL,32825,Y,Y,Y,,IND
61309,Johnson II CSG LLC,"2530 Riva Road, Suite 200",Annapolis,MD,21401,Y,,,,I
61315,Solarenewal LLC,560 Commercial Street,San Francisco,CA,94111,,,Y,,Q
61317,Gans Energy LLC,581 GANS ROAD,GANS,PA,15439,Y,,,,Q
61318,"Buchanan Generation, LLC",Route 626 off Route 460,Kenn Mountain,VA,24631,Y,,,,Q
61319,"Hunlock Energy, LLC",390 Route 11,Hunlock Creek,PA,18621,Y,,,,Q
61320,"Chambersburg Energy, LLC",225 Allenman Road,Chambersburg,PA,17201,Y,,,,Q
61322,"TIG Sun Energy IV, LLC",241 Saxe Gotha Rd,Cayce,SC,29033,Y,Y,,,Q
61323,"PowerFin ASL 1, LLC",100 Congress Ave.,Austin,TX,78701,Y,Y,Y,,I
61324,Yolo County Community Services Department,44090 County Road 28H,Woodland,CA,95776,Y,Y,,,P
61330,Turtle Creek Wind Farm LLC,P.O. Box 3827,Houston,TX,77253,Y,Y,,,Q
61332,Sikorsky Aircraft Corporation,6900 Main St,Stratford,CT,06615,Y,Y,,,IND
61335,CommonWealth New Bedford Energy LLC,300 Samuel Barnet Boulevard,New Bedford,MA,02745,Y,,,,Q
61344,Electrodes,25 Stillman Street,San Francisco,CA,94107,,,Y,,COM
61345,Lisbon West,583 Five Mile Line Rd,Lisbon,NY,13658,Y,Y,Y,,Q
61346,Lisbon East,583 Five Mile Line Rd        ,Lisbon,NY,13658,Y,Y,Y,,Q
61347,Scotch Settlement        ,77 Scotch Settlement Road     ,Gouverneur,NY,13642,Y,Y,Y,,Q
61348,"PCS Energy, LLC         ",11661 San Vicente Blvd.,Los Angeles,CA,90049,Y,Y,,,Q
61350,"Central Rivers Power MA, LLC",One Tower Center Blvd FL 21,East Brunswick,NJ,08816,Y,,,,Q
61353,Philadelphia Authority for Industrial Development,"4747 South Broad St, Suite 120",Philadelphia,PA,19112,Y,Y,,,M
61357,"Haywood Solar, SMLLC","222 2nd Ave. South, Suite 1900",Nashville,TN,37201,Y,Y,Y,,Q
61358,"Forked River Power, LLC",789 South Main Street,Forked River,NJ,08731,Y,,,,Q
61361,Walton Solar,842 US Hwy 78,Monroe,GA,30655,Y,Y,Y,,Q
61362,GWCC PV Solar Farm,5601 Sunnyside Ave.,Beltsville,MD,20705,Y,,,,F
61363,Seneca Nation,12837 Route 438,Irving,NY,14081,Y,Y,Y,,M
61364,Lockheed Martin RMS Syracuse,497 Electornics Pkwy,Liverpool,NY,13088,Y,,,,IND
61365,"Hilltopper Wind Project, LLC","100 Brickstone Square, Suite 3",Andover,MA,01810,Y,Y,Y,,Q
61366,"Woods Hill Solar, LLC",6884 Sierra Center Pkwy,Reno,NV,89511,Y,Y,Y,,Q
61369,"Kimball Wind, LLC","1350 Lagoon Ave, Suite 840",Minneapolis,MN,55408,Y,Y,Y,,Q
61372,"Enel Kansas, LLC","100 Brickstone Square, Suite 3",Andover,MA,01810,Y,Y,,,Q
61373,MERIT SI,50 Beaver Avenue,Annandale,NJ,08801,Y,,,,COM
61374,"Foxtail Wind, LLC",1800 Larimer St. Suite 1300,Denver,CO,80202,Y,Y,Y,,I
61375,"Southern Current One, LLC",130 Roberts Street,Asheville,NC,28801,Y,Y,Y,,Q
61381,Meadow Lake Wind Farm VI LLC,"6072 S. State Road 43, PO Box",Chalmers,IN,47929,Y,Y,Y,,Q
61382,Gaston County Solid Waste and Recycling Division,3155 Philadelphia Church Road,Dallas,NC,28034,Y,Y,Y,,M
61383,"MN Solar Community, LLC",700 Universe Blvd.,Juno Beach,FL,33408,Y,Y,,,Q
61387,"HGS solar I, LLC",250 West 57th Street,New York,NY,10107,Y,,,,Q
61388,"Syncarpha Hancock I, LLC",250 West 57th Street,New York,NY,10107,Y,,,,Q
61389,"Syncarpha Hancock II, LLC",250 West 57th Street,New York,NY,10107,Y,,,,Q
61390,"Syncarpha Hancock III, LLC",250 West 57th Street,New York,NY,10107,Y,,,,Q
61391,"Gore Mountain Solar II, LLC",250 West 57th Street,New York,NY,10107,Y,,,,Q
61392,"Syncarpha Still River, LLC",250 West 57th Street,New York,NY,10107,Y,,,,Q
61393,Douglas County Forest Products,398 Del Rio Rd.,Roseburg,OR,97471,Y,,,,IND
61395,"Indeck Niles, LLC","600 N Buffalo Grove Road, Suit",Buffalo Grove,IL,60089,Y,,Y,,Q
61396,"Midway Wind, LLC",5949 Sherry Lane Ste 1900,Dallas,TX,75225,Y,Y,,,Q
61397,Town of Otis,"1 North Main Rd, Po Box 237",Otis,MA,01253,Y,Y,,,M
61401,"North 301 Solar, LLC       ","1700 Broadway, 35th Floor",New York,NY,10019,Y,,,,Q
61402,Hernando Energy        ,14436 Landfill Road,Brooksville,FL,34614,Y,Y,,,Q
61404,Edenton Solar        ,20035 Jetton Rd. Suite D,Cornelius,NC,28031,Y,,,,Q
61406,"Delta Solar Power I, LLC","One Energy Plaza, EP11-401",Jackson,MI,49201,Y,Y,,,Q
61407,"Delta Solar Power II, LLC","One Energy Plaza, EP11-401",Jackson,MI,49201,Y,Y,,,Q
61409,Heyer CSG LLC,"2530 Riva Road, Suite 200",Annapolis,MD,21401,Y,,,,I
61412,Cardinal Operating Company,6677 Busch Blvd.,Columbus,OH,43229,,Y,,,C
61413,"Enel Green Power Diamond Vista Wind Project, LLC","100 Brickstone Square, Suite 3",Andover,MA,01810,Y,Y,Y,,Q
61414,"Rattlesnake Creek Wind Project, LLC","100 Brickstone Square, Suite 3",Andover,MA,01810,Y,Y,Y,,Q
61415,"Hilltop Power, LLC",401- 140th Av,Edgerton,MN,56128,Y,Y,Y,,Q
61416,"Crowned Ridge Wind, LLC",700 Universe Blvd.,Juno Beach,FL,33408,Y,Y,,,Q
61417,"Lavio Solar, LLC",520 Stage Gulch Road,Petaluma,CA,94954,Y,Y,,,Q
61418,"Stage Gulch Solar, LLC",520 Stage Gulch Road,Petaluma,CA,94954,Y,Y,,,Q
61419,"Luminace Solar MC, LLC","200 Liberty Street, 14 Floor",New York,NY,10281,Y,,,,Q
61420,ENGIE Storage Services NA LLC,4151 Burton Drive,Santa Clara,CA,95054,Y,Y,Y,,Q
61421,"LeGore Bridge Solar Center, LLC",2650 Locust St. Suite 100,St. Louis,MO,63103,Y,Y,Y,,Q
61423,"California Flats Solar 130, LLC",8800 North Gainey Center Drive,Scottsdale,AZ,85258,Y,,,,Q
61425,"Ranchland Solar, LLC",315 Post Road West,Westport,CT,06880,Y,,,,Q
61426,Kearsarge Granby LLC,"1380 Soldiers Field Road, Suit",Boston,MA,02135,Y,Y,,,Q
61428,Kearsarge Concord II LLC,"1380 Soldiers Field Road, Suit",Boston,MA,02135,Y,Y,,,Q
61435,"Ormat Stillwater Solar PV II, LLC",6884 Sierra Center Pkwy,Reno,NV,89511,Y,Y,Y,,Q
61436,"Titan Solar, LLC",700 Universe Blvd,Juno Beach,FL,33408,Y,Y,,,Q
61440,Princeton Energy Center LLC,3 Plainsboro Road,Plainsboro,NJ,07204,Y,Y,Y,,COM
61445,"SP Solar 6, LLC",130 Roberts Street,Asheville,NC,28801,Y,Y,Y,,Q
61446,"Freedom Solar, LLC",130 Roberts Street,Asheville,NC,28801,Y,Y,Y,,Q
61447,"SP Solar 1, LLC",130 Roberts Street,Asheville,NC,28801,Y,Y,Y,,Q
61448,"Sheep Solar, LLC",130 Roberts Street,Asheville,NC,28801,Y,Y,Y,,Q
61449,"Silverton Solar, LLC",130 Roberts Street,Asheville,NC,28801,Y,Y,Y,,Q
61450,"SP Solar 8, LLC",130 Roberts Street,Asheville,NC,28801,Y,Y,Y,,Q
61451,"SP Solar 7, LLC",130 Roberts Street,Asheville,NC,28801,Y,Y,Y,,Q
61453,Soboba Band of Luiseno Indians,P.O. Box 487,San Jacinto,CA,92538,Y,Y,Y,,Q
61454,"NorWest Energy 14, LLC",130 Roberts Street,Asheville,NC,28801,Y,Y,Y,,Q
61458,"Minco Wind IV, LLC",700 Universe Blvd.,Juno Beach,FL,33408,Y,Y,,,Q
61467,"Central CA Fuel Cell 2, LLC","c/o FuelCell Energy, Inc., 3 G",Danbury,CT,06810,Y,,,,Q
61476,Central Utah Water Conservancy District,"1426 E 750 N, Suite 400",Orem,UT,84097,Y,Y,,,P
61477,325MK 8me LLC,8800 N. Gainey Center Dr. Suit,Scottsdale,AZ,85258,Y,,,,Q
61478,Toray Plastics America,50 Belver Ave,North Kingstown,RI,02852,Y,Y,Y,,IND
61482,"AES ES GILBERT, LLC",1600 N Priest Drive,Tempe,AZ,85281,Y,Y,,,Q
61485,"Rio Bravo Windpower, LLC","125 High Street, 17th Floor Hi",Boston,MA,02210,Y,Y,Y,,Q
61486,Scenic Hill Solar III LLC,44 Isbell Lane,Little Rock,AR,72223,Y,Y,Y,,IND
61487,Montevideo Solar LLC,804 Carnegie Center,Princeton,NJ,08540,Y,,,,Q
61499,Georgia-Pacific Wood Products LLC,105 Smith County Rd. 25,Taylorsville,MS,39168,Y,Y,Y,,IND
61502,"Sholes Wind Energy Center, LLC",700 Universe Blvd,Juno Beach,FL,33408,Y,Y,,,Q
61505,NRG Chalk Point CT,Eagle Harbor Road,Aquasco,MD,20608,Y,,,,Q
61506,"Stryker 22, L.L.C.",6884 Sierra Center Parkway,Reno,NV,89511,Y,Y,Y,,Q
61507,Plumsted 537 LLC,6884 Sierra Center Parkway,Reno,NV,89511,Y,Y,Y,,Q
61510,National Raisin,626 S. 5th St.,Fowler,CA,93625,Y,,,,IND
61514,"Agilitas Energy, Inc.","401 Edgewater Place, Suite 570",Wakefield,MA,01880,Y,Y,Y,,Q
61515,"Phoebe Energy Project, LLC","3636 Nobel Drive, Suite 260",San Diego,CA,92122,Y,,Y,,Q
61516,"Stratford Solar Center, LLC",130 Roberts Street,Asheville,NC,28801,Y,Y,Y,,Q
61518,Frontenac Holdco LLC,804 Carnegie Center,Princeton,NJ,08540,Y,,,,Q
61520,Kearsarge Oppenheim LLC,"1380 Soldiers Field Road, Suit",Boston,MA,02135,Y,Y,Y,,Q
61521,"Pegasus Wind, LLC",700 Universe Blvd,Juno Beach,FL,33408,Y,Y,,,Q
61522,"Viridity Energy Solutions, Inc.",6884 Sierra Center Parkway,Reno,NV,89511,Y,Y,Y,,Q
61523,225DD 8me LLC,"1000 SW Broadway, Suite 1880",Portland,OR,97205,Y,,,,Q
61525,TAI Norton Solar LLC,"825 3rd ave, 10th floor",New York,NY,10022,Y,,,,Q
61527,"Tahoka Wind, LLC",401 N Michigan Ave Suite 501,Chicago,IL,60611,,,Y,,Q
61528,"Cumberland Land Holdings, LLC","222 2nd Ave. South, Suite 1900",Nashville,TN,37201,Y,Y,Y,,Q
61530,"Armadillo Flats Wind Project, LLC",700 Universe Blvd.,Juno Beach,FL,33408,Y,Y,,,Q
61531,"Casa Mesa Wind, LLC",700 Universe Blvd.,Juno Beach,FL,33408,Y,Y,,,Q
61532,Techren Solar I LLC,P.O. Box 2576,Boise,ID,83701,,,Y,,Q
61533,Techren Solar II LLC,P.O. Box 2576,Boise,ID,83701,,,Y,,Q
61534,Techren Solar III LLC,P.O. Box 2576,Boise,ID,83701,Y,,,,Q
61535,Techren Solar IV LLC,P.O. Box 2576,Boise,ID,83701,Y,,,,Q
61536,"Consolidated Edison Energy, Inc.",100 Summit Lake Drive,Valhalla,NY,10595,,,,Y,Q
61537,"Pratt Wind, LLC",700 Universe Blvd,Juno Beach,FL,33408,Y,Y,,,Q
61538,Ecogy Delaware II LLC.,9 Binney Lane,Old Greenwich,CT,06870,Y,,,,Q
61540,"Coolidge Solar I, LLC",700 Universe Blvd.,Juno Beach,FL,33408,Y,Y,,,Q
61541,"1634 Solar, LLC",333 Washington Street,Jersey City,NJ,07302,Y,,,,Q
61544,"Bani Solar, LLC",333 Washington Street,Jersey City,NJ,07302,Y,,,,Q
61561,CCC Solar Holdings LLC,850 Oak Grove Ave.,Menlo Park,CA,94025,Y,Y,Y,,Q
61562,"Torrecillas Wind Energy, LLC",700 Universe Blvd,Juno Beach,FL,33408,Y,Y,,,Q
61563,"Blue Summit II Wind, LLC",700 Universe Blvd,Juno Beach,FL,33408,Y,Y,,,Q
61566,"Peony Solar, LLC",130 Roberts Street,Asheville,NC,28801,Y,Y,Y,,Q
61567,DP-C2 Episode 1 LLC,55 Fifth Avenue,New York,NY,10003,,,Y,,Q
61568,Chisago Holdco LLC,804 Carnegie Center,Princeton,NJ,08540,Y,,,,Q
61571,"Clara City CSG I, LLC","250 West 57th Street, Suite 70",New York,NY,10107,Y,,,,Q
61573,"Prinsburg CSG I, LLC","250 West 57th Street, Suite 70",New York,NY,10107,Y,,,,Q
61576,Ameren Illinois,10 Richard Mark Way,Collinsville,IL,62234,Y,Y,Y,,I
61577,Saint Catherine of Siena Medical Center,50 Route 25A,Smithtown,NY,11787,Y,Y,,,COM
61578,The Bank of New York,101 Barclay Street,New York,NY,10286,Y,Y,,,COM
61579,"FL Solar 5, LLC","800 Brickell Ave, Suite 1100",Miami,FL,33131,Y,,,,Q
61584,Brooklyn Hospital Center,121 DeKalb Avenue,Brooklyn,NY,11201,Y,Y,,,COM
61586,"Rankin Solar Center, LLC",130 Roberts Street,Asheville,NC,28801,Y,Y,Y,,Q
61589,RE Mustang Two LLC,"50 W. Liberty Street, Suite 64",Reno,NV,89501,Y,,,,Q
61596,Lincoln Land Energy Center LLC,3000 Wilcrest Drive #200,Houston,TX,77042,Y,,,,Q
61597,Caldwell Wastewater Treatment Plant,19 Pine Tree Place,West Caldwell,NJ,07006,Y,Y,Y,,I
61599,Enfield Community Solar,2530 Riva Road Suite 200,Annapolis,MD,21401,Y,Y,Y,,Q
61603,"Page Solar Farm, LLC",130 Roberts Street,Asheville,NC,28801,Y,Y,Y,,Q
61610,"Delaware River Solar, LLC","140 E 45th Street, Suite 32B-1",New York,NY,10017,Y,Y,Y,,Q
61612,"Panda Solar NC 1, LLC",860 Canal Street,Stamford,CT,06902,Y,,,,Q
61613,Sartell Holdco LLC,804 Carnegie Center,Princeton,NJ,08540,Y,,,,Q
61614,Rollingstone Holdco LLC,804 Carnegie Center,Princeton,NJ,08540,Y,,,,Q
61616,Solar Provider Group MN I LLC,"250 West 57th Street, Suite 70",New York,NY,10107,Y,,,,Q
61617,"Alpha Value Solar, LLC",130 Roberts Street,Asheville,NC,28801,Y,Y,Y,,Q
61618,Kingsbrook Jewish Medical Center,585 Schenectady Ave,Brooklyn,NY,11213,Y,Y,,,COM
61619,St Johns Riverside Hospital,967 North Broadway,Yonkers,NY,10701,Y,Y,,,COM
61624,"SR Snipesville, LLC","222 2nd Ave. South, Suite 1900",Nashville,TN,37201,Y,Y,Y,,Q
61634,"SR Terrell, LLC","222 2nd Ave. South, Suite 1900",Nashville,TN,37201,Y,Y,Y,,Q
61635,"SR Hazlehurst III, LLC","222 2nd Ave. South, Suite 1900",Nashville,TN,37201,Y,Y,Y,,Q
61639,Atkinson Solar II LLC,130 Roberts Street,Asheville,NC,28801,Y,Y,Y,,Q
61640,Quarter Horse Farm LLC,130 Roberts Street,Asheville,NC,28801,Y,Y,Y,,Q
61641,Sadiebrook Solar LLC,130 Roberts Street,Asheville,NC,28801,Y,Y,Y,,Q
61642,Lane Solar Farm LLC,130 Roberts Street,Asheville,NC,28801,Y,Y,Y,,Q
61644,Bladenboro Farm 2 LLC,130 Roberts Street,Asheville,NC,28801,Y,Y,Y,,Q
61645,Warrenton Solar I LLC,130 Roberts Street,Asheville,NC,28801,Y,Y,Y,,Q
61648,"WED Green Hill, LLC","2000 Chapel View Boulevard, Su",Cranston,RI,02920,,Y,Y,,Q
61649,"WED Plainfield II, LLC","2000 Chapel View Boulevard, Su",Cranston,RI,02920,,Y,Y,,Q
61650,"WED Plainfield III, LLC","2000 Chapel View Boulevard, Su",Cranston,RI,02920,,Y,Y,,Q
61651,"WED Plainfield, LLC","2000 Chapel View Boulevard, Su",Cranston,RI,02920,,Y,Y,,Q
61652,"WED Shun I, LLC","2000 Chapel View Boulevard, Su",Cranston,RI,02920,,Y,Y,,Q
61653,"WED Shun II, LLC","2000 Chapel View Boulevard, Su",Cranston,RI,02920,,Y,Y,,Q
61654,"WED Shun III, LLC","2000 Chapel View Boulevard, Su",Cranston,RI,02920,Y,Y,,,Q
61655,"Panda Solar NC 2, LLC",850 Canal Street,Stamford,CT,06902,Y,,,,Q
61656,"Panda Solar NC 3, LLC",850 Canal Street,Stamford,CT,06902,Y,,,,Q
61657,"Panda Solar NC 4, LLC ",850 Canal Street,Stamford,CT,06902,Y,,,,Q
61658,"Panda Solar NC 5, LLC",850 Canal Street,Stamford,CT,06902,Y,,,,Q
61659,"Panda Solar NC 7 , LLC",850 Canal Street,Stamford,CT,06902,Y,,,,Q
61660,"Panda Solar NC 6, LLC",850 Canal Street,Stamford,CT,06902,Y,,,,Q
61661,"Panda Solar NC 8, LLC",850 Canal Street,Stamford,CT,06902,Y,,,,Q
61662,"Panda Solar NC 9, LLC",850 Canal Street,Stamford,CT,06902,Y,,,,Q
61663,"Panda Solar NC 10, LLC",860 Canal Street,Stamford,CT,06902,Y,,,,Q
61664,"Panda Solar NC 11, LLC",860 Canal Street,Stamford,CT,06902,Y,,,,Q
61667,Galactic Wind,1979 Milky Way,Verona,WI,53593,Y,Y,,,COM
61668,Strauss Wind LLC,5901 Priestly Drive,Carlsbad,CA,92008,Y,,,,Q
61669,"AES Alamitos Energy, LLC",690 North Studebaker Road,Long Beach,CA,90803,Y,Y,Y,,Q
61670,"AES Huntington Beach Energy, LLC",21730 Newland Street,Huntington Beach,CA,92646,Y,Y,Y,,Q
61671,Great Plains Windpark Legacy LLC,8400 Normandale Lake Blvd,Bloomington,MN,55437,Y,,,,Q
61672,Willow Spring Solar LLC,"575 Fifth Ave., 35th Fl.",New York,NY,10017,Y,,Y,,Q
61675,SS PA II PSU LLC,7 Great Valley Parkway,Malvern,PA,19355,Y,Y,Y,,IND
61676,"Roseman Energy, LLC",2624 Pinewood Ave,Greenfield,IA,50849,Y,,,,Q
61677,Sol Systems,1101 Connectivut Avenue NW,Washington,DC,20036,Y,Y,Y,,Q
61679,MSC-GreyCloud01 LLC,45 Unversity Ave SE #1001,Minneapolis,MN,55414,Y,,,,Q
61680,MSC-Scandia01 LLC,45 University Ave SE #1001,Minneapolis,MN,55414,Y,,,,Q
61681,Minisink Solar 1 LLC,100 California,San Francisco,CA,94107,Y,,,,Q
61682,Minisink Solar 2 LLC,100 California,San Francisco,CA,94107,Y,,,,Q
61683,Amadeus Wind LLC,5901 Priestly Drive,Carlsbad,CA,92008,Y,,,,Q
61684,"Diablo Energy Storage, LLC",5000 Hopyard Road,Pleasanton,CA,94588,Y,Y,Y,,Q
61685,"Syncarpha Eagle Nest I, LLC","250 West 57th Street, Suite 70",New York,NY,10107,Y,,,,Q
61686,Chaffey Community College District,5885 Haven Ave,Rancho Cucamonga,CA,91731,Y,,,Y,S
61687,"KCE NY 1, LLC","418 Broadway, 3rd Floor",Albany,NY,12207,,Y,,,Q
61688,ENGIE Generation North America LLC,225 W Hubbard St. Ste #200,Chicago,IL,60654,Y,,,,Q
61690,Maimonides Medical Center,4802 10th Ave,Brooklyn,NY,11219,Y,Y,,,COM
61691,"SR Jonesborough II, LLC","222 2nd Ave. South, Suite 1900",Nashville,TN,37201,Y,Y,Y,,Q
61692,"Ashby Solar, LLC","101 Summer Street, 2nd Floor",Boston,MA,02110,Y,Y,Y,,Q
61693,"Griffin Road Solar, LLC","101 Summer Street, 2nd Floor",Boston,MA,02110,Y,Y,Y,,Q
61694,John Laing US Solar Corp.,"780 Third Avenue, 11th Floor",New York,NY,10017,Y,,,,Q
61697,"Hillcrest Solar I, LLC","3636 Nobel Drive, Suite 260",San Diego,CA,92122,Y,,Y,,Q
61698,"Dudley Solar, LLC","101 Summer Street, 2nd Floor",Boston,MA,02110,Y,Y,Y,,Q
61699,"SR Meridian II, LLC","222 2nd Ave. South, Suite 1900",Nashville,TN,37201,Y,Y,Y,,Q
61700,"Hadley 2 Solar, LLC","101 Summer Street, 2nd Floor",Boston,MA,02110,Y,Y,Y,,Q
61701,"SR Meridian III, LLC","222 2nd Ave. South, Suite 1900",Nashville,TN,37201,Y,Y,Y,,Q
61702,"Epic Hosting, LLC",1979 Milky Way,Verona,WI,53593,Y,Y,,,COM
61703,Ballston Solar LLC,"9450 SW Gemini Drive, PMB 7199",Beaverton,OR,97008,Y,,Y,,Q
61704,Labish Solar LLC,"9450 SW Gemini Drive, PMB 7199",Beaverton,OR,97008,Y,,Y,,Q
61705,Boring Solar LLC,"9450 SW Gemini Drive, PMB 7199",Beaverton,OR,97008,Y,,Y,,Q
61706,Birch Power LLC,2624 Pinewood Ave,Greenfield,IA,50849,Y,,,,Q
61707,Ahlstrom-Munksjo,515 West Davenport St,Rhinelander,WI,54501,Y,,,,IND
61708,Canal Generating LLC,9 Freezer Road,Sandwich,MA,02563,Y,Y,,Y,Q
61709,"Desert Harvest, LLC",15455 Innovation Drive,San Diego,CA,92128,,,,Y,Q
61710,"Maverick Solar, LLC",15455 Innovation Drive,San Diego,CA,92128,,,,Y,Q
61711,Ashley Solar (SC),"880 Apollo Street, Suite 333",El Segundo,CA,90245,Y,,,,Q
61713,B & K Solar,1519 King Street,Charleston,SC,29405,Y,,,,Q
61715,Bell Solar,333 Washington Street,Jersey City,NJ,07302,Y,,,,Q
61716,Big Fork Solar,1519 King Street,Charleston,SC,29405,Y,,,,Q
61717,Birch Solar,"880 Apollo Street, Suite 333",El Segundo,CA,90245,Y,,,,Q
61718,Chapman Solar,"880 Apollo Street, Suite 333",El Segundo,CA,90245,Y,,,,Q
61720,Colleton Solar,1519 King Street,Charleston,SC,29405,Y,,,,Q
61722,Crossroads Solar,1519 King Street,Charleston,SC,29405,Y,,,,Q
61723,"Pixelle Specialty Solution, LLC",232 East 8th Street,Portage,OH,45601,Y,,,,IND
61725,"Monson Solar, LLC","101 Summer Street, 2nd Floor",Boston,MA,02110,Y,Y,Y,,Q
61727,Reloj del Sol Wind Farm LLC,P.O. Box 3827,Houston,TX,77253,Y,Y,Y,,Q
61728,GlidePath Power Operations LLC,500 West Madison Ste 1210,Chicago,IL,60661,,,Y,,Q
61729,Culpepper Solar,1519 King Street,Charleston,SC,29405,Y,,,,Q
61732,Fairfield Solar,W Bobo Newsom Hwy & Top Drawer,Hartsville,SC,29550,Y,,,,Q
61736,Gaines Solar,44 Montgomery Street,San Francisco,CA,94104,Y,,Y,,Q
61737,GEB Solar,1519 King Street,Charleston,SC,29405,Y,,,,Q
61740,"NJ Solar 1, LLC","1990 Post Oak Blvd., Suite 190",Houston,TX,77056,Y,Y,Y,,Q
61744,"Westminster Renewables, LLC","101 Summer Street, 2nd Floor",Boston,MA,02110,Y,Y,Y,,Q
61746,Holliday Solar I,1519 King Street,Charleston,SC,29405,Y,,,,Q
61750,Jefferson Solar,333 Washington Street,Jersey City,NJ,07302,Y,,,,Q
61751,Juniper Solar,1519 King Street,Charleston,SC,29405,Y,,,,Q
61752,Lone Star Solar,1519 King Street,Charleston,SC,29405,Y,,,,Q
61753,Luz Solar,"880 Apollo Street, Suite 333",El Segundo,CA,90245,Y,,,,Q
61755,Marshall Solar,333 Washington Street,Jersey City,NJ,07302,Y,,,,Q
61756,Otis Elevator Company,1500 Otis Way,Florence,SC,29501,,Y,,,IND
61762,Long Ridge Energy Generation LLC,501 Corporate Drive,Canonsburg,PA,15317,Y,,,,Q
61768,Arrow Canyon Solar LLC,15445 innovation Dr,San Diego,CA,92128,Y,,,,Q
61771,Ranchero Wind Farm LLC,4865 Sterling Drive,Boulder,CO,80301,Y,,,,Q
61774,NYC-HH-New Bellevue Hospital,462 1st Ave,New York,NY,10016,Y,Y,,,COM
61781,Seward Generating LLC,"1501 Ligonier Street,",Latrobe,PA,15650,Y,,,,Q
61784,Rolling Upland Wind Farm LLC,P.O. Box 3827,Houston,TX,77253,Y,Y,Y,,Q
61785,EDP Renewables North America LLC,"1501 McKinney Street, Suite 13",Houston,TX,77010,Y,Y,Y,,Q
61786,"Edgewater Generation, LLC",5 Greenwich Office Park,Greenwich,CT,06831,Y,,,,Q
61791,Melsam Solar,1519 King Street,Charleston,SC,29405,Y,,,,Q
61800,NYPH-Queens,56-45 Main Street,Flushing,NY,11355,Y,Y,,,COM
61801,Midway Solar,"575 Fifth Ave., 35th Fl.",New York,NY,10017,Y,,Y,,Q
61802,Westchester County Medical Center,100 Woods Road,Valhalla,NY,10595,Y,Y,,,COM
61807,Quest Solar,1519 King Street,Charleston,SC,29405,Y,,,,Q
61808,Rollins Solar,1519 King Street,Charleston,SC,29405,Y,,,,Q
61809,Ross Solar,1519 King Street,Charleston,SC,29405,Y,,,,Q
61813,"ND Paper, Inc.","1901 S. Meyers Road,",Oakbrook Terrace,IL,60181,Y,,,,Q
61815,"Palmer's Creek Wind Farm, LLC",501 West Highway 212,Granite Falls,MN,56241,Y,,,,Q
61817,"Collard Holdings, LLC",925 Tuckaseegee Road,Charlotte,NC,28208,Y,,,,Q
61818,CC Polymers LLC,7001 Joe Fulton Inter. Trade C,Corpus Christi,TX,78409,Y,,,,IND
61819,Western Sugar Cooperative - Billings,3020 State Avenue,Billings,MT,59101,Y,Y,,,IND
61821,"Northstar Macy's Maryland 2015, LLC","8800 N Gainey Center Dr., Suit",Scottsdale,AZ,85258,,,Y,,Q
61822,Mechanicville Hydroelectric Station,951 Hudson River Road,Mechanicville,NY,12118,Y,Y,,,Q
61827,"Annapolis Solar Park, LLC","1 Bridge Street, Suite 11",Irvington,NY,10533,Y,,Y,,Q
61830,Shining Sun Solar,1519 King Street,Charleston,SC,29405,Y,,,,Q
61831,Shorthorn Solar,1519 King Street,Charleston,SC,29405,Y,,,,Q
61836,Tedder Solar,333 Washington Street,Jersey City,NJ,07302,Y,,,,Q
61838,"Aulander Holloman Solar, LLC",192 Raceway Drive,Mooresville,NC,28117,Y,,,,Q
61845,"Polk County Renewables, LLC","950 S 10th Street, Suite 001",Omaha,NE,68108,Y,Y,,,Q
61854,Veolia Energy Operating Service,5001 Commerce Road,Richmond,VA,23234,Y,Y,,,Q
61857,Five Forks Solar,"1700 Broadway, 35th Floor",New York,NY,10019,Y,,,,Q
61862,Thomas Solar,"880 Apollo Street, Suite 333",El Segundo,CA,90245,Y,,,,Q
61863,Washington Solar (SC),"880 Apollo Street, Suite 333",El Segundo,CA,90245,Y,,,,Q
61864,Washington Solar II (SC),"880 Apollo Street, Suite 333",El Segundo,CA,90245,Y,,,,Q
61866,Weaver Solar,333 Washington Street,Jersey City,NJ,07302,Y,,,,Q
61872,Gavilan District College Solar Project,5055 Santa Teresa Blvd,Gilroy,CA,95020,Y,,,,COM
61880,Clearwater Paper Corporation - Augusta,4278 Mike Padgett Hwy,Augusta ,GA,30906,,,Y,,IND
61886,"Lockett Windfarm, LLC",401 N. Michigan Ave Suite 501,Chicago,IL,60611,Y,,,,Q
61888,Gloversville Community Solar LLC,1209 Orange St.,Wilmington,DE,19801,Y,,,,Q
61890,"Nobles 2 Power Partners, LLC",14302 FNB Parkway,Omaha,NE,68154,Y,Y,Y,,Q
61891,Cushaw Hydro LLC,6007 Lee Jackson Highway,Coleman Falls,VA,24536,Y,,,,Q
61892,NYP-Lower Manhattan Hospital,170 Williams Street,New York,NY,10038,Y,Y,,,COM
61893,"Lake Region Community Hybrid, LLC","470 W 78th Street, Suite 250",Chanhassen,MN,55317,Y,Y,,,Q
61894,"BWC Origination 18, LLC",160 Greentree Drive Suite 101,Dover,DE,19904,Y,Y,,,Q
61895,"BWC Gibbs Brook, LLC",1521 Concord Pike #301,Wilmington,DE,19803,Y,Y,,,Q
61896,"BWC Wareham River, LLC",1521 Concord Pike #301,Wilmington,DE,19803,Y,Y,,,Q
61897,"BWC Harlow Brook, LLC",1521 Concord Pike #301,Wilmington,DE,19803,Y,Y,,,Q
61898,"BWC Pocasset River, LLC",1521 Concord Pike #301,Wilmington,DE,19803,Y,Y,,,Q
61899,"SR Arlington II MT, LLC","222 2nd Ave. South, Suite 1900",Nashville,TN,37201,Y,Y,Y,,Q
61900,"SR Arlington, LLC","222 2nd Ave. South, Suite 1900",Nashville,TN,37201,Y,Y,Y,,Q
61903,Stanton Clean Energy LLC,700 Universe Blvd,Juno Beach,FL,33408,Y,,,,Q
61905,Oleander Holdings LLC ,700 Universe Blvd,Juno Beach,FL,33408,Y,,,,Q
61906,Rye Development,100 S. Olive Ave.,West Palm Beach,FL,33401,Y,,,,Q
61907,"JBAB Solar I, LLC.","200 Liberty Street, 14 Floor",New York,NY,10281,Y,,,,Q
61909,Equilon Enterprises LLC d/b/a Shell Oil,150 N. Dairy Ashford,Houston,TX,77079,,,,Y,COM
61910,"Quitman Solar, LLC",700 Universe Blvd,Juno Beach,FL,33408,Y,Y,,,Q
61911,"Dougherty County Solar, LLC",700 Universe Blvd,Juno Beach,FL,33408,Y,Y,,,Q
61912,"Grazing Yak Solar, LLC",700 Universe Blvd,Juno Beach,FL,33408,Y,Y,,,Q
61913,"Hunterstown Generation, LLC",1731 Hunterstown Rd,Gettysburg,PA,17325,,Y,,,Q
61915,"Emmons-Logan Wind, LLC",700 Universe Blvd,Juno Beach,FL,33408,Y,Y,,,Q
61919,Kimura Power LLC,2101 Arbor Blvd,Moraine,OH,45439,Y,,,,Q
61927,Bell Bay Solar Farm,6950 Highway 701 South,Conway,SC,29527,Y,Y,Y,,S
61928,Jamison Solar Farm,111 Hickson Drive,Orangeburg,SC,29118,Y,Y,Y,,S
61929,Runway Solar Farm,South Kings Highway at 27th Av,Myrtle Beach,SC,29118,Y,Y,Y,,S
61934,CI III VK I TE Partnership LLC,"200 Bellevue Parkway, Suite 21",Wilmington,DE,19809,Y,,Y,,Q
61936,Albert Einstein College of Medicine,1300 Morris Park Avenue,Bronx,NY,10461,Y,Y,,,COM
61942,"Griffin Trail Wind, LLC","3636 Nobel Drive, Suite 260",San Diego,CA,92122,Y,Y,Y,,Q
61943,"North Rosamond Solar, LLC",100 California,San Francisco,CA,94111,Y,,,,Q
61944,MN8 Energy LLC,"601 E. Atlantic Avenue, Suite",Delray Beach,FL,33483,Y,,Y,,Q
61946,"Prairie State Solar, LLC","575 Fifth Ave., 35th Fl.",New York,NY,10017,Y,,,,Q
61947,NYP-Hudson Valley Hospital Center,1980 Crompond Road,Cortlandt Manor,NY,10567,Y,Y,,,COM
61948,Regeneron Pharmaceuticals Inc.,777 Old Saw Mill River Rd,Tarrytown,NY,10591,Y,Y,,,COM
61949,"Assembly Solar I, LLC","575 Fifth Ave., 35th Fl.",New York,NY,10017,Y,,,,Q
61950,Terra-Gen Operating Co-Solar,"437 Madison Ave, Fl 22",New York,NY,10022,Y,,,,Q
61951,"Dodge County Wind, LLC",Dodge Center,Dodge Center,MN,55927,Y,Y,,,Q
61952,Hanford Renewable Energy LLC,19765 13th Avenue,Hanford,CA,93230,Y,,,,COM
61954,Techren Solar V LLC,P.O. Box 2576,Boise,ID,83701,Y,,Y,,Q
61955,JLL-One Rockwood Road,1 Rockwood Road,Sleepy Hollow,NY,10591,Y,Y,,,COM
61956,Mount Sinai South Nassau Hospital,1 Healthy Way,Oceanside,NY,11572,Y,Y,,,COM
61957,Kearny Mesa Storage LLC,633 West Fifth Street,Los Angeles,CA,90071,Y,,,,Q
61958,"Hydro Sierra Energy, LLC",1800 James Street,Bellingham,WA,98225,,,Y,,Q
61963,Graphic Packaging International - Texarkana,9978 Farm Market Road,Queen City,TX,75551,Y,,,,IND
61964,Kimberly Clark - Mobile Alabama,200 Bay Bridge Road,Mobile,AL,36610,Y,Y,Y,,IND
61965,St. Johns Episcopal Hospital,327 Beach 19th Street,Far Rockaway,NY,11691,Y,Y,,,COM
61967,Beloit Memorial Hospital,1969 Hart Road,Beloit,WI,53511,Y,,,,COM
61969,Altorfer Inc.,6315 W. Fauber,Bartonville,IL,61607,Y,,,,IND
61970,St. Joseph Hospital (NY),127 South Broadway,Yonkers,NY,10701,Y,Y,,,COM
61971,Mt. Sinai- Morningside,1111 Amsterdam Ave,New York,NY,10025,Y,Y,,,COM
61973,Black Hills Electric Generation LLC,7001 Mt. Rushmore Road,Rapid City,SD,57702,Y,Y,,,Q
61978,Convergent Energy and Power LP,7 Times Square,New York,NY,10036,,Y,Y,,Q
61979,"City of Nashua, NH",229 Main Street,Nashua,NH,03060,Y,,,,M
61980,Valta Energy,888 Prospect Street,LaJolla,CA,92037,Y,,,,Q
61981,Willow Creek Wind Power LLC,"401 Michigan Ave, Suite 501",Chicago,IL,60611,Y,Y,Y,,Q
61982,International Paper - Flint River Mill,2449 Stagecoach Rd .,Oglethorpe,GA,31068,Y,,,,IND
61984,MBS TextBook Exchange LLC,2711 West Ash Street,Columbia,MO,65203,Y,,,,COM
61987,Sonoma County Junior College District,1501 Mendocino Ave,Santa Rosa,CA,95401,Y,,,,S
61988,Pixelle Specialty Solutions LLC - (PA),228 South Main Street,Spring Grove,PA,17362,Y,,,,IND
62003,"CMR Solar, LLC","100 California, Suite 400",San Francisco,CA,94107,Y,,,,Q
62005,Eastridge Wind Project,401 Lone Tree Street,Porter,MN,56280,Y,Y,Y,,Q
62008,Hale Kuawehi Solar LLC,"3636 Nobel Drive, Suite 260",San Diego,CA,92122,Y,Y,Y,,Q
62010,Prairie Queen Wind Farm LLC,P.O. Box 3827,Houston,TX,77253,Y,Y,Y,,Q
62023,Skeleton Creek Energy Center,700 Universe Blvd,Juno Beach,FL,33408,Y,Y,,,Q
62026,"Mountain Creek Power, LLC",2233 Mountain Creek Parkway,Dallas,TX,75211,Y,,,,Q
62027,"LaPorte Power, LLC",10203 Strang Road,LaPorte,TX,77571,Y,,,,Q
62031,"Walleye Power, LLC ",4701 Bay Shore Rd. ,Oregon,OH,43616,Y,Y,Y,,Q
62032,Granite Shore Power,97 River Road,Bow,NH,03304,Y,,,,Q
62033,NRG MN Community LLC,"100 California, Suite 400",San Franciso,CA,94118,Y,,,,Q
62034,Depot Park Solar Farm,16 Business Park Way,Sacramento,CA,95828,Y,,,,Q
62035,MSC-Scott01 LLC,2905 Northwest Blvd Suite 150,Plymouth,MN,55441,Y,,,,Q
62037,MSC-Chisago02 LLC,2905 Northwest Blvd Suite 150,Plymouth,MN,55441,Y,,,,Q
62038,MSC-Chisago01 LLC,2060 Winding Brook Way,Scotch Plains,NJ,07076,Y,,Y,,Q
62039,MSC-Rice01 LLC,2060 Winding Brook Way,Scotch Plains,NJ,07076,Y,,Y,,Q
62040,"Three Bridge Farm, LLC",130 Roberts Street,Asheville,NC,28801,Y,Y,Y,,Q
62041,"HCE Moore I, LLC",130 Roberts Street,Asheville,NC,28801,Y,Y,Y,,Q
62042,SRIV Partnership LLC,"1000 SW Broadway St, Suite 188",Portland,OR,97205,Y,,,,Q
62043,Cox Operating LLC,1615 Poydras St.,New Orleans,LA,70112,,Y,,,COM
62045,"Wood Hydro, LLC",711 East Turtle Point Drive,Ivins,UT,84738,,Y,,,Q
62046,"High Lonesome Wind Power, LLC","100 Brickstone Square, Suite 3",Andover,MA,01810,Y,Y,Y,,Q
62047,"Roadrunner Solar, LLC","100 Brickstone Square, Suite 3",Andover,MA,01810,Y,Y,Y,,Q
62048,Westlands Almond LLC,4700 Wilshire Boulevard,Los Angeles,CA,90010,Y,Y,Y,,Q
62049,Aquamarine Westside LLC,4700 Wilshire Boulevard,Los Angeles,CA,90010,Y,,Y,,Q
62051,Airport Solar LLC,"575 Fifth Ave., 35th Fl.",New York,NY,10017,Y,,Y,,Q
62052,Kearsarge Johnstown 1 LLC,"1380 Soldiers Field Road, Suit",Boston,MA,02135,Y,Y,Y,,Q
62053,Kearsarge GB LLC,"1380 Soldiers Field Road, Suit",Boston,MA,02135,Y,Y,Y,,Q
62054,Kearsarge SKSC1 LLC,"1380 Soldiers Field Road, Suit",Boston,MA,02135,Y,Y,Y,,Q
62055,Kearsarge Uxbridge LLC,"1380 Soldiers Field Road, Suit",Boston,MA,02135,Y,Y,Y,,Q
62056,Kearsarge Johnstown 2 LLC,"1380 Soldiers Field Road, Suit",Boston,MA,02135,Y,Y,Y,,Q
62057,Kearsarge Montague LLC,"1380 Soldiers Field Road, Suit",Boston,MA,02135,Y,Y,Y,,Q
62058,Kearsarge SKSC2 LLC,"1380 Soldiers Field Road, Suit",Boston,MA,02135,Y,Y,Y,,Q
62059,Kearsarge Wilmington LLC,"1380 Soldiers Field Road, Suit",Boston,MA,02135,Y,Y,Y,,Q
62061,"GD West Greenwich Victory I, LLC","2000 Chapel View Boulevard, Su",Cranston,RI,02920,,Y,Y,,Q
62062,"GD Richmond Buttonwoods I, LLC","2000 Chapel View Boulevard, Su",Cranston,RI,02920,,Y,Y,,Q
62063,"Blue Summit III Wind, LLC",700 Universe Blvd,Juno Beach,FL,33408,Y,Y,,,Q
62064,"Hill Top Energy Center, LLC",278 Thomas Rd,Carmichaels,PA,15320,,Y,,,Q
62067,Powerflex,15445 Innovation Drive,San Diego,CA,62128,,,Y,Y,COM
62069,"Jiminy Peak Mountain Resort, LLC",37 Corey Rd,Hancock,MA,01237,Y,,,,COM
62070,Plainfield Solar LLC,"101 Summer Street, 2nd Floor",Boston,MA,02110,Y,Y,Y,,Q
62071,"Route 14A CDG Solar North and South, LLC","101 Summer Street, 2nd Floor",Boston,MA,02110,Y,Y,Y,,Q
62072,Newfield Solar LLC,"101 Summer Street, 2nd Floor",Boston,MA,02110,Y,Y,Y,,Q
62073,Tanglewood Circle Solar 1 LLC,"101 Summer Street, 2nd Floor",Boston,MA,02110,Y,Y,Y,,Q
62075,Trinity Hills Wind Farm LLC,10710 Sikes Place,Charlotte,NC,28277,,,Y,,Q
62076,Silver Star I Power Partners LLC,10710 Sikes Place,Charlotte,NC,28277,,,Y,,Q
62077,Sherbino II Wind Farm LLC,10710 Sikes Place,Charlotte,NC,28277,,,Y,,Q
62079,"White Cloud Wind Project, LLC","100 Brickstone Square, Suite 3",Andover,MA,01810,Y,Y,Y,,Q
62080,"Lamesa Solar II, L.L.C.","575 Fifth Ave., 35th Fl.",New York,NY,10017,Y,,Y,,Q
62083,Arizona State University FDM,USB 1551 S. Rural Rd,Tempe,AZ,85281,Y,,,,COM
62084,DG Florham Park Solar LLC,700 Universe Blvd.,Juno Beach,FL,33408,Y,Y,,,Q
62085,Mesquite Star Special LLC,100 California Suite 400,San Francisco,CA,94118,Y,,,,Q
62087,Montefiore Mount Vernon Hospital,12 North 7th Avenue,Mount Vernon,NY,10550,Y,Y,,,COM
62091,Derby Fuel Cell LLC,3 Great Pasture Road,Danbury,CT,06810,Y,Y,,,Q
62093,Groton Fuel Cell 1 LLC,"c/o FuelCell Energy, Inc., 3 G",Danbury,CT,06810,Y,Y,,,Q
62095,Connell East LLC.,50 Connell Dr.,Berkeley Heights,NJ,07922,Y,Y,,,COM
62103,Whitney Hill Wind Power LLC,"100 Brickstone Square, Suite 3",Andover,MA,01810,Y,Y,Y,,Q
62106,Hidalgo Wind Farm II LLC,P.O. Box 3827,Houston,TX,77253,Y,Y,Y,,Q
62109,"Searcy Solar, LLC",700 Universe Blvd,Juno Beach,FL,33408,,,Y,,I
62110,Rockland Bakery Inc.,94 Demarest Mill Road,Nanuet,NY,10954,Y,Y,,,COM
62112,Overlook Medical Center,99 Beauvoir Avenue,Summit,NJ,07901,Y,Y,,,COM
62113,"Sage Draw Wind, LLC",789 FM 212,Wilson,TX,79381,Y,,,,Q
62122,"Minuteman Energy Storage, LLC",700 Universe Blvd.,Juno Beach,FL,33408,Y,Y,,,Q
62127,"Generate Fremont Digester, LLC.",1634 Locust St.,Fremont,MI,49412,Y,Y,,,Q
62128,OEE XXX LLC,12385 Township Road 215,Findlay,OH,45840,Y,Y,Y,,Q
62130,Foundation CA Fund X Manager LLC,"505 Sansome Street, Suite 900",San Francisco,CA,94111,,Y,,,Q
62131,HL Solar LLC,700 Universe Blvd,Juno Beach,FL,33408,Y,Y,,,Q
62132,DWW Solar ll LLC,"575 Fifth Ave., 35th Fl.",New York,NY,10017,Y,,Y,,Q
62134,Hunter Solar LLC,"575 Fifth Ave., 35th Fl.",New York,NY,10017,Y,,,,Q
62136,Llano Estacado Wind Ranch,"313 South Main, P.O. Box 798",White Deer,TX,79097,Y,Y,Y,,Q
62146,Sigurd Solar LLC,"575 Fifth Ave., 35th Fl.",New York,NY,10017,Y,,,,Q
62150,"2016 ESA Project Company, LLC",1609 Heritage Commerce Ct.,Wake Forest,NC,27587,Y,,,,Q
62153,Hecate Energy Highland LLC,"575 Fifth Ave., 35th Fl.",New York,NY,10017,,,,Y,Q
62155,"DG Northeast Solar II, LLC",700 Universe Blvd,Juno Beach,FL,33408,Y,Y,,,Q
62157,"Shiloh Hwy 1108 Solar, LLC",130 Roberts Street,Asheville,NC,28801,Y,Y,Y,,Q
62158,"Sandy Solar, LLC",130 Roberts Street,Asheville,NC,28801,Y,Y,Y,,Q
62159,"Chowan Jehu Road Solar, LLC",130 Roberts Street,Asheville,NC,28801,Y,Y,Y,,Q
62160,"AES ES Alamitos, LLC",690 N. Studebaker Road,Long Beach,CA,90803,Y,Y,,,Q
62161,"Cubico USA, LLC","1010 Washington Boulevard, 8th",Stamford,CT,06901,Y,,,,Q
62162,"RP Napa Solar 1, LLC",44 Montgomery Street,San Francisco,CA,94104,Y,,Y,,Q
62627,Cardinal Renewables,1 Vanderbilt Ave,New York,NY,10017,Y,,,,Q
62628,County of Santa Clara (CA),"2310 N. First Street, Suite 20",San Jose,CA,95131,Y,,Y,,P
62629,G&S Operations LLC,"211 East 43rd St, 25th Floor",New York,NY,10017,Y,,,,COM
62633,"Plum Creek Wind, LLC",401 N. Michigan Ave,Chicago,IL,60611,Y,,,,Q
62634,"Chester Woods Point Solar, LLC","101 Summer Street, 2nd Floor",Boston,MA,02110,Y,Y,Y,,Q
62635,Wildcat Creek Wind Farm LLC,P.O. Box 3827,Houston,TX,77253,Y,Y,Y,,Q
62644,OEE XXVIII LLC,12385 Township Road 215,Findlay,OH,45840,Y,Y,Y,,Q
62646,"Painter Energy Storage, LLC","1108 Lavaca St, Suite 110-349",Austin,TX,78701,Y,Y,Y,,Q
62648,"DG 1 Acquisition Co., LLC",700 Universe Blvd.,Juno Beach,FL,33408,Y,Y,,,Q
62651,"Montauk Energy Storage Center, LLC",700 Universe Blvd.,Juno Beach,FL,33408,Y,Y,,,Q
62652,"East Hampton Energy Storage Center, LLC",700 Universe Blvd.,Juno Beach,FL,33408,Y,Y,,,Q
62655,RC Energy AA LLC,"9085 East Mineral Circle, Suit",Centennial,CO,80112,Y,Y,Y,,Q
62656,Phoenix Solar South Farms LLC,"9085 EAST MINERAL CIRCLE, SUIT",CENTENNIAL,CO,80112,,Y,Y,,Q
62657,Harbec Energy,358 Timothy Lane,Ontario,NY,14519,Y,Y,Y,,IND
62658,Mount Joy Wire Corp,1000 East Main Street,Mount Joy,PA,17552,Y,Y,,,IND
62659,BMP Wind LLC,100 California St Suite 400,San Francisco,CA,94118,Y,,,,Q
62660,"MSC-Empire01, LLC",579 Selby Ave,St. Paul,MN,55102,Y,,,,Q
62661,"Lock 12 Hydro Partners, LLC",414 S. Wenzel Street,Louisville,KY,40204,Y,,,,Q
62662,"Butter Solar, LLC","400, 214 11 Ave SW",Calagry,AB,T2R0K,Y,Y,Y,,Q
62663,Lock 13 Hydro Partners,414 S. Wenzel St,Louisville,KY,40204,Y,,,,Q
62664,"Lock 14 Hydro Partners, LLC",414 S. Wenzel Street,Louisville,KY,40204,Y,,,,Q
62668,"Wheatridge Wind Holdings, LLC",700 Universe Blvd,Juno Beach,FL,33408,Y,Y,,,Q
62677,Massachusetts Department of Correction,12A Titcut St,Bridgewater,MA,02324,Y,Y,Y,,S
62679,"Luminace Solar Rhode Island, LLC","200 Liberty Street, 14 Floor",New York,NY,10281,Y,,,,Q
62680,BT Coniglio Solar LLC,"300 Spectrum Center Drive, Sui",Irvine,CA,92618,Y,,,,Q
62682,"Kellam Solar, LLC","1200 Smith Street, Suite 1700",Houston,TX,77002,Y,,,,Q
62684,Ulster Solar LLC,700 Universe Blvd,Juno Beach,FL,33408,Y,Y,,,Q
62688,"Helios NY I, LLC",700 Universe Blvd,Juno Beach,FL,33408,Y,Y,,,Q
62690,Hecate Energy Blair Road LLC,621 W. Randolph St.,Chicago,IL,60661,Y,,,,Q
62694,"Rappahannock Solar, LLC",333 Washington Street,Jersey City,NJ,07302,Y,,,,Q
62697,"Kettle Butte Digester, LLC",PO Box 772,Jerome,ID,83338,Y,Y,,,Q
62698,SunEast Skyline Solar LLC,34 W. Miner Street,West Chester,PA,19382,Y,,,,Q
62701,"Vista Solar, Inc.",2985 Kifer Road,Santa Clara,CA,95051,,,,Y,COM
62705,Concho Bluff LLC,"200 Bellevue Parkway, Suite 21",Wilmington,DE,19809,Y,,Y,,Q
62707,Marengo Battery Storage LLC,22818 W. Grant Highway,Marengo TWP,IL,60152,Y,Y,Y,,COM
62710,"DG LF Solar, LLC",700 Universe Blvd,Juno Beach,FL,33408,Y,Y,,,Q
62711,Wabasha Solar LLC,100 California St Suite 400,San Francisco,CA,94118,Y,,,,Q
62712,Winona Solar I LLC,100 California St Suite 400,San Francisco,CA,94118,Y,,,,Q
62715,Westbound Solar LLC,550 South Caldwell Street,Charlotte,NC,28202,Y,Y,,,Q
62719,Green Street Power Partners,1 Landmark Sq. Suite 320,Stamford,CT,06902,Y,Y,Y,,COM
62731,"Gopher Energy Storage, LLC",700 Universe Blvd.,Juno Beach,FL,33408,Y,Y,,,Q
62733,Cranberry Point Energy Storage LLC,"1780 Hughes Landing Boulevard,",The Woodlands,TX,77380,,,,Y,Q
62739,Otter River Road Solar LLC,"111 Speen St., Suite 410",Framingham,MA,01701,Y,Y,Y,,Q
62743,RoxWind LLC,"13 Elm Street, Suite 200",Cohasset,MA,02025,Y,,,,Q
62744,"St. James Solar, LLC","575 Fifth Ave., 35th Fl.",New York,NY,10017,Y,,Y,,Q
62747,Acorn I Energy Storage LLC,"65 Enterprise Street, 3rd Floo",Aliso Viejo,CA,92656,Y,Y,Y,,Q
62748,Wildcat I Energy Storage LLC,"65 Enterprise Street, 3rd Floo",Aliso Viejo,CA,92656,Y,Y,Y,,Q
62749,Carolina Poultry Power,3730 North Main St.,Farmville,NC,27828,Y,,,,IND
62758,"Orchard Windfarm, LLC","575 Fifth Ave., 35th Fl.",New York,NY,10017,Y,,Y,,Q
62759,National Grid Renewables,8400 Normandale Lake Blvd Suit,Bloomington,MN,55437,Y,Y,Y,,Q
62760,EDPR CA Solar Park VI LLC,"1501 McKinney Street, Suite 13",Houston,TX,77010,Y,Y,Y,,Q
62761,Rosewater Wind Farm LLC,"6072 S. State Road 43, PO Box",Chalmers,IN,47929,Y,Y,Y,,Q
62762,"GSPP Boxborough Littleton, LLC",311 N Bayshore Drive,Safety Harbor,FL,34695,Y,Y,,,Q
62763,Hecate Energy Johanna Facility LLC,621 W. Randolph St.,Chicago,IL,60661,Y,Y,Y,,Q
62764,C2 Starratt Solar LLC,"100 Park Avenue, 24th Floor",New York,NY,10017,Y,,,,Q
62765,"High Bridge Wind, LLC","9 E. Loockerman Street, Suite",Dover,DE,19901,Y,,,,Q
62766,"Somerville Solar, LLC","55 5th Ave., 18th Floor",New York,NY,10003,Y,,,,Q
62767,"Phoenix Contact Services, Inc",586 Fulling Mill Road,Middeltown,PA,17057,Y,,,,COM
62772,CA ODEVI LLC,"755 Baywood drive, 2nd Floor,",Petaluma,CA,94954,Y,,,,Q
62773,Kearsarge Gill LLC,"1380 Soldiers Field Road, Suit",Boston,MA,02135,Y,Y,Y,,Q
62775,"Central Rivers Power NH, LLC",One Tower Center Blvd FL 21,East Brunswick,NJ,08816,Y,,,,Q
62777,Burrstone Energy Center,1656 Champlain Avenue,New Hartford,NY,13413,Y,,,,COM
62778,"Rattlesnake Flat, LLC",100 California St Suite 400,San Francisco,CA,94118,Y,,,,Q
62784,Kenyon Energy KS Solar 1 LLC,"6363 College Boulevard, Suite",Overland Park,KS,66211,Y,,,,Q
62787,"Jackson Generation, LLC","1900 East Golf Road, Suite 103",Schaumburg,IL,60173,Y,,Y,,Q
62788,Oberon Solar IA,400 Spectrum Center Dr. Ste 14,Irvine,CA,92618,Y,,,,Q
62789,Oberon Solar IB,400 Spectrum Center Dr. Ste 14,Irvine,CA,92618,Y,,,,Q
62794,"AP Solar 2, LLC","412 West 15th Street, 15th Flo",New York,NY,10011,Y,,Y,,Q
62795,"Dickinson Solar, LLC",700 Universe Blvd.,Juno Beach,FL,33408,Y,Y,,,Q
62796,Paulding Wind Farm IV LLC,P.O. Box 3827,Houston,TX,77253,,Y,,,Q
62800,DG Edison New Jersey LLC,700 Universe Blvd.,Juno Beach,FL,33408,Y,Y,,,Q
62801,DG Linden New Jersey LLC,700 Universe Blvd.,Juno Beach,FL,33408,Y,Y,,,Q
62802,Cove Mountain Solar LLC,"575 Fifth Ave., 35th Fl.",New York,NY,10017,Y,,Y,,Q
62803,Cove Mountain Solar 2 LLC,"575 Fifth Ave., 35th Fl.",New York,NY,10017,Y,,Y,,Q
62805,"Bluestone Farm Solar, LLC","1990 Post Oak Blvd, Suite 1900",Houston,TX,77056,Y,Y,Y,,Q
62806,Guernsey Power Station LLC,565 Fifth Avenue 29th Fl,New York,NY,10017,Y,Y,Y,,Q
62807,"Hawtree Creek Farm Solar, LLC","1990 Post Oak Blvd, Suite 1900",Houston,TX,77056,Y,Y,Y,,Q
62808,"Whitehorn Solar, LLC","1990 Post Oak Blvd, Suite 1900",Houston,TX,77056,Y,Y,Y,,Q
62812,"Syncarpha Tewksbury, LLC","250 West 57th Street, Suite 70",New York,NY,10107,Y,,,,Q
62813,"Syncarpha Westminster, LLC","250 West 57th Street, Suite 70",New York,NY,10107,Y,,,,Q
62814,"Syncarpha Leicester, LLC","250 West 57th Street, Suite 70",New York,NY,10107,Y,,,,Q
62815,Stored Solar J&WE,"1231 Main Road, PO Box 317",West Enfield,ME,04493,,,Y,,Q
62817,"DG Georgia Solar II, LLC",700 Universe Blvd.,Juno Beach,FL,33408,Y,Y,,,Q
62818,Mahi Pono LLC,8401 Pulehu Road,Kahului,HI,96732,Y,,,,COM
62819,"Syncarpha Halifax, LLC","250 West 57th Street, Suite 70",New York,NY,10107,Y,,,,Q
62820,"Syncarpha Millbury, LLC","250 West 57th Street, Suite 70",New York,NY,10107,Y,,,,Q
62821,"Syncarpha Northampton, LLC","250 West 57th Street, Suite 70",New York,NY,10107,,Y,,,Q
62822,"Syncarpha Blandford, LLC","250 West 57th Street, Suite 70",New York,NY,10107,Y,,,,Q
62824,"Syncarpha Northbridge I, LLC","250 West 57th Street, Suite 70",New York,NY,10107,Y,,,,Q
62825,"Syncarpha Northbridge II, LLC","250 West 57th Street, Suite 70",New York,NY,10107,Y,,,,Q
62826,"Syncarpha Puddon I, LLC","250 West 57th Street, Suite 70",New York,NY,10107,,Y,,,Q
62827,"Syncarpha Puddon II, LLC","250 West 57th Street, Suite 70",New York,NY,10107,Y,,,,Q
62828,"TWE Bowman Solar Project, LLC",130 Roberts Street,Asheville,NC,28801,Y,Y,Y,,Q
62834,Caden Energix Pamplin LLC,"1201 Wilson Blvd., Suite 2200",Arlington,VA,22209,Y,Y,Y,,Q
62835,Caden Energix Hickory LLC,"1201 Wilson Blvd., Suite 2200",Arlington,VA,22209,Y,Y,Y,,Q
62836,Navisun LLC,"18 Shipyard Drive, Suite 2A",Hingham,MA,02043,Y,Y,Y,,Q
62838,"LSE Dorado, LLC",700 Universe Blvd.,Juno Beach,FL,33408,Y,Y,,,Q
62842,"Lightsource Renewable Energy Asset Management, LLC","400 Montgomery Street, 8th Flo",San Francisco,CA,94104,,,Y,,Q
62844,"Spring Hope Solar 3, LLC",130 Roberts Street,Asheville,NC,28801,Y,Y,Y,,Q
62845,ESA Four Oaks 2 NC LLC,130 Roberts Street,Asheville,NC,28801,Y,Y,Y,,Q
62851,State of Minnesota Department of Administration,200 Administration Building 50,St. Paul,MN,55155,Y,Y,Y,,S
62852,ESA Hamlet NC LLC,130 Roberts Street,Asheville,NC,28801,Y,Y,Y,,Q
62854,"Solar Star California LXXVIII, LLC",1414 Harbour Way South,Richmond,CA,98804,,,Y,,Q
62855,"Clear Creek Wind, LLC",14302 FNB Parkway,Omaha,NE,68154,Y,,,,Q
62856,"Forefront Power, LLC","100 Montgomery Street, Suite 7",San Francisco,CA,94104,Y,Y,Y,,Q
62860,"COE Bridgewater LLC c/o Thor Equities, LLC",1021 U.S. Highway 202/206,Bridgewater,NJ,08807,Y,Y,Y,,COM
62861,Open Mountain Energy LLC.,3451 N. Triumph Blvd. Suite #2,Lehi,UT,84043,Y,Y,Y,,Q
62870,Heritage Sustainable Energy. LLC,Heritage Sustainable Energy. L,Traverse City,MI,49685,Y,Y,,,Q
62871,"Ray Wilson Solar, LLC","Box 1900, Station M 110 - 12th",Calgary,AB,T2P,Y,,,,Q
62872,"Carolina Lily Solar, LLC","Box 1900, Station M 110 - 12th",Calgary,AB,T2P,Y,,,,Q
62873,"Plott Hound Solar, LLC","Box 1900, Station M 110 - 12th",Calgary,AB,T2P,Y,,,,Q
62876,"Department of the Army, Fort Carson","1626 Evan St., Bldg 1219",Fort Carson,CO,80913,Y,,Y,,F
62877,Jefferson Torresdale Hospital,10800 Knights Rd,Philadelphia,PA,19114,Y,Y,Y,,COM
62885,"CalCity Solar 1, LLC",700 Universe Blvd.,Juno Beach,FL,33408,Y,Y,,,Q
62892,Ringer Hill Wind LLC,1000 SW Broadway Suite 1880,Portland,OR,97205,Y,,Y,,Q
62893,Mililani I Solar LLC,100 California St Suite 400,San Francisco,CA,94111,Y,,,,Q
62894,Imeson Solar Farm LLC,400 Spectrum Center Dr. Ste 14,Irvine,CA,92618,Y,Y,Y,,Q
62897,County of Santa Barbara,105 E Anapamu Street,Santa Barbara,CA,93101,Y,Y,,,P
62900,Caden Energix Rives Road LLC,"1201 Wilson Blvd., Suite 2200",Arlington,VA,22209,Y,Y,,,Q
62902,"Highline Services, LLC","PO Box 57, 1300 South Interoce",Holyoke,CO,80734,,Y,,,C
62903,"Silicon Hills Campus, LLC",814 Lavaca Street,Austin,TX,78701,Y,,,,COM
62904,"Syncarpha El Rito I, LLC","250 West 57th Street, Suite 70",New York,NY,10107,Y,,,,Q
62905,"Syncarpha Taos I, LLC","250 West 57th Street, Suite 70",New York,NY,10107,Y,,,,Q
62906,"Syncarpha Questa I, LLC","250 West 57th Street, Suite 70",New York,NY,10107,Y,,,,Q
62910,300MS 8me LLC,4370 Town Center Blvd,El Dorado Hills,CA,95762,Y,,,,Q
62911,Drew Solar LLC,"575 Fifth Ave., 35th Fl.",New York,NY,10017,Y,,Y,,Q
62912,Iris Solar LLC,"575 Fifth Ave., 35th Fl.",New York,NY,10017,Y,,Y,,Q
62913,"Roundhouse Renewable Energy, LLC",700 Universe Blvd.,Juno Beach,FL,33408,Y,Y,,,Q
62915,Madison Energy Holdings LLC,1775 Tysons Blvd,Tysons,VA,22102,Y,Y,Y,,Q
62916,Mohave County Wind Farm,700 Universe Blvd,Juno Beach,FL,33408,Y,Y,,,Q
62921,Arroyo Solar LLC,"575 Fifth Ave., 35th Fl.",New York,NY,10017,Y,,,,Q
62923,Solar Planet Power,5000 Arlington Center Blvd,Columbus,OH,43220,Y,Y,Y,,Q
62936,TREX US Red Holly LLC,"1447 S Tryon St, Ste 201",Charlotte,NC,28203,Y,,,,Q
62947,Johnson Melloh Solutions,5915 Stockberger Place,Indianapolis,IN,46241,,,Y,Y,P
62950,"HG Solar Development, LLC","1 Bridge Street, Suite 11",Irvington,NY,10533,Y,,Y,,Q
62961,"Mountain Parks Services, Inc.","321 West Agate Ave., P.O. Box",Granby,CO,80446,Y,Y,Y,,C
62962,Hartmann Community Solar LLC,700 Universe Blvd,Juno Beach,FL,33408,Y,Y,,,Q
62963,E. Goenner Community Solar LLC,700 Universe Blvd,Juno Beach,FL,33408,Y,Y,,,Q
62964,Prawer Community Solar LLC,700 Universe Blvd,Juno Beach,FL,33408,Y,Y,,,Q
62965,Schwinghamer Community Solar LLC,700 Universe Blvd,Juno Beach,FL,33408,Y,Y,,,Q
62966,STAG St. Paul Community Solar LLC,700 Universe Blvd,Juno Beach,FL,33408,Y,Y,,,Q
62967,"New Creek Wind, LLC",33 Muzzleloaders Lane,New Creek,WV,26743,Y,Y,,,Q
62968,"Silver State Solar Power North, LLC",1250 East Primm Blvd,Primm,NV,89019,Y,Y,,,Q
62969,"Keechi Wind, LLC",3601 FM 4,Jacksboro,TX,76458,Y,Y,,,Q
62970,"Burney Forest Products, A Joint Venture","19 Headquarters Plaza, West To",Morristown,NJ,07960,Y,Y,,,Q
62971,South Energy Investments LLC,3 Rosell Drive,Ballston Lake,NY,12019,Y,Y,Y,,Q
62972,Bluestone Coke LLC,PO BOX 5327 3500 35th Ave Nort,Birmingham,AL,35207,Y,,,,IND
62983,"SE Athos I, LLC",1 Circle Star Way,San Carlos,CA,94070,Y,,,,Q
62988,DG California Solar LLC,700 Universe Blvd,Juno Beach,FL,33408,Y,Y,,,Q
62989,Rafael Solar LLC,"9450 SW Gemini Drive, PMB 7199",Beaverton,OR,97008,Y,,Y,,Q
62990,Case Creek Solar LLC,"9450 SW Gemini Drive, PMB 7199",Beaverton,OR,97008,Y,,Y,,Q
62991,Kale Patch Solar LLC,"9450 SW Gemini Drive, PMB 7199",Beaverton,OR,97008,Y,,Y,,Q
62992,O'Neill Creek Solar LLC,"9450 SW Gemini Drive, PMB 7199",Beaverton,OR,97008,Y,,Y,,Q
62993,"Aviator Wind, LLC",300 4th Street NE Suite 300,Charlottesville,VA,22902,Y,Y,,,Q
62994,"Dynamic Energy Solutions, LLC","1550 Liberty Ridge Drive, Suit",Wayne,PA,19087,Y,Y,Y,,COM
62997,Veolia North America,5100 Kings Plaza,Brooklyn,NY,11234,,Y,Y,,COM
62998,Cox Enterprises,6205A Peachtree Dunwoody Road,Atlanta,GA,30328,,,Y,,Q
62999,"Old Court Rd Solar, LLC","1515 Wilson Boulevard, Suite 3",Arlington,VA,22209,Y,,,,Q
63000,City of Truman,202 W. Ciro Street,Truman,MN,56088,Y,Y,Y,,M
63001,"MN CSG 2, LLC","100 Park Avenue, 24th Floor",New York,NY,10017,Y,,,,Q
63004,Abundant Solar Power Inc.,"2235 Sheppard Ave E, Suite 900",Toronto,ON,M2J 5,Y,Y,Y,,Q
63006,AGA TAG Solar IV LLC,2291 Commerce Drive NE,Leland,NC,28451,Y,Y,Y,,Q
63010,"Northbrook Carolina Hydro II, LLC",14450 N Frank Lloyd Wright Blv,Scottsdale,AZ,85260,Y,,,,Q
63011,"Northbrook Tuxedo, LLC",14550 N Frank Lloyd Wright Blv,Scottsdale,AZ,85260,,Y,,,Q
63012,"2W Permian Solar, LLC",401 N. Michigan Ave. Ste. 501,Chicago,IL,60611,Y,Y,Y,,Q
63016,Limelight Solar II LLC,2600 Cannon Campground Road,Spartanburg,SC,29307,Y,Y,Y,,Q
63018,ATOOD Solar III LLC,2782 New Cut Road,Spartanburg,SC,29303,Y,Y,Y,,Q
63019,AGA TAG Solar III LLC,2772 New Cut Road,Spartanburg,SC,29303,Y,Y,Y,,Q
63021,"Aurora Wind Project, LLC","100 Brickstone Square, Suite 3",Andover,MA,01810,Y,Y,Y,,Q
63024,"BEAM US, LLC",214 11th Avenue SW,Calgary,AB,T2R 0,,,Y,,Q
63026,"Oppidum Renewables USA, LLC",1435 Bedford Ave,Pittsburgh,PA,15219,,,Y,,Q
63030,"Niles Power, LLC","200 West Madison, Suite 3810",Chicago,IL,60613,Y,,,,Q
63031,"New Castle Power, LLC","200 West Madison, Suite 3810",Chicago,IL,60614,Y,,,,Q
63032,"Brunot Island Power, LLC","200 West Madison, Suite 3810",Chicago,IL,60606,Y,,,,Q
63033,"Gilbert Power, LLC","200 West Madison, Suite 3810",Chicago,IL,60607,Y,,,,Q
63034,"Sayreville Power, LLC","200 West Madison, Suite 3810",Chicago,IL,60615,Y,,,,Q
63035,"Hamilton Power, LLC","200 West Madison, Suite 3810",Chicago,IL,60616,Y,,,,Q
63036,"Hunterstown Power, LLC","200 West Madison, Suite 3810",Chicago,IL,60617,Y,,,,Q
63037,"Mountain Power, LLC","200 West Madison, Suite 3810",Chicago,IL,60618,Y,,,,Q
63038,"Orrtanna Power, LLC","200 West Madison, Suite 3810",Chicago,IL,60619,Y,,,,Q
63039,"Portland Power, LLC","200 West Madison, Suite 3810",Chicago,IL,60608,Y,,,,Q
63040,"Shawnee Power, LLC","200 West Madison, Suite 3810",Chicago,IL,60609,Y,,,,Q
63041,"Titus Power, LLC","200 West Madison, Suite 3810",Chicago,IL,60610,Y,,,,Q
63042,"Tolna Power, LLC","200 West Madison, Suite 3810",Chicago,IL,60620,Y,,,,Q
63043,"Blossburg Power, LLC","200 West Madison, Suite 3810",Chicago,IL,60621,Y,,,,Q
63044,"Shawville Power, LLC","200 West Madison, Suite 3810",Chicago,IL,60611,Y,,,,Q
63045,"Warren Generation, LLC","200 West Madison, Suite 3810",Chicago,IL,60612,Y,,,,Q
63047,KeyCon Operating LLC,200 Clarendon Street ,Boston,MA,02116,,,,Y,Q
63048,Misae Lessee LLC,"412 W 15th Street, 15th Floor",New York,NY,10011,Y,,Y,,Q
63049,Cannon Garden LLC,23671 Albers Ave,Faribault,MN,55021,Y,,,,Q
63054,Francis Scott Key Mall,5500 Buckeystown Pike,Frederick,MD,21703,,,Y,,COM
63055,Altamonte Mall,415 E Altamonte Dr,Altamonte Springs,FL,32701,Y,Y,,,COM
63056,Pembroke Lakes Mall,11401 Pines Blvd,Pembroke Pines,FL,33026,Y,Y,,,COM
63057,Short Hills Mall,1200 Morris Turnpike,Short Hills,NJ,07078,,,Y,,COM
63058,"DG Northeast 1, LLC",700 Universe Blvd.,Juno Beach,FL,33408,Y,Y,,,Q
63059,Diamond Properties,100 Brook Hill Dr,West Nyack,NY,10994,,,Y,,COM
63060,Brass Mill Center,495 Union St,Waterbury,CT,06706,,,Y,,COM
63061,Natick Mall,1245 Worcester Rd,Natick,MA,01760,Y,Y,,,COM
63062,White Marsh Mall,8200 Perry Hall Blvd,Baltimore,MD,21236,Y,Y,,,COM
63065,"SOLV Energy, LLC",16680 West Bernardo Drive,San Diego,CA,92127,,Y,Y,,Q
63067,Valero Wilmington,2402 E. Anaheim St.,Wilmington,CA,90744,Y,,Y,,IND
63068,CVI CleanCapital Solar 4 LLC,135 East 57th Street,New York,NY,10022,Y,,,,Q
63069,CVI CleanCapital Solar 5 LLC,135 East 57th Street,New York,NY,10022,Y,,,,Q
63070,GR Catalyst Two LLC,2101 Pearl Street,Boulder,CO,80302,Y,Y,Y,,Q
63071,"DG Amaze New Jersey, LLC",700 Universe Blvd.,Juno Beach,FL,33408,Y,Y,,,Q
63072,Cerro Gordo Wind Farm,700 Universe Blvd,Juno Beach,FL,33408,Y,Y,,,Q
63073,"Chicot Solar, LLC",700 Universe Blvd.,Juno Beach,FL,33408,Y,Y,,,Q
63074,Scout Clean Energy LLC,4865 Sterling Dr. Suite 200,Boulder,CO,80301,Y,Y,Y,,Q
63079,Cincinnati Zoo & Botanical Garden,3400 Vine St.,Cincinnati,OH,45220,Y,,,,COM
63080,"Bluefin Origination 1, LLC","1515 Wilson Boulevard, Suite 3",Arlington,VA,22209,Y,,,,Q
63082,ProEnergy Services,8303 McHard Road,Houston,TX,77053,,Y,,,Q
63083,Coyote Ridge LLC,231 W. Michigan St.,Milwaukee,WI,53203,Y,,,,I
63092,"SE Titan, LLC",1 Circle Star Way,San Carlos,CA,94070,Y,,,,Q
63100,"SE Juno, LLC",1 Circle Star Way,San Carlos,CA,94070,Y,,,,Q
63101,"SE Aragorn, LLC",1 Circle Star Way,San Carlos,CA,94070,Y,,,,Q
63102,"AMOR IX, LLC",5500 Soda Lake Road,Fallon,NV,89406,Y,Y,,,Q
63106,"Sutton Solar 2, LLC","101 Summer Street, 2nd Floor",Boston,MA,02110,Y,Y,Y,,Q
63107,"Lansing Renewables, LLC","101 Summer Street, 2nd Floor",Boston,MA,02110,Y,Y,Y,,Q
63108,"Granby Solar, LLC","101 Summer Street, 2nd Floor",Boston,MA,02110,Y,Y,Y,,Q
63109,"Hales Mills Solar, LLC","101 Summer Street, 2nd Floor",Boston,MA,02110,Y,Y,Y,,Q
63110,"Owlville Creek Solar 2, LLC","101 Summer Street, 2nd Floor",Boston,MA,02110,Y,Y,Y,,Q
63111,"Owlville Creek Solar, LLC","101 Summer Street, 2nd Floor",Boston,MA,02110,Y,Y,Y,,Q
63113,"Architect of the Capitol, Capitol Power Plant",25 E St. SE,Washington,DC,20003,Y,,,,COM
63116,"Bluebell Solar II, LLC",700 Universe Blvd,Juno Beach,FL,33408,Y,Y,,,Q
63117,Gemini Solar,1901 Harrison Street,Oakland,CA,94612,Y,,Y,,Q
63118,224WB 8me LLC,5455 Wilshire Blvd. Ste. 2020,Los Angeles,CA,90036,Y,,,,Q
63119,"Scotch Bonnet Solar, LLC",130 Roberts Street,Asheville,NC,28801,Y,Y,Y,,Q
63120,"Cubera Solar, LLC",130 Roberts Street,Asheville,NC,28801,Y,Y,Y,,Q
63121,"Starvation Solar I, LLC",333 Washington Street,Jersey City,NJ,07302,Y,Y,Y,,Q
63124,Cuming County Renewables. LLC,950 S 10th Street Suite 001,Omaha,NE,68108,Y,Y,,,Q
63125,Phelan Pinon Hills Community Services District,17900 Sheep Creek Road,Adelanto,CA,92301,Y,,,,Q
63128,"Jordan Creek Wind Farm, LLC",700 Universe Blvd.,Juno Beach,FL,33408,Y,Y,,,Q
63129,Wapello Solar LLC,P.O. Box 2576,Boise,ID,83701,,,Y,,Q
63130,"Bridgeport Fuel Cell, LLC",3 Great Pasture Road,Danbury,CT,06810,Y,Y,,,Q
63131,Strandness Garden LLC,28927 County Road 24,Starbuck,MN,56381,Y,,,,Q
63137,Idemitsu Renewables,"50 W. Liberty Dr., Suite 640",Reno,NV,89501,Y,,,,Q
63139,Minonk Stewardship Wind LLC,"415 N LaSalle Drive, Suite 501",Chicago,IL,60654,Y,Y,,,Q
63140,"Three Rivers Solar Power, LLC","470 Atlantic Avenue, Suite 601",Boston,MA,02210,Y,,,,Q
63141,"Rancho Seco Solar II, LLC","575 Fifth Ave., 35th Fl.",New York,NY,10017,Y,,Y,,Q
63143,Falls Creek Garden LLC,"21960 Minnetonka Blvd, Suite 2",Excelsior,MN,55331,Y,,,,Q
63144,Star Garden LLC,"21960 Minnetonka Blvd, Suite 2",Excelsior,MN,55331,Y,,,,Q
63157,Buffalo Garden LLC,"21960 Minnetonka Blvd, Suite 2",Excelsior,MN,55331,Y,,,,Q
63158,Loon Garden LLC,"21960 Minnetonka Blvd, Suite 2",Excelsior,MN,55331,Y,,,,Q
63159,Stearns Solar I LLC,100 California St Suite 400,San Francisco,CA,94111,Y,,,,Q
63160,Olinda Trail Solar LLC,100 California St Suite 400,San Francisco,CA,94111,Y,,,,Q
63161,New Munich Solar LLC,100 California St Suite 400,San Francisco,CA,94111,Y,,,,Q
63162,Clara City Solar LLC,100 California St Suite 400,San Francisco,CA,94111,Y,,,,Q
63163,Kearsarge Amesbury LLC,"1380 Soldiers Field Road, Suit",Boston,MA,02135,Y,Y,Y,,Q
63166,"Marshall Wind Farm, LLC",7650 Edinborough Way,Edina ,MN,55435,,,Y,,Q
63170,Brigham Young University (BYU),B-340 ASB,Provo,UT,84602,Y,Y,Y,,Q
63171,Straight Garden LLC,23128 Albers Avenue,Faribault,MN,55021,Y,,,,Q
63172,Leven Garden LLC,16390 County Rd. 28,Villard,MN,56385,Y,,,,Q
63173,Zumbro Garden LLC,62413 - 240th Avenue,Kasson,MN,55944,Y,,,,Q
63174,Maston Garden LLC,27259 - 625th Street,Kasson,MN,55944,Y,,,,Q
63175,Mud Garden LLC,47660 - 280th Street,Gaylord,MN,55334,Y,,,,Q
63176,Erin Garden LLC,18885 - 371st Ave,Green Isle,MN,55338,Y,,,,Q
63177,Chub Garden LLC,32063 Garrert Avenue,Northfield,MN,55057,Y,,,,Q
63182,SunSelect Produce (California) Inc,20570 Pellisier Road,Tehachapi,CA,93561,Y,,,,Q
63183,Oxy Renewable Energy LLC,5 Greenway Plaza Suite 110,Houston,TX,77046,Y,,,,IND
63184,CI-II Mitchell Holding LLC,"Box 1900, Station M 110 - 12th",Calgary,AB,T2P,Y,,,,Q
63185,Neighborhood Power Corp.,"415 Dairy Road, #E216",Kahului,HI,96732,,Y,,,Q
63186,"1001 Ebenezer Church Solar, LLC","Box 1900, Station M 110 - 12th",Calgary,AB,T2P,Y,,,,Q
63187,Rush Springs Energy Storage,700 Universe Blvd,Juno Beach,FL,33408,Y,Y,,,Q
63188,"West Deptford Distributed Solar, LLC",700 Universe Blvd,Juno Beach,FL,33408,Y,Y,,,Q
63189,"Rock County Wind Fuel, LLC","470 W 78th Street, Suite 250",Chanhassen,MN,55317,Y,Y,,,Q
63190,"1009 Yadkin Solar, LLC","Box 1900, Station M 110 - 12th",Calgary,AB,T2P,Y,,,,Q
63191,"1073 Onslow Solar, LLC","Box 1900, Station M 110 - 12th",Calgary,AB,T2P,Y,,,,Q
63192,"1008 Matthews Solar, LLC","Box 1900, Station M 110 - 12th",Calgary,AB,T2P,Y,,,,Q
63193,"1045 Tomlin Mill Solar, LLC","Box 1900, Station M 110 - 12th",Calgary,AB,T2P,Y,,,,Q
63194,Malmedal Garden LLC,724 North First Street Suite 5,Minneapolis,MN,55401,Y,,,,Q
63195,Wollan Garden LLC,724 North First Street Suite 5,Minneapolis,MN,55401,Y,,,,Q
63197,"Lang Solar Farm, LLC",100 New Millennium Way. Bldg 3,Durham,NC,27709,Y,,,,Q
63198,RE-VFO LLC,2110 Artesia Blvd. #668,Redondo Beach,CA,90278,Y,,,,Q
63199,Frontier Operation Services,4444 Westheimer Road,Houston,TX,77027,Y,Y,,,Q
63201,"Bonefish Solar, LLC",130 Roberts Street,Asheville,NC,28801,Y,Y,Y,,Q
63202,"Pika Solar, LLC",130 Roberts Street,Asheville,NC,28801,Y,Y,Y,,Q
63204,"Mohea Solar Energy Center, LLC",130 Roberts Street,Asheville,NC,28801,Y,Y,Y,,Q
63205,"Brush Creek Solar, LLC",130 Roberts Street,Asheville,NC,28801,Y,Y,Y,,Q
63206,"Minke Solar, LLC",130 Roberts Street,Asheville,NC,28801,Y,Y,Y,,Q
63207,"Drift Creek Solar, LLC",130 Roberts Street,Asheville,NC,28801,Y,Y,Y,,Q
63208,"Bighorn Solar, LLC",130 Roberts Street,Asheville,NC,28801,Y,Y,Y,,Q
63209,The George Washington University,"2025 F Street NW, Suite 200",Washington,DC,20052,Y,Y,,,Q
63210,Saint Solar LLC,700 Universe Blvd,Juno Beach,FL,33408,Y,Y,,,Q
63213,Jemez Cuba LLC,330 SW 43rd ST Ste. K-225,Renton,WA,98057,Y,,,,Q
63215,Clear Garden LLC,44 Montgomery Street,San Francisco,CA,94104,Y,,Y,,Q
63216,North Valley,6140 Plumas Street,Reno,NV,89519,Y,Y,Y,,Q
63217,Obsidian Solar Center LLC,"5 Centerpointe Drive, Suite 25",Lake Oswego,OR,97035,Y,,,,Q
63219,Roberds Garden LLC,44 Montgomery Street,San Francisco,CA,94104,Y,,Y,,Q
63220,ECP Uptown Campus LLC,1000 Gibbon St,Pittsburg,PA,15219,Y,Y,,,Q
63221,CD4,94 Casa Diablo Cutoff,Mammoth Lakes,CA,93546,Y,Y,Y,,Q
63225,Wister Solar,8601 Wilkins Road,Niland,CA,92257,Y,Y,Y,,Q
63226,CalCom Energy,"9479 N Fort Washington Rd, Sui",Fresno,CA,93730,,,Y,,COM
63227,NRG Energy Services LLC,804 Carnegie Center,Princeton,NJ,08054,,Y,,,Q
63228,Gohman Community Solar LLC,311 N Bayshore Drive,Safety Harbor,FL,34695,Y,,,,Q
63229,Essex County Correctional Facility Cogen,354 Doremus Avenue,Newark,NJ,07015,,Y,,,S
63235,Brookfield Renewable Trading and Marketing LP,6703 Oak Creek Rd,Mojave,CA,93501,Y,,,,Q
63237,"Emerald Hills Holding I, LLC","11330 Vanstory Drive, suite 10",Huntersville,NC,28078,Y,,,,Q
63238,OE_ALC,"800 Brickell Avenue, Suite 110",Miami,FL,33131,Y,,,,Q
63239,Vermillion Power LLC,591 West Putnam Ave,Greenwich,CT,06830,,Y,,,Q
63242,CBH Lessor LLC,"801 Wood Ridge Center Drive, S",Charlotte,NC,28217,Y,,,,Q
63243,"Solar Carver 3, LLC",130 Roberts Street,Asheville,NC,28801,Y,Y,Y,,Q
63244,"KSI II Consolidated, LLC",6 University Road,Cambridge,MA,02138,Y,,Y,,Q
63245,Montefiore Weiler (Einstein) Hospital,1825 Eastchester Road,Bronx,NY,10461,Y,Y,,,COM
63248,Palmetto Power Management LLC,"880 Apollo Street, Suite 333",El Segundo,CA,90245,,,Y,,Q
63249,Terraform Arcadia,"200 Liberty Street, 14th Floor",New York,NY,10281,Y,Y,Y,,Q
63250,"Central Antelope Dry Ranch B, LLC","222 2nd Ave. South, Suite 1900",Nashville,TN,37201,Y,Y,Y,,Q
63253,Assembly Solar II LLC,"575 Fifth Ave., 35th Fl.",New York,NY,10017,Y,,Y,,Q
63257,"Solar Carver 1, LLC",130 Roberts Street,Asheville,NC,28801,Y,Y,Y,,Q
63258,"Arcadia Solar, LLC",200 Liberty St. 14th Floor,New York,NY,10281,Y,Y,Y,,Q
63259,Solar Star Prime 1 LLC,77 Rio Robles,San Jose,CA,95134,,,Y,,Q
63260,Cobb Electric Membership Corporation,1000 EMC Pkwy,Marietta,GA,30060,,Y,,,C
63266,Fordham University,441 E Fordham Road,Bronx,NY,10458,Y,Y,,,COM
63270,St. Luke's Cornwall Hospital - Newburgh,70 Dubois Street,Newburgh,NY,12550,Y,Y,,,COM
63274,Vassar Brothers Medical Center,45 Reade Place,Poughkeepsie,NY,12601,Y,Y,,,COM
63275,"Samoset Solar, LLC","101 Summer Street, 2nd Floor",Boston,MA,02110,Y,Y,Y,,Q
63276,"Woodfields Solar, LLC",130 Roberts Street,Asheville,NC,28801,Y,Y,Y,,Q
63277,Richmond University Medical Center,355 Bard Ave.,Staten Island,NY,10310,Y,Y,,,COM
63281,"38 Degrees North, LLC","2320 Marinship Way, Suite 301",Sausalito,CA,94965,Y,,,,Q
63282,"SR Kersey II, LLC","222 2nd Ave. South, Suite 1900",Nashville,TN,37201,Y,Y,Y,,Q
63283,"SR Skylark C, LLC","222 2nd Ave. South, Suite 1900",Nashville,TN,37201,Y,Y,Y,,Q
63286,"4 Rivers Electric Cooperative, Inc.",2731 Milo Terrace,Lebo,KS,66856,Y,,,,C
63287,"Axium Arizona Renewables, LLC","527 Madison Avenue, 21st Floor",New York,NY,10022,,,Y,,Q
63289,Key Capture Energy,25 Monroe Street Suite #300,Albany,NY,12210,Y,,,,Q
63290,Taylor Creek Solar LLC,700 Universe Blvd,Juno Beach,FL,33408,Y,Y,,,Q
63291,NYPH - Lawrence,55 Palmer Avenue,Bronxville,NY,11234,Y,Y,,,COM
63292,Harmony Florida Solar LLC,700 Universe Blvd,Juno Beach,FL,33408,Y,Y,,,Q
63293,Mount Sinai - Brooklyn,3201 Kings Highway,Brooklyn,NY,11234,Y,Y,,,COM
63294,Nutmeg Solar LLC,700 Universe Blvd,Juno Beach,FL,33408,Y,Y,,,Q
63299,"Ponderosa Wind, LLC",700 Universe Blvd,Juno Beach,FL,33408,Y,Y,,,Q
63325,Montefiore-New Rochelle,16 Guion Pl,New Rochelle,NY,10801,Y,Y,,,COM
63330,"Televison City Studios, LLC.",7800 Beverly Blvd.,Los Angeles,CA,90036,Y,,,,COM
63331,"Organic Energy Solutions, Inc.",2586 Shenandoah Way,San Bernardino,CA,92407,Y,,,,Q
63332,Acushnet,333 Bridge St,Fairhaven,MA,02719,Y,,,,COM
63333,NYU Langone - Orthopedic,301 East 17th Street,New York,NY,10003,Y,Y,,,COM
63338,"Crown Solar Center, LLC",333 Washington Street,Jersey City,NJ,07302,Y,Y,Y,,Q
63339,"Fort Rock Solar I, LLC",333 Washington Street,Jersey City,NJ,07302,Y,Y,Y,,Q
63344,"SunE P11L Holdings, LLC","1717 Arch Street, Suite 4010",Philadelphia,PA,19103,Y,,,,COM
63345,Flodquist Community Solar LLC,"200 Harborside Drive, Ste 200",Schenectady,NY,12305,Y,Y,,,Q
63346,"PRIMIENT, LLC",198 Blair Bend Drive,Loudon,TN,37774,Y,,,,IND
63347,North Central Bronx Hospital,3424 Kossuth Avenue,Bronx,NY,10467,Y,Y,,,COM
63348,Wyckoff Heights Medical Center,374 Stockholm Street,Brooklyn,NY,11237,Y,Y,,,COM
63350,"Manchester Street, LLC.",40 Point Street,Providence,RI,02903,Y,,,,Q
63351,St. Joseph's Regional Medical Center (NJ),703 Main Street,Paterson,NJ,07503,Y,Y,,,COM
63353,Jacobi Medical Center,1400 Pelham Parkway South,Bronx,NY,10461,Y,Y,,,COM
63357,Sheriff Rd Solar LLC,"41 Madison Avenue, 31st Floor",New York,NY,10010,Y,,,,Q
63359,"REA Investments, LLC",PO Box 639,Dexter,MO,63841,,,Y,,Q
63360,Camden Plant Holdings LLC,600 Hamilton St,Allentown,PA,18101,Y,,,,Q
63365,Siems Community Solar LLC,700 Universe Blvd.,Juno Beach,FL,33408,Y,Y,,,Q
63366,Schueler Community Solar LLC,700 Universe Blvd.,Juno Beach,FL,33408,Y,Y,,,Q
63368,38DN Power Fund 1 LLC,2320 Marinship Way Ste 301,Sausalito,CA,94965,Y,,,,Q
63369,"Yaphank Fuel Cell Park, LLC",3 Great Pasture Road,Danbury,CT,06810,Y,,,,Q
63371,Montefiore Nyack Hospital,160 N Midland Ave.,Nyack,NY,10960,Y,Y,,,COM
63373,"Bitter Ridge Wind Farm, LLC",5775 Flatiron Pkwy,Boulder,CO,80301,Y,Y,Y,,Q
63374,"Sanford Airport Solar, LLC",700 Universe Blvd,Juno Beach,FL,33408,Y,Y,,,Q
63378,St. Mary's Hospital For Children,29-01 216th Street,Bayside,NY,11360,Y,Y,,,COM
63380,Brenda Luhman Community Solar LLC,311 N Bayshore Drive,Safety Harbor,FL,34695,Y,Y,,,Q
63381,Carlson Community Solar,311 N Bayshore Drive,Safety Harbor,FL,34695,Y,Y,,,Q
63382,Harlem Hospital Center,506 Lenox Ave.,New York,NY,10037,Y,Y,,,COM
63391,"C2 MA Lakeville, LLC","100 Park Avenue, 24th Floor",New York,NY,10017,Y,,,,Q
63392,Norwalk Hospital,34 Maple Street,Norwalk,CT,06850,Y,Y,,,COM
63393,VS Dedeaux LLC,24941 Dana Point Harbor Dr,Dana Point,CA,92629,Y,,,,Q
63394,"MSAP 13, LLC",700 Universe Blvd.,Juno Beach,FL,33408,Y,Y,,,Q
63395,"Spencer Solar Farm, LLC",700 Universe Blvd.,Juno Beach,FL,33408,Y,,,,Q
63396,"Sturbridge Road Solar Farm, LLC",700 Universe Blvd.,Juno Beach,FL,33408,Y,,,,Q
63397,Paulson Community Solar LLC,311 N Bayshore Drive,Safety Harbor,FL,34695,Y,Y,,,Q
63398,Laurel Village Community Solar LLC,311 N Bayshore Drive,Safety Harbor,FL,34695,Y,Y,,,Q
63399,Hertzberg Community Solar,3 N Bayshore Drive,Safety Harbor,FL,34695,Y,Y,,,Q
63400,Hammer Community Solar LLC,311 N Bayshore Drive,Safety Harbor,FL,34695,Y,Y,,,Q
63409,"GWE Cranberry Solar RT, LLC",97 Wood Street,Middleborough,MA,02346,Y,,,,Q
63412,"Westmoreland County Solar Project, LLC","1 Bridge Street, Suite 11",Irvington,NY,10533,Y,,Y,,Q
63414,"Cool Springs Solar, LLC",700 Universe Blvd,Juno Beach,FL,33408,Y,Y,,,Q
63416,Ho'Ohana Solar 1 LLC,400 Spectrum Center Dr. Ste 14,Irvine,CA,92618,Y,Y,Y,,Q
63418,Elora Solar,700 Universe Blvd,Juno Beach,FL,33408,Y,Y,,,Q
63419,"Augusta Solar, LLC",333 Washington Street,Jersey City,NJ,07302,,,Y,,Q
63420,"Taos Mesa Energy Facility, LLC",118 Cruz Alta Road,Taos,NM,87571,Y,,,,C
63421,"Biggs Ford Solar Center, LLC",2650 Locust St. Suite 100,St. Louis,MO,63103,Y,Y,Y,,Q
63424,"Silverstrand Grid, LLC","988 Howard Avenue, Suite 200",Burlingame,CA,94010,Y,Y,Y,,Q
63427,"Neptune Energy Center, LLC",700 Universe Blvd,Juno Beach,FL,33408,Y,Y,Y,,Q
63428,"Bearkat Wind Energy 1, LLC",412 W 15th St 15th Flr,New York,NY,10011,Y,Y,,,Q
63430,"Chisholm Grid, LLC","988 Howard Avenue, Suite 200",Burlingame,CA,94010,Y,Y,Y,,Q
63431,"Las Majadas Wind Farm, LLC",15445 Innovation Drive,San Diego,CA,92128,Y,Y,Y,,Q
63432,SkyHigh 2 Solar,550 South Caldwell Street,Charlotte,NC,28202,Y,Y,,,Q
63437,"Helena Wind, LLC",401 N. Michigan Ave. Suite 501,Chicago,IL,60611,Y,,,,Q
63438,Foxconn,2300 Hallock Young Road,Warren,OH,44481,Y,,,,IND
63439,Southern Idaho Solid Waste,1050 W 400 S / PO Box 159,Burley,ID,83318,Y,Y,,,P
63441,Fogarty Solar LLC,100 California St Suite 400,San Francisco,CA,94111,Y,,,,Q
63442,Mount Hope Solar 2 LLC,100 California St Suite 400,San Francisco,CA,94111,Y,,,,Q
63443,Mount Hope Solar 1 LLC,100 California St Suite 400,San Francisco,CA,94111,Y,,,,Q
63444,Bluestone Solar LLC,100 California St Suite 400,San Francisco,CA,94111,Y,,,,Q
63445,Underhill Solar LLC,100 California St Suite 400,San Francisco,CA,94111,Y,,,,Q
63446,Grabinski Solar LLC,100 California St,San Francisco,CA,94111,Y,,,,Q
63447,"Imperial Valley Solar 3, LLC","8800 N. Gainey Center Dr., Sui",Scottsdale,AZ,85258,Y,,,,Q
63448,"Aiya Solar CEI, LLC","8800 N. Gainey Center Dr., Sui",Scottsdale,AZ,85258,Y,,,,Q
63450,"DG South Carolina Solar, LLC",700 Universe Blvd,Juno Beach,FL,33408,Y,Y,,,Q
63451,"Madero Grid, LLC","1495 Canyon Boulevard, Suite 2",Boulder,CO,80302,,Y,Y,,Q
63452,Ralph's Grocery Company,850 S Leslie Streeet,La Habra,CA,90631,Y,Y,,,COM
63454,"Thunder Wolf Energy Center, LLC",700 Universe Blvd,Juno Beach,FL,33408,Y,Y,Y,,Q
63461,NY- CSG- Johnstown 2,352 County Highway 122,Gloversville,NY,12078,Y,,,,Q
63462,NY- CSG- Livingston 4,"99 Park Avenue, Suite 1700",New York,NY,10016,Y,,,,Q
63463,"Palomino Solar, LLC","3636 Nobel Drive, Suite 260",San Diego,CA,92122,Y,,Y,,Q
63465,"Candela Renewables, LLC","500 Sansome St., Suite 500",San Francisco,CA,94111,,,Y,,Q
63466,Conductive Power,2060 Winding Brook Way,Scotch Plains,NJ,07076,,,Y,,Q
63467,Naturgy Candela DevCo LLC,"500 Sansome Street, Suite 500",San Francisco,CA,94111,Y,Y,Y,,Q
63470,"Illinois PV Fulton 1, LLC",311 N Bayshore Drive,Safety Harbor,FL,34695,Y,Y,,,Q
63473,"Odom Solar, LLC","222 2nd Ave. South, Suite 1900",Nashville,TN,37201,Y,Y,Y,,Q
63474,Hecate Energy Gedney Hill LLC,621 W. Randolph St.,Chicago,IL,60661,Y,,,,Q
63479,Viresco Turtle Lake,465 Western Blvd.,Turtle Lake,WI,54889,Y,Y,,,Q
63487,"Bronco Plains Wind, LLC",700 Universe Blvd,Juno Beach,FL,33408,Y,Y,,,Q
63488,"Shady Hills Energy Center, LLC",16313 North Dale Mabry Highway,Tampa,FL,33618,Y,,,,C
63490,"147 Williamsville Solar 1, LLC",100 California St Suite 400,San Francisco,CA,94111,Y,,,,Q
63491,"Partridgeville Road Solar 1, LLC",100 California St Suite 400,San Francisco,CA,94111,Y,,,,Q
63492,"West River Solar, LLC",130 Roberts Street,Asheville,NC,28801,Y,Y,Y,,Q
63493,"Sugar Solar, LLC",130 Roberts Street,Asheville,NC,28801,Y,Y,Y,,Q
63494,"Allora Solar, LLC",130 Roberts Street,Asheville,NC,28801,Y,Y,Y,,Q
63495,"Centerfield Cooper Solar, LLC",130 Roberts Street,Asheville,NC,28801,Y,Y,Y,,Q
63496,"Lick Creek Solar, LLC",130 Roberts Street,Asheville,NC,28801,Y,Y,Y,,Q
63497,"Highest Power Solar, LLC",130 Roberts Street,Asheville,NC,28801,Y,Y,Y,,Q
63499,"Gunsight Solar, LLC",130 Roberts Street,Asheville,NC,28801,Y,Y,Y,,Q
63501,"Panther Grove Wind, LLC","200 Bellevue Parkway, Suite 21",Wilmington,DE,19809,Y,,,,Q
63502,"Partin Solar, LLC",1519 King Street,Charleston,SC,29405,Y,,,,Q
63505,"DG Illinois Solar, LLC",700 Universe Blvd.,Juno Beach,FL,33408,Y,Y,,,Q
63506,POET Biorefining - Jewell,2601 320th Street,Jewell,IA,50130,Y,,,,IND
63507,Bluebird Solar LLC,125 Frisco Drive,Pendelton,SC,29670,Y,,,,Q
63508,"POET Biorefining-Hanlontown, LLC",3638 Fir Ave,Hanlontown,IA,50444,Y,,,,IND
63509,"POET Biorefining Caro, LLC",1551 Empire Drive,Caro,MI,48723,Y,,,,IND
63510,"POET Biorefining - Marion, LLC",1660 Hillman-Ford Road,Marion,OH,43302,Y,,,,IND
63511,"Luminace Solar Illinois 2, LLC","200 Liberty Street, 14 Floor",New York,NY,10281,Y,,,,Q
63512,"Gateway Energy Storage, LLC","5000 Hopyard Road, Suite 480",Pleasanton,CA,94588,Y,Y,Y,,Q
63513,Allendale Biomass LLC,307 Airport Loop Road,Fairfax,SC,29827,Y,,,,Q
63514,Dorchester Biomass LLC,609 Seven Mile Road,Harleyville,SC,29448,Y,,,,Q
63515,"Sparta Solar, LLC",812 San Antonio Street Suite 5,Austin,TX,78701,Y,Y,Y,,Q
63519,"Trent River Solar, LLC",130 Roberts Street,Asheville,NC,28801,Y,Y,Y,,Q
63520,326FW 8me LLC,"5455 Wilshire Blvd., Suite 201",Los Angeles,CA,90036,Y,,,,Q
63521,"DG Southwest Solar Portfolio 2019, LLC",700 Universe Blvd.,Juno Beach,FL,33408,Y,Y,,,Q
63522,"Johanna Energy Center, LLC",717 Texas Ave Suite #1000,Houston,TX,77002,Y,Y,Y,,Q
63523,"DePue Holdings, LLC","111 Speen Street, Suite 410",Framingham,MA,01701,Y,Y,Y,,Q
63524,Freepoint Commodities LLC,58 Commerce Rd,Stamford,CT,06902,Y,,,,Q
63525,"Westlands Solar Blue (OZ) Owner, LLC",4700 Wilshire Boulevard,Los Angeles,CA,90010,Y,,Y,,Q
63526,Castanea Project LLC,4700 Wilshire Boulevard,Los Angeles,CA,90010,Y,,Y,,Q
63527,"Westlands Cherry, LLC",4700 Wilshire Boulevard,Los Angeles,CA,90010,Y,,Y,,Q
63528,"Westlands Grape, LLC",4700 Wilshire Boulevard,Los Angeles,CA,90010,Y,,Y,,Q
63529,"Medusa NY 1, LLC","361 Centennial Parkway, 3rd Fl",Louisville,CO,80027,Y,Y,Y,,Q
63530,"POET Biorefining - North Manchester, LLC",868 E 800 N,North Manchester,IN,46962,Y,,,,IND
63531,POET Biorefining- Chancellor,27716 462nd Ave,Chancellor,SD,57015,Y,Y,,,IND
63532,"Walden NY 1, LLC","361 Centennial Parkway, 3rd Fl",Louisville,CO,80027,Y,Y,Y,,Q
63533,"Westtown NY 2, LLC","361 Centennial Parkway, 3rd Fl",Louisville,CO,80027,Y,Y,Y,,Q
63534,"Middletown NY 1, LLC","361 Centennial Parkway, 3rd Fl",Louisville,CO,80027,Y,Y,Y,,Q
63535,"Westerlo NY 1, LLC","361 Centennial Parkway, 3rd Fl",Louisville,CO,80027,Y,,Y,,Q
63545,"Golden Fields Solar III, LLC",100 California St Suite 400,San Francisco,CA,94111,Y,,,,Q
63548,"GD Hopkinton Main I, LLC","2000 Chapel View Boulevard, Su",Cranston,RI,02920,,Y,Y,,Q
63549,"Lily Solar, LLC","100 Brickstone Square, Suite 3",Andover,MA,01810,Y,Y,,,Q
63550,"Ventura Energy Storage, LLC","8800 N. Gainey Center Dr., Sui",Scottsdale,AZ,85258,Y,,,,Q
63553,Haymaker Energy Project LLC,100 California St Suite 400,San Francisco,CA,94111,Y,,,,Q
63560,"Sand Point Generating, LLC",3601 C Street Suite 1000-52,Anchorage,AK,99503,Y,,,,I
63561,TransAlta Holdings U.S. Inc.,913 Big Hanaford Road,Centralia,WA,98531,Y,Y,Y,,Q
63565,BD Solar Oxford LLC,"622 Congress Street, Suite 202",Portland,ME,04101,Y,,,,Q
63566,BD Solar Fairfield LLC,"622 Congress Street, Suite 202",Portland,ME,04101,Y,,Y,,Q
63567,BD Solar Augusta LLC,"622 Congress Street, Suite 202",Portland,ME,04101,,,Y,,Q
63568,BD Solar 1 LLC,"622 Congress Street, Suite 202",Portland,ME,04101,,,Y,,Q
63569,Cornillie 2 Community Solar LLC,311 N Bayshore Drive,Safety Harbor,FL,34695,Y,Y,,,Q
63571,"Azure Sky Solar Project, LLC","100 Brickstone Square, Suite 3",Andover,MA,01810,Y,Y,,,Q
63572,Marbury Point Solar LLC,"111 Speen St., Suite 410",Framingham,MA,01701,Y,Y,Y,,Q
63576,MEC North,123 Mason Street,Greenwich,CT,06830,Y,,,,Q
63577,MEC South,123 Mason Street,Greenwich,CT,06830,Y,,,,Q
63578,"Dodge Flat Solar, LLC",700 Universe Blvd,Juno Beach,FL,33408,Y,Y,,,Q
63580,"Cedar Springs Wind, LLC",700 Universe Blvd.,Juno Beach,FL,33408,Y,Y,,,Q
63582,"Cedar Springs Wind III, LLC",700 Universe Blvd.,Juno Beach,FL,33408,Y,Y,,,Q
63584,POET Biorefining - Hudson,"29619 Spur Ave, PO Box 439",Hudson,SD,57034,Y,,,,IND
63585,POET Biorefining - Portland,1542 S 200 West,Portland,IN,47371,Y,,,,IND
63586,POET Biorefining LLC - Corning,1680 Brooks Rd,Corning,IA,50841,Y,,,,IND
63587,"POET Biorefining - Alexandria, LLC.",13179 N. 100 East,Alexandria,IN,46001,Y,,,,IND
63588,Fostoria Ethanol,2111 Sandusky St,Fostoria,OH,44830,Y,,,,IND
63589,POET Biorefing- Shelbyville,2373 West 300 North,Shelbyville,IN,46176,Y,,,,IND
63591,POET Biorefining - Gowrie,1562 320th Street,Gowrie,IA,50543,Y,,,,IND
63592,Riley Solar I LLC,333 Washington Street,Jersey City,NJ,07302,Y,Y,Y,,Q
63593,Fort Rock Solar IV LLC,333 Washington Street,Jersey City,NJ,07302,Y,Y,Y,,Q
63594,"POET Biorefining - Leipsic, LLC",3875 Russell Avenue,Leipsic,OH,45856,Y,,,,IND
63595,"Blandford Sun, LLC",700 Universe Blvd.,Juno beach,FL,33408,Y,Y,,,Q
63596,Clinton Solar 4 LLC,1515 Wilson Boulevard Suite 30,Arlington,VA,22209,Y,Y,,,Q
63597,"Vermilion Solar 1, LLC","1515 Wilson Boulevard, Suite 3",Arlington,VA,22209,Y,Y,,,Q
63599,Pure Hedge LLC,10 EXETER DRIVE,STERLING,CT,06377,Y,,,,Q
63601,"CPV Three Rivers, LLC","8403 Colesville Road, Suite 91",Silver Spring,MD,20910,,Y,,,Q
63602,"Titan Solar 1, LLC","125 High Street, 17th Floor Hi",Boston,MA,02210,Y,Y,Y,,Q
63606,"Central 40, LLC","50 W. Liberty Street, Suite 64",Reno,NV,89501,Y,,,,Q
63610,Severson HoldCo LLC,"2836 Lyndale Ave, Suite 132",Minneapolis,MN,55408,Y,,,,Q
63613,Cortland Solar 2 LLC,333 Washington Street,Jersey City,NJ,07302,Y,Y,Y,,Q
63614,"Easthampton Park Solar 1, LLC",333 Washington Street,Jersey City,NJ,07302,Y,Y,Y,,Q
63615,"Erving Poplar Mountain Solar 1, LLC",333 Washington Street,Jersey City,NJ,07302,Y,Y,Y,,Q
63616,Lena Solar 1 LLC,333 Washington Street,Jersey City,NJ,07302,Y,Y,Y,,Q
63617,Mendota US Solar 1 LLC,333 Washington Street,Jersey City,NJ,07302,Y,Y,Y,,Q
63618,Ridge Farm Solar 1 LLC,333 Washington Street,Jersey City,NJ,07302,Y,Y,Y,,Q
63619,City of Tampa,4010 W Spruce St,Tampa,FL,33607,Y,Y,,,M
63621,CVI CleanCapital Solar 6,135 E. 57th St.,New York,NY,10022,Y,,,,Q
63622,CVI CleanCapital Solar 7,135 E. 57th St. New York,New York,NY,10022,,Y,,,Q
63623,"Thor Solar 1 CEI, LLC",8800 N. Gainey Center Dr. Ste.,Scottsdale,AZ,85258,Y,Y,Y,,Q
63625,"CCUA Solar, LLC",700 Universe Blvd.,Juno Beach,FL,33408,Y,Y,,,Q
63626,Two Rivers Wind LLC,"850 New Burton Road, Suite 201",Dover,DE,19904,Y,,,,Q
63627,Cardinal Solar LLC,801 Wood Ridge Center Drive Su,Charlotte,NC,28217,Y,,,,Q
63628,"Hayes Solar, LLC",801 Wood Ridge Center Drive Su,Charlotte,NC,28217,Y,,,,Q
63629,"Harrison Solar, LLC","801 Wood Ridge Center Drive, S",Charlotte,NC,28217,Y,,,,Q
63630,New Columbia Solar,PO BOX 90188,Washington,DC,20090,Y,Y,Y,,Q
63631,Capital V LLC,"200 Spectrum Center Drive, Sui",Irvine,CA,92618,Y,,,,Q
63632,North American Central - LLC,"300 N 5th Avenue, Suite 100",Ann Arbor,MI,48104,Y,,,,Q
63633,Red Toad Powatan Phase 2 LLC,44 Montgomery Street,San Francisco,CA,94104,Y,,Y,,Q
63634,"Red Toad 315 Vinson Road, LLC",44 Montgomery Street,San Francisco,CA,94104,Y,,Y,,Q
63637,Molson Coors USA LLC,12th and Ford St.,Golden,CO,80401,Y,,,,IND
63638,"Horseshoe Solar, LLC","575 Fifth Ave., 35th Fl.",New York,NY,10017,Y,,Y,,Q
63639,"Rocket Solar, LLC","575 Fifth Ave., 35th Fl.",New York,NY,10017,Y,,Y,,Q
63640,"Safari Energy, LLC",1407 Broadway 24th Floor,New York,NY,10018,Y,Y,Y,,Q
63643,"Peterman Solar II, LLC",100 California St Suite 400,San Francisco,CA,94111,Y,,,,Q
63644,"Kish Solar, LLC",100 California St Suite 400,San Francisco,CA,94111,Y,,,,Q
63645,"Nostrand Solar, LLC",100 California St Suite 400,San Francisco,CA,94111,Y,,,,Q
63646,"Vulcan Solar, LLC",100 California St Suite 400,San Francisco,CA,94111,Y,,,,Q
63647,"Muscle Shoals Solar, LLC",812 San Antonio Street Suite 5,Austin,TX,78701,Y,Y,Y,,Q
63648,Family Tree Farms,41646 Road 62,Reedley,CA,93654,Y,,,,COM
63649,Mike Woolf Farming,7031 N. Van Ness Ave.,Fresno,CA,93711,Y,,,,COM
63650,Interfaith Medical Center,1545 Atlantic Avenue,Brooklyn,NY,11213,Y,Y,,,COM
63651,"Energix Hollyfield, LLC","1201 Wilson Blvd., Suite 2200",Arlington,VA,22209,Y,Y,,,Q
63652,"Energix Buckingham, LLC","1201 Wilson Blvd., Suite 2200",Arlington,VA,22209,Y,Y,Y,,Q
63653,"Energix Nokesville, LLC","1201 Wilson Blvd., Suite 2200",Arlington,VA,22209,Y,Y,,,Q
63658,"Long Beach Trigen, LLC","c/o FuelCell Energy, Inc., 3 G",Danbury,CT,06810,Y,Y,,,Q
63660,"Route 76 Boone Solar 1, LLC","101 Summer Street, 2nd Floor",Boston,MA,02110,Y,Y,Y,,Q
63661,"Brick Church Solar 1, LLC","101 Summer Street, 2nd Floor",Boston,MA,02110,Y,Y,Y,,Q
63662,"Edwardsville Solar II, LLC","101 Summer Street, 2nd Floor",Boston,MA,02110,Y,Y,Y,,Q
63663,"28 Livermore Hill Road Solar, LLC","101 Summer Street, 2nd Floor",Boston,MA,02110,Y,Y,Y,,Q
63664,"Somonauk Road Solar 1, LLC","101 Summer Street, 2nd Floor",Boston,MA,02110,Y,Y,Y,,Q
63665,"Bainbridge Solar, LLC","101 Summer Street, 2nd Floor",Boston,MA,02110,Y,Y,Y,,Q
63666,"Altavista Solar, LLC",26 Canal Bank Road,Windsor Locks,CT,06096,Y,,Y,,Q
63667,"California PV Energy 3, LLC","200 Liberty Street, 14 Floor",New York,NY,10281,Y,,,,Q
63668,Bauer Community Solar LLC,700 Universe Blvd,Juno Beach,FL,33408,Y,Y,,,Q
63669,"San Bernardino Fuel Cell, LLC",3 Great Pasture Road,Danbury,CT,06810,Y,Y,,,Q
63673,Ballenger Road Solar A,44 Montgomery Street,San Francisco,CA,94104,Y,,Y,,Q
63674,White Horse Solar A,"44 Montgomery Street, Suite 31",San Francisco,CA,94104,Y,,Y,,Q
63675,Soscol Ferry Solar,44 Montgomery Street,San Francisco,CA,94104,Y,,Y,,Q
63676,Silveira Ranch Road Solar,44 Montgomery Street,San Francisco,CA,94104,Y,,Y,,Q
63677,"Caden Energix New Kent, LLC","1201 Wilson Blvd., Suite 2200",Arlington,VA,22209,Y,Y,Y,,Q
63678,SunEast Manchester Solar LLC,34 W. Miner Street,West Chester,PA,19382,Y,,,,Q
63680,"ACM Solar, LLC.",950 S 10th St. Ste 001,Omaha,NE,68108,Y,Y,,,Q
63681,"Wappinger 9D Solar, LLC","101 Summer Street, 2nd Floor",Boston,MA,02110,Y,Y,Y,,Q
63682,"Montague Road Solar, LLC","101 Summer Street, 2nd Floor",Boston,MA,02110,Y,Y,Y,,Q
63683,"Olney Solar II, LLC","101 Summer Street, 2nd Floor",Boston,MA,02110,Y,Y,Y,,Q
63684,"Off Airport Road - West, LLC","101 Summer Street, 2nd Floor",Boston,MA,02110,Y,Y,Y,,Q
63685,"Fitchburg Renewables, LLC","101 Summer Street, 2nd Floor",Boston,MA,02110,Y,Y,Y,,Q
63686,"6140 Route 209 - North, LLC","101 Summer Street, 2nd Floor",Boston,MA,02110,Y,Y,Y,,Q
63689,"Wonderful Renewable Energy, LLC.",11444 W. Olympic Blvd,Los Angeles,CA,90064,,,,Y,Q
63691,"2662 Freeport Solar 1, LLC",311 N Bayshore Drive,Safety Harbor,FL,34695,Y,Y,,,Q
63692,"Whiteside Solar 1, LLC",311 N Bayshore Drive,Safety Harbor,FL,34695,Y,Y,,,Q
63693,Captona N.P. LLC,675 Third Ave,New York,NY,10017,Y,Y,Y,,Q
63694,"Hecate Energy West Newberry, LLC",621 W. Randolph St.,Chicago,IL,60661,Y,,,Y,Q
63696,BD Solar Palmyra LLC,"622 Congress Street, Suite 202",Portland,ME,04101,,,Y,,Q
63697,BD Solar Auburn LLC,"622 Congress Street, Suite 202",Portland,ME,04101,Y,,Y,,Q
63698,BD Solar Hancock LLC,"622 Congress Street, Suite 202",Portland,ME,04101,,,Y,,Q
63699,BD Solar 2 LLC,"622 Congress Street, Suite 202",Portland,ME,04101,,,Y,,Q
63700,BD Solar Hancock North LLC,"622 Congress Street, Suite 202",Portland,ME,04101,,,Y,,Q
63701,BD Solar Lewiston Junction LLC,"622 Congress Street, Suite 202",Portland,ME,04101,Y,,Y,,Q
63702,"Barbers Point Solar, LLC","3636 Nobel Drive, Suite 260",San Diego,CA,92122,Y,Y,Y,,Q
63704,Camp Riley Solar Facility,15000 MN 115,Little Falls,MN,56345,,Y,,,I
63705,"MEC Holdings, LLC",1 Fazio Lane,Mankato,MN,56001,Y,,,,Q
63706,Newton Municipal Solar LLC - Rumford,"111 Speen St., Suite 410",Framingham,MA,01701,Y,Y,Y,,Q
63707,OYA Blanchard Road LLC,700 Universe Blvd.,Juno Beach,FL,33408,Y,Y,,,Q
63708,OYA Blanchard Road 2 LLC,700 Universe Blvd.,Juno Beach,FL,33408,Y,Y,,,Q
63709,OYA NYS Rte 12 LLC,700 Universe Blvd.,Juno Beach,FL,33408,Y,Y,,,Q
63710,OYA 2643 Moore Road LLC,700 Universe Blvd.,Juno Beach,FL,33408,Y,Y,,,Q
63711,OYA Great Lakes Seaway LLC,700 Universe Blvd.,Juno Beach,FL,33408,Y,Y,,,Q
63712,Pittsfiled Solar LLC,"101 Cianbro Square, P.O. Box 1",Pittsfield,ME,04967,Y,,,,Q
63714,"Route 66 Energy Center, LLC",700 Universe Blvd,Juno Beach,FL,33408,Y,Y,,,Q
63718,"Sunflower County Solar Project, LLC","3000 Oak Road, Suite 300",Walnut Creek,CA,94597,Y,,,,Q
63720,"Ocean Wind, LLC","399 Boylston Street, 12th Floo",Boston,MA,02116,Y,Y,Y,,Q
63721,"Skipjack Offshore Energy, LLC","One Park Place, Suite 400",Annapolis,MD,21401,Y,Y,Y,,Q
63722,"Alta Farms II Wind Project, LLC","100 Brickstone Square, Suite 3",Andover,MA,01810,Y,Y,Y,,Q
63723,"Ignacio Grid, LLC","1495 Canyon Boulevard, Suite 2",Boulder,CO,80302,,Y,Y,,Q
63726,Vistra Zero LLC,6555 Sierra Dr,Irving,TX,75039,Y,Y,Y,,Q
63727,Kaieie Waho Company LLC,733 Bishop Street,Honolulu,HI,96813,Y,Y,,,Q
63728,Tweite Community Solar LLC,2530 Riva Road Suite 200,Annapolis,MD,21401,Y,Y,,,Q
63729,"Morgan Solar 4, LLC",311 N Bayshore Drive,Safety Harbor,FL,34695,Y,Y,,,Q
63730,"DG New York Solar, LLC",700 Universe Blvd.,Juno Beach,FL,33408,Y,Y,,,Q
63731,Desert Harvest II LLC,15445 Innovation Drive,San Diego,CA,92128,Y,,,Y,Q
63732,"Maverick Solar 4, LLC",15445 Innovation Drive,San Diego,CA,92128,Y,,,Y,Q
63733,"Maverick Solar 6, LLC",15445 Innovation Drive,San Diego,CA,92128,Y,,,Y,Q
63734,"Maverick Solar 7, LLC",15445 Innovation Drive,San Diego,CA,92128,Y,,,Y,Q
63735,Captona Canton LLC,675 Third Ave,New York,NY,10017,Y,Y,Y,,Q
63736,Captona Chicopee LLC,675 Third Ave,New York,NY,10017,Y,Y,Y,,Q
63737,Captona Lippitt Ave Cranston LLC,675 Third Ave,New York,NY,10017,Y,Y,Y,,Q
63738,Captona Ravenbrook LLC,675 Third Ave,New York,NY,10017,Y,Y,Y,,Q
63739,Captona Hudson LLC,675 Third Ave,New York,NY,10017,Y,Y,Y,,Q
63740,Captona A Street 2 Johnston LLC,675 Third Ave,New York,NY,10017,Y,Y,Y,,Q
63741,Captona Berkley LLC,675 Third Ave,New York,NY,10017,Y,Y,Y,,Q
63742,Captona Kilvert Street Warwick LLC,675 Third Ave,New York,NY,10017,Y,Y,Y,,Q
63743,Captona A Street 1 Johnston LLC,675 Third Ave,New York,NY,10017,Y,Y,Y,,Q
63744,Captona Carver LLC,675 Third Ave,New York,NY,10017,Y,Y,Y,,Q
63745,Captona Plainfield Pike Johnston LLC,675 Third Ave,New York,NY,10017,Y,Y,Y,,Q
63746,"Meadowlark Solar, LLC","8800 N. Gainey Center Drive, S",Scottsdale,AZ,85258,Y,,Y,,Q
63747,"Nash 97 Solar 2, LLC","8800 N. Gainey Center Drive, S",Scottsdale,AZ,85258,Y,,Y,,Q
63748,"Nickelson Solar 2, LLC","8800 N. Gainey Center Drive, S",Scottsdale,AZ,85258,Y,,Y,,Q
63749,"Siler City Solar 2, LLC","8800 N. Gainey Center Drive, S",Scottsdale,AZ,85258,Y,,Y,,Q
63751,James W. Broderick Hydropower Plant,Reservoir Road,Pueblo,CO,81005,Y,Y,Y,,Q
63753,"Marlow Solar, LLC",311 N Bayshore Drive,Safety Harbor,FL,34695,Y,Y,,,Q
63755,"Old 300 Solar Center, LLC",812 San Antonio Street Suite 5,Austin,TX,78701,Y,Y,Y,,Q
63756,"Lily Pond Solar, LLC","1201 Wilson Blvd., Suite 2200",Arlington,VA,22209,Y,Y,Y,,Q
63757,"OR Solar 2, LLC",333 Washington Street,Jersey City,NJ,07302,Y,,,,Q
63758,"IGS Stockton DG, LLC",311 N Bayshore Drive,Safety Harbor,FL,34695,Y,Y,,,Q
63759,Triple Oak Power LLC,4703 NW Seblar Terrace,Portland,OR,97210,Y,,,,Q
63761,"REG Juhl Glenville Wind, LLC","470 W 78th Street, Suite 250",Chanhassen,MN,55317,Y,Y,,,Q
63763,Still Water Power LLC,5985 4th Avenue,Hanford,CA,93230,Y,,,,Q
63764,"Haystack Wind Project, LLC",81613 569th Avenue,Carroll,NE,68723,Y,Y,Y,,Q
63765,"Irish Creek Wind, LLC",700 Universe Blvd,Juno Beach,FL,33408,Y,Y,,,Q
63768,"Cash Solar, LLC",130 Roberts Street,Asheville,NC,28801,Y,Y,Y,,Q
63769,"Lancaster Solar GA, LLC","222 2nd Ave. South, Suite 1900",Nashville,TN,37201,Y,Y,Y,,Q
63770,"SR Perry, LLC","222 2nd Ave. South, Suite 1900",Nashville,TN,37201,Y,Y,Y,,Q
63771,"SR Rattlesnake, LLC","222 2nd Ave. South, Suite 1900",Nashville,TN,37201,Y,Y,Y,,Q
63772,"Fish Springs Ranch Solar, LLC",700 Universe Blvd,Juno Beach,FL,33408,Y,Y,,,Q
63773,Orsted Onshore North America,812 San Antonio St,Austin,TX,78701,,,Y,,Q
63776,"JSD Flatwood PV-1, LLC",100 Dunbar Street Suite 400,Spartanburg,SC,29306,Y,,,,Q
63777,"Mechanicsville Solar, LLC",192 Raceway Drive,Mooresville,NC,28117,,Y,,,Q
63778,"SR Litchfield, LLC","222 2nd Ave. South, Suite 1900",Nashville,TN,37201,Y,Y,Y,,Q
63779,"Morgan Solar 2, LLC",311 N Bayshore Drive,Safety Harbor,FL,34695,Y,Y,,,Q
63781,"SR North Stonington, LLC","222 2nd Ave. South, Suite 1900",Nashville,TN,37201,Y,Y,Y,,Q
63783,"Rockhaven Wind Project, LLC","100 Brickstone Square, Suite 3",Andover,MA,01810,Y,Y,Y,,Q
63784,"Azure Sky Wind Project, LLC","100 Brickstone Square, Suite 3",Andover,MA,01810,Y,Y,Y,,Q
63785,"Hybrid-Electric Building Technologies West Los Angeles 1, LLC",1980 Post Oak Blvd Suite 2000,Houston,TX,77056,Y,,,,COM
63786,Tygart LLC,33821 San Angelo Ct,Avon,OH,44011,,,Y,,Q
63792,Hornet Solar LLC,1200-10423 101 Street NW,Edmonton,AB,T5H 0,Y,,,,Q
63793,Bear Branch Solar LLC,1200-10423 101 Street NW,Edmonton,AB,T5H 0,Y,,,,Q
63794,"Albemarle Beach Solar, LLC",192 Raceway Drive,Mooresville,NC,28117,,Y,,,Q
63795,"Moore Solar, LLC","8800 N. Gainey Center Drive, S",Scottsdale,AZ,85258,Y,,Y,,Q
63796,"Bo Biggs Solar, LLC","8800 N. Gainey Center Drive, S",Scottsdale,AZ,85258,Y,,Y,,Q
63798,"SR Lumpkin, LLC","222 2nd Ave. South, Suite 1900",Nashville,TN,37201,Y,Y,Y,,Q
63802,Independence Wind Energy LLC,7 Ellefson Drive,De Soto,IA,50069,Y,,,,Q
63803,Apex Solar LLC,P.O. Box 2576,Boise,ID,83701,,,Y,,Q
63804,"Pacific Energy Solutions, LLC",700 Universe Blvd,Juno Beach,FL,33408,Y,Y,,,Q
63805,50LW 8me LLC,"4370 Town Center Blvd., Suite",El Dorado Hills,CA,95762,Y,Y,Y,,Q
63806,26SB 8me LLC,"4370 Town Center Blvd., Suite",El Dorado Hills,CA,95762,Y,,,,Q
63807,302PN 8me LLC,"4370 Town Center Blvd., Suite",El Dorado Hills,CA,95762,Y,,,,Q
63810,"Pioneer Solar (CO), LLC",3535 N Harback Rd,Bennett,CO,80102,Y,,,,Q
63812,"Tillamook BioGas, LLC Digester ",6018 Hangar B Road,Tillamook,OR,97141,Y,,,,Q
63813,"Assembly Solar III, LLC","575 Fifth Ave., 35th Fl.",New York,NY,10017,Y,,Y,,Q
63814,"McDonough Solar 1, LLC",311 N Bayshore Drive,Safety Harbor,FL,34695,Y,Y,,,Q
63815,"Dressor Plains Solar, LLC","575 Fifth Ave., 35th Fl.",New York,NY,10017,Y,,Y,,Q
63818,Jack's Solar Garden,8102 North 95th St,Longmont,CO,80504,Y,Y,Y,,Q
63820,"SR Baxley, LLC","222 2nd Ave. South, Suite 1900",Nashville,TN,37201,Y,Y,Y,,Q
63822,"Hadley 3 Solar, LLC (South)","101 Summer Street, 2nd Floor",Boston,MA,02110,Y,Y,Y,,Q
63823,"Solar Lee, LLC","Box 1900, Station M 110 - 12th",Calgary,AB,T2P,Y,,,,Q
63824,"Acme Solar, LLC","Box 1900, Station M 110 - 12th",Calgary,AB,T2P,Y,,,,Q
63825,45MG 8me LLC,"4370 Town Center Blvd., Suite",El Dorado Hills,CA,95762,Y,,,,Q
63826,201LC 8me LLC,"4370 Town Center Blvd., Suite",El Dorado Hills,CA,95762,Y,,,,Q
63827,Bioenergy DevCo,50 State Circle,Annapolis,MD,21401,Y,Y,Y,,IND
63830,"7V Solar Ranch, LLC","500 Sansome St., Suite 500",San Francisco,CA,94111,,,Y,,Q
63831,St. Cloud Hydroelectric Generation Facility,1100 First Avenue South,St. Cloud,MN,56301,Y,,,,M
63832,Hecate Energy Harley Hand Solar LLC,621 W. Randolph St.,Chicago,IL,60661,Y,,,,Q
63833,Iroquois Solar 1B LLC,311 N Bayshore Drive,Safety Harbor,FL,34695,Y,Y,,,Q
63834,Blue Goose Solar,311 N Bayshore Drive,Safety Harbor,FL,34695,Y,Y,,,Q
63835,Indiana Crossroads Wind Farms LLC,6072 South State Road 43,Chalmers,IN,47929,Y,Y,Y,,Q
63838,Hecate Grid Swiftsure LLC,621 W. Randolph St.,Chicago,IL,60661,Y,Y,Y,,Q
63839,Hecate Grid Clermont 1 LLC,"600 W Fulton St, Suite 510",Chicago,IL,60661,Y,Y,Y,,Q
63840,"Clear Energy Capital, LLC",575 Broadway,Albany,NY,12207,Y,,,,Q
63841,"Hadley 3 Solar, LLC (North)","101 Summer Street, 2nd Floor",Boston,MA,02110,Y,Y,Y,,Q
63842,"BCSB, LLC","950 S 10th Street, Suite 001",Omaha,NE,68108,Y,Y,,,Q
63843,"Ormond Beach Power, LLC","1360 Post Oak Blvd, Suite 2000",Houston,TX,77056,Y,,,,Q
63844,"Ellwood Power, LLC",24 Waterway Avenue Suite 400,The Woodlands,TX,77380,Y,,,,Q
63845,Sullivan B Community Solar LLC,311 N Bayshore Blvd,Safety Harbor,FL,34695,Y,Y,,,Q
63858,"Valcour Operating Services, LLC",4300 Wilson Blvd,Arlington,VA,22203,,Y,,,Q
63860,Kent School Road Solar 1,311 N Bayshore Drive,Safety Harbor,FL,34695,Y,Y,,,Q
63861,Schulte 2 Community Solar,311 N Bayshore Blvd,Safety Harbor,FL,34695,Y,Y,,,Q
63863,Kankakee Solar 4 LLC,311 N Bayshore Blvd,Safety Harbor,FL,34695,Y,Y,,,Q
63864,"1051 Lucky Solar, LLC","Box 1900, Station M 110 - 12th",Calgary,AB,T2P,Y,,,,Q
63865,"Sweet Tea Solar, LLC","Box 1900, Station M 110 - 12th",Calgary,AB,T2P,Y,,,,Q
63869,"SE Athos II, LLC",1 Circle Star Way,San Carlos,CA,94070,,Y,,,Q
63873,Lincoln Medical and Mental Health Center,234 East 149th Street,Bronx,NY,10451,,Y,,,COM
63875,"DTE Atlantic, LLC",1077 Absecon Blvd.,Atlantic City,NJ,08401,Y,Y,Y,,Q
63887,Soldier Creek Wind LLC,700 Universe Blvd,Juno Beach,FL,33408,Y,Y,,,Q
63888,Shell Chemical LP - Geismar,7594 Hwy 75,Geismar,LA,70734,Y,Y,Y,,IND
63893,"AES Griggs Solar, LLC",311 N Bayshore Blvd,Clearwater,FL,34695,Y,Y,,,Q
63894,"IGS East Central, LLC",311 N Bayshore Blvd,Clearwater,FL,34695,Y,Y,,,Q
63895,SV CSG Lily Lake 2 LLC,311 N Bayshore Blvd,Clearwater,FL,34695,Y,Y,,,Q
63896,"SRC P9 - Lena Solar, LLC",311 N Bayshore Blvd,Clearwater,FL,34695,Y,Y,,,Q
63897,Tatanka Ridge LLC,231 West Michigan,Milwaukee,WI,53203,Y,,,,I
63898,"Sun Farm VIII, LLC",130 Roberts Street,Asheville,NC,28801,Y,Y,Y,,Q
63900,Corning Riverview Project,311 N Bayshore Blvd,Safery Harbor,FL,34695,Y,Y,,,Q
63903,Two Dot Wind Broadview East LLC,PO Box 570,Manhattan,MT,59741,Y,,,,Q
63904,"WED Coventry Seven, LLC","2000 Chapel View Boulevard, Su",Cranston,RI,02920,,,Y,,Q
63905,"GD Glocester White Oak I, LLC","2000 Chapel View Boulevard, Su",Cranston,RI,02920,,Y,Y,,Q
63952,"Irwindale Brew Yard, LLC",15801 East 1st Street,Irwindale,CA,91706,,Y,,,IND
63953,Hopewell Campus Owners LLC,311 Pennington Rocky Hill Rd,Pennington,NJ,08534,Y,Y,,,COM
63954,Shepherd's Run Solar,621 W. Randolph St.,Chicago,IL,60661,Y,,,,Q
63955,"Farmington Solar, LLC",700 Universe Blvd,Juno Beach,FL,33408,Y,Y,,,Q
63956,"Little Blue Wind Project, LLC",700 Universe Blvd,Juno Beach,FL,33408,Y,Y,,,Q
63957,"Quitman II Solar, LLC",700 Universe Blvd,Juno Beach,FL,33408,Y,Y,,,Q
63959,"Horizon Hill Wind, LLC",913 Big Hanaford Road,Centralia,WA,98531,Y,Y,Y,,Q
63960,"White Rock Wind West, LLC",913 Big Hanaford Road,Centralia,WA,98531,Y,Y,Y,,Q
63961,"White Rock Wind East, LLC",913 Big Hanaford Road,Centralia,WA,98531,Y,Y,Y,,Q
63962,"Solar Star Prime 2, LLC",77 Rio Robles,San Jose,CA,95134,,,Y,,Q
63963,"DG Fuel Cell, LLC",700 Universe Blvd,Juno Beach,FL,33408,Y,Y,,,Q
63965,"Badger Wind , LLC","812 San Antonio Street, Suite",Austin,TX,78701,Y,Y,Y,,Q
63966,"Emerick Wind, LLC","812 San Antonio Street, Suite",Austin,TX,78701,Y,Y,Y,,Q
63968,"Mockingbird Solar Center, LLC","812 San Antonio Street, Suite",Austin,TX,78701,Y,Y,Y,,Q
63969,"Placid Solar, LLC","812 San Antonio Street, Suite",Austin,TX,78701,Y,Y,Y,,Q
63970,"CVI Renewables Holdings, LLC.","1601 Utica Ave South, Suite 10",St. Louis Park,MN,55416,Y,,,,Q
63979,6685 Santa Barbara Ct,311 N Bayshore Blvd,Safety Harbor,FL,34695,Y,Y,,,Q
63985,Hydroland Omega LLC,403 Madison Ave N #240,Bainbridge Island,WA,98110,Y,,,,Q
63989,"Mas Durham Power, LLC","1616 West End Ave, Unit 1502",Nashville,TN,37203,Y,,,,Q
63991,"DG New York CS, LLC",700 Universe Blvd,Juno Beach,FL,33408,Y,Y,,,Q
63992,"Tranquillity Solar 1, LLC",311 N Bayshore Drive,Safety Harbor,FL,34695,Y,Y,,,Q
63993,"Milligan 1 Wind, LLC",15445 Innovation Drive,San Diego,CA,92128,Y,Y,Y,,Q
63994,"IXYS Integrated Circuits Division, LLC",78 Cherry Hill Drive,Beverly,MA,01915,Y,Y,,,IND
63995,"Glacier Sands Wind Power, LLC","100 King Street West, Suite 70",Toronto,ON,M5X 1,Y,,Y,,Q
63997,Western Power and Steam II LLC,3300 Manor Street,Bakersfield,CA,93308,Y,Y,Y,,IND
63999,"Quinebaug Solar, LLC",700 Universe Blvd,Juno Beach,FL,33408,Y,Y,,,Q
64002,Wilmot Energy Center LLC,700 Universe Blvd,Juno Beach,FL,33408,Y,Y,,,Q
64025,"Hamilton Operating Services, LLC",13860 Ballantyne Corporate Pla,Charlotte,NC,28277,,Y,,,Q
64030,"Lincoln Operating Services, LLC",13860 Ballantyne Corporate Pla,Charlotte,NC,28277,,Y,,,Q
64035,"Pamlico Partners Solar, LLC",333 Washington Street,Jersey City,NJ,07302,Y,,,,Q
64045,Alliance HP Virginia Drive LLC,"40 Morris Ave, Suite 230",Bryn Mawr,PA,19010,Y,Y,,,Q
64050,"Anderson Solar Farm, LLC",333 Washington Street,Jersey City,NJ,07302,Y,Y,Y,,Q
64051,"Briarwood Solar, LLC",333 Washington Street,Jersey City,NJ,07302,Y,Y,Y,,Q
64052,"Delanco Coopertown Rd Solar 2, LLC",333 Washington Street,Jersey City,NJ,07302,Y,Y,Y,,Q
64053,"Gold Mine Solar, LLC",333 Washington Street,Jersey City,NJ,07302,Y,Y,Y,,Q
64054,"Pontiac Solar, LLC",333 Washington Street,Jersey City,NJ,07302,Y,Y,Y,,Q
64055,Rockford Baxter Rd Holdco LLC CSG,333 Washington Street,Jersey City,NJ,07302,Y,Y,Y,,Q
64056,"Sandoval Holdco, LLC",333 Washington Street,Jersey City,NJ,07302,Y,Y,Y,,Q
64057,"BWC East Brook, LLC",333 Washington Street,Jersey City,NJ,07302,Y,Y,Y,,Q
64058,East Brookfield Adams Road Solar LLC,"518 17th St., Suite 950",Denver,CO,80202,Y,Y,,,Q
64059,Ware Palmer Road Solar LLC,"518 17th St., Suite 950",Denver,CO,80202,Y,Y,,,Q
64063,Schull CSG LLC,N27W24025 Paul Ct Suite 100,Pewaukee,WI,53072,Y,Y,,,Q
64065,City of Scribner,530 Main Street,Scribner,NE,68057,Y,Y,,,M
64067,"ISM Solar Dighton 3, LLC","100 California St., Ste.400",San Francisco,CA,94111,Y,,,,Q
64068,"Black Rock Wind Force, LLC",100 California St. Ste. 400,San Francisco,CA,94115,Y,,,,Q
64069,"Breckenridge Street Solar 1, LLC","100 California St., Ste.400",San Francisco,CA,94111,Y,,,,Q
64070,"Dresser Hill Solar, LLC","100 California St., Ste.400",San Francisco,CA,94111,Y,,,,Q
64071,"Rounseville Solar 1, LLC","100 California St., Ste.400",San Francisco,CA,94111,Y,,,,Q
64072,"MA CS Ware West, LLC","100 California St., Ste.400",San Francisco,CA,94111,Y,,,,Q
64073,"Wilmarth Lane Solar 1, LLC","100 California St., Ste.400",San Francisco,CA,94111,Y,,,,Q
64077,JVR Energy Park LLC,"5901 Priestly Drive, Suite 300",Carlsbad,CA,92008,Y,Y,Y,,Q
64078,"Central Rivers Power US, LLC",One Tower Center Blvd FL 21,East Brunswick,NJ,08816,Y,,,,Q
64079,"Central Rivers Power WV, LLC",One Tower Center Blvd FL 21,East Brunswick,NJ,08816,Y,,,,Q
64081,Point Beach Solar,700 Universe Blvd.,Juno Beach,FL,33408,Y,Y,,,Q
64082,"Bowline, LLC","24 Waterway Avenue, Suite 400",The Woodlands,TX,77380,Y,,,,Q
64083,"DG Central 1, LLC",700 Universe Blvd.,Juno Beach,FL,33408,Y,Y,,,Q
64084,OE_TN1,"800 Brickell Avenue, Suite 100",Miami,FL,33131,Y,,,,Q
64088,"SSA Solar of CA 5, LLC",311 N Bayshore Drive,Safety Harbor,FL,34695,Y,Y,,,Q
64089,"Pine Road Solar, LLC","1515 Wilson Blvd, Suite 300",Arlington,VA,22209,Y,Y,,,Q
64093,White Plains Hospital Medical Center,41 East Post Rd,White Plains,NY,10601,,Y,,,COM
64095,"RPCA Solar 3, LLC",3883 Howard Hughes Parkway,Las Vegas,NV,89169,Y,,Y,,Q
64096,"RPSC Solar 3, LLC",44 Montgomery Street,San Francisco,CA,94104,Y,,Y,,Q
64098,"Clendenin A Community Solar, LLC","1515 Wilson Blvd, Suite 300",Arlington,VA,22209,Y,Y,,,Q
64099,"Kern A Community Solar, LLC","1515 Wilson Blvd, Suite 300",Arlington,VA,22209,Y,Y,,,Q
64100,Lukuc B Community Solar LLC,"1515 Wilson Blvd, Suite 300",Arlington,VA,22209,Y,Y,,,Q
64101,"CSG Mt. Morris 2, LLC","1515 Wilson Blvd, Suite 300",Arlington,VA,22209,Y,Y,,,Q
64102,"Tower Road Solar, LLC","1515 Wilson Blvd, Suite 300",Arlington,VA,22209,Y,Y,,,Q
64103,"13 Mile Solar, LLC","201 Santa Monica Blvd, Suite 5",Santa Monica,CA,90401,Y,,,,Q
64104,"Captain Solar, LLC","201 Santa Monica Blvd, Suite 5",Santa Monica,CA,90401,Y,,,,Q
64105,"Coldwater Solar, LLC","201 Santa Monica Blvd, Suite 5",Santa Monica,CA,90401,Y,,,,Q
64106,"Geddes 1 Solar, LLC","201 Santa Monica Blvd, Suite 5",Santa Monica,CA,90401,Y,,,,Q
64107,"Interchange Solar, LLC","201 Santa Monica Blvd, Suite 5",Santa Monica,CA,90401,Y,,,,Q
64108,"Brazoria West Solar Project, LLC",422 Admiral Blvd,Kansas City,MO,64106,Y,,,Y,Q
64111,"Jack Francis Solar, LLC","201 Santa Monica Blvd, Suite 5",Santa Monica,CA,90401,Y,,,,Q
64112,"May Shannon Solar, LLC","201 Santa Monica Blvd, Suite 5",Santa Monica,CA,90401,Y,,,,Q
64113,"Stoneheart Solar, LLC     ","201 Santa Monica Blvd, Suite 5",Santa Monica,CA,90401,Y,,,,Q
64114,"Workman Road Solar Farm, LLC","201 Santa Monica Blvd, Suite 5",Santa Monica,CA,90401,Y,,,,Q
64115,"Swansboro Solar, LLC","Box 1900, Station M 110 - 12th",Calgary,AB,T2P,Y,,,,Q
64116,"Suncaster, LLC","Box 1900, Station M 110 - 12th",Calgary,AB,T2P,Y,,,,Q
64117,"1034 Catherine Lake Solar, LLC","Box 1900, Station M 110 - 12th",Calgary,AB,T2P,Y,,,,Q
64118,"Grissom Solar, LLC",130 Roberts Street,Asheville,NC,28801,Y,Y,Y,,Q
64119,Merrimack Solar Farm,"100 New Millenium Way, Bldg 3,",Durham,NC,27709,Y,,,,COM
64120,Smithfield Solar Farm,"100 New Millenium Way, Bldg 3,",Durham,NC,27709,Y,,,,COM
64125,Ada Cogeneration LLC,PO Box 767,Ada,MI,49301,Y,Y,Y,,Q
64135,Resurgence Solar,700 Universe Blvd.,Juno Beach,FL,33408,Y,Y,Y,,Q
64137,"Chautauqua Green Energy, LLC",558 West 6th St,Erie,PA,16507,Y,Y,,,Q
64138,"Birch Creek Development, LLC (NC)",130 Roberts Street ,Asheville,NC,28801,Y,Y,,,Q
64139,"Angola Solar, LLC","201 Santa Monica Blvd, Suite 5",Santa Monica,CA,90401,Y,,,,Q
64140,"Bullhead Solar, LLC","201 Santa Monica Blvd, Suite 5",Santa Monica,CA,90401,Y,,,,Q
64141,"Geddes 2 Solar, LLC","201 Santa Monica Blvd, Suite 5",Santa Monica,CA,90401,Y,,,,Q
64142,"Hazel Solar, LLC","201 Santa Monica Blvd, Suite 5",Santa Monica,CA,90401,Y,,,,Q
64143,"Hendershot Solar, LLC","201 Santa Monica Blvd, Suite 5",Santa Monica,CA,90401,Y,,,,Q
64144,Arlington Energy Center II,700 Universe Blvd,Juno Beach,FL,33408,Y,Y,,,Q
64145,Kern and Tule Hydro LLC,711 East Turtle Point Drive,Ivins,UT,84738,Y,Y,Y,,Q
64147,Rice Community Solar Two LLC,700 Universe Blvd,Juno Beach,FL,33408,Y,Y,,,Q
64148,Cokato Holdco LLC,"100 California St., Ste.400",San Francisco,CA,94111,Y,,,,Q
64149,Palmer Community Solar LLC,"200 Harborside Drive, Ste 200",Schenectady,NY,12305,,Y,Y,,Q
64150,Medin 2 Community Solar LLC,"200 Harborside Drive, Ste 200",Schenectady,MD,12305,,Y,Y,,Q
64151,Svihel Community Solar LLC,"200 Harborside Drive, Ste 200",Schenectady,NY,12305,Y,,,,Q
64152,Studenski Community Solar LLC,"200 Harborside Drive, Ste 200",Schenectady,NY,12305,Y,Y,Y,,Q
64153,"Stamford Health Systems, Inc.",One Hospital Plaza,Stamford,CT,06902,Y,Y,,,COM
64156,Sky River Wind LLC,700 Universe Blvd,Juno Beach,FL,33408,Y,Y,,,Q
64160,SoCore Clovis 1 LLC,"225 W Hubbard St, Suite 200",Chicago,IL,60654,Y,,,,Q
64165,Knickerbocker Solar LLC,"5901 Priestly Drive, Suite 300",Carlsbad,CA,92008,Y,Y,Y,,Q
64166,Brushy Creek Solar LLC,"5901 Priestly Drive, Suite 300",Carlsbad,CA,92008,Y,Y,Y,,Q
64167,Corazon Energy LLC,"1200 Smith Street, Suite 1700",Houston,TX,77002,,,Y,,Q
64168,Tyre Bridge Solar LLC,"5901 Priestly Drive, Suite 300",Carlsbad,CA,92008,Y,Y,Y,,Q
64170,Camden Solar LLC,"18575 Jamboree Road, Suite 850",Irvine,NC,92612,Y,Y,Y,,Q
64172,Arevon Asset Management,"8800 N Gainey Center Dr, Suite",Scottsdale,AZ,85258,,,Y,,Q
64173,SLB Milbank LLC,974 Breckenridge Land #117,Louisville,KY,40204,Y,Y,Y,,Q
64174,FPS Cedar Creek Solar LLC,58 Commerce Road,Stamford,CT,06902,Y,,,,Q
64175,FPS Coxsackie Solar LLC,58 Commerce Road,Stamford,CT,06902,Y,,,,Q
64176,FPS Potic Solar LLC,58 Commerce Road,Stamford,CT,06902,Y,,,,Q
64177,"Ranchland Wind Project I, LLC","100 Brickstone Square, Suite 3",Andover,MA,01810,Y,Y,Y,,Q
64178,"Ranchland Wind Project II, LLC","100 Brickstone Square, Suite 3",Andover,MA,01810,Y,Y,Y,,Q
64179,"Ranchland Wind Storage, LLC","100 Brickstone Square, Suite 3",Andover,MA,01810,Y,Y,Y,,Q
64181,Riverstart Solar Park LLC,3999 W 700 S,Modoc,IN,47358,Y,Y,Y,,Q
64187,"Wallingford Renewable Energy, LLC",700 Universe Blvd,Juno Beach,FL,33408,Y,Y,,,Q
64189,"237 State Route 96 Site 2, LLC",700 Universe Blvd,Juno Beach,FL,33408,Y,Y,,,Q
64190,"237 State Route 96 Site 1, LLC",700 Universe Blvd,Juno Beach,FL,33408,Y,Y,,,Q
64191,Minisink Solar LLC,"100 California St., Ste.400",San Francisco,CA,94111,Y,,,,Q
64192,Slate Hill Solar LLC,"100 California St., Ste.400",San Francisco,CA,94111,Y,,,,Q
64193,Washingtonville Solar LLC,"100 California St., Ste.400",San Francisco,CA,94111,Y,,,,Q
64197,AMP MA Dudley,"518 17th St., Suite 950",Denver,CO,80202,Y,,,,Q
64198,AMP MA Joe Jenny,"518 17th St., Suite 950",Denver,CO,80202,Y,,,,Q
64199,Arlington Energy Center III,700 Universe Blvd,Juno Beach,FL,33408,Y,Y,,,Q
64200,BWC Bass River LLC,"518 17th St., Suite 950",Denver,CO,80202,Y,,,,Q
64201,BWC Box Pond LLC,"518 17th St., Suite 950",Denver,CO,80202,Y,,,,Q
64202,BWC Buckmaster Pond LLC,"518 17th St., Suite 950",Denver,CO,80202,Y,,,,Q
64203,BWC Connecticut River LLC,"518 17th St., Suite 950",Denver,CO,80202,Y,,,,Q
64204,BWC Hamilton Brook LLC,"518 17th St., Suite 950",Denver,CO,80202,Y,,,,Q
64209,"El Algodon Alto Wind Farm, LLC","701 Brazos Street, Ste 1400",Austin,TX,78701,Y,Y,,,Q
64210,"Lapeer-Cortland Solar, LLC",700 Universe Blvd,Juno Beach,FL,33408,Y,Y,,,Q
64211,3 MW LLC,2118 S Milwaukee Street,Denver,CO,80210,Y,Y,Y,,COM
64217,Bald Mountain Solar LLC,39 Hudson Falls Road,South Glens Falls,NY,12803,Y,Y,,,Q
64218,Greens Corners Solar,39 Hudson Falls Road,South Glens Falls,NY,12803,Y,Y,,,Q
64220,"Solar Star Prime 5, LLC","1201 Louisiana Street, Ste 180",Houston,TX,77002,,,Y,,Q
64221,MC6 Hydro Facility,711 East Turtle Point Drive,Ivins,UT,84738,Y,,,,Q
64225,Energy Harbor Nuclear Generation LLC,168 East Market Street,Akron,OH,44308,Y,Y,,,Q
64229,"SEPV Sierra, LLC",11400 West Olympic blvd,LosAngeles,CA,90064,Y,Y,Y,,Q
64230,"Sanford ESS, LLC",401 Edgewater Drive,Wakefield,MA,01880,Y,Y,Y,,Q
64233,"South Portland ESS, LLC",401 Edgewater Place,Wakefield,MA,01880,Y,Y,Y,,Q
64234,Kearsarge William Way LLC,"1380 Soldiers Field Road, Suit",Boston,MA,02135,Y,Y,Y,,Q
64235,Kearsarge Haverhill LLC,"1380 Soldiers Field Road, Suit",Boston,MA,02135,Y,Y,Y,,Q
64236,Kearsarge Upper Union LLC,"1380 Soldiers Field Road, Suit",Boston,MA,02135,Y,Y,Y,,Q
64237,Kearsarge Montague BD LLC,"1380 Soldiers Field Road, Suit",Boston,MA,02135,Y,Y,Y,,Q
64240,"Madera DP 2, LLC","25124 Springfield Ct., STE 300",Valencia,CA,91355,,Y,,,Q
64241,"Blodgett Street Solar 1, LLC",100 California St Suite 400,San Francisco,CA,94115,Y,,,,Q
64244,"Big Rock ESS Assets, LLC","5455 Wilshire Bvld, Suite 2010",Los Angeles,CA,90036,Y,,,,Q
64245,"90FI 8me, LLC","4370 Town Center Blvd, Suite 1",El Dorado Hills,CA,95762,Y,,,,Q
64246,"99MT 8me, LLC","4370 Town Center Blvd, Suite 1",El Dorado Hilla,CA,95762,Y,,,,Q
64249,"Big River Solar, LLC","575 Fifth Ave., 35th Fl.",New York,NY,10017,Y,,,,Q
64250,"Borderlands Wind, LLC",700 Universe Blvd,Juno Beach,FL,33408,Y,Y,,,Q
64251,TG East Wind Project LLC,"415 N LaSalle Drive, Suite 501",Chicago,IL,60654,Y,Y,,,Q
64252,Oberlin College,173 W Lorain St,Oberlin,OH,44074,Y,,,,COM
64254,"Adams Solar SC, LLC",333 Washington Street,Jersey City,NJ,07302,Y,Y,Y,,Q
64255,"Acton H Road Solar 1, LLC",333 Washington Street,Jersey City,NJ,07302,Y,Y,Y,,Q
64256,"Van Buren Solar, LLC",333 Washington Street,Jersey City,NJ,07302,Y,Y,Y,,Q
64257,"Naples Casco Solar 1, LLC",333 Washington Street,Jersey City,NJ,07302,Y,Y,Y,,Q
64258,"Clark Road Solar 1, LLC","101 Summer Street, 2nd Floor",Boston,MA,02110,Y,Y,Y,,Q
64259,Heartland Divide II,700 Universe Blvd,Juno Beach,FL,33408,Y,Y,Y,,Q
64260,Nextera Energy Resources,700 Universe Blvd,Juno Beach,FL,33408,Y,Y,,,Q
64261,Sac County Wind,700 Universe Blvd,Juno Beach,FL,33408,Y,Y,,,Q
64262,City of Salem Public Works,555 Liberty St SE; Room 325,Salem,OR,97301,Y,,,,M
64264,Bolthouse Solar LLC,"5901 Priestly Drive, Suite 300",Carlsbad,CA,92008,Y,Y,Y,,Q
64265,Notch Peak Solar LLC,"18575 Jamboree Road, Suite 850",Irvine,CA,92612,Y,Y,Y,,Q
64266,"Blue Jay Solar I, LLC","100 Brickstone Square, Suite 3",Andover,MA,01810,Y,Y,Y,,Q
64267,Big Creek Solar LLC,"125 High Street, High Street T",Boston,MA,02110,Y,Y,Y,,Q
64268,Black Rock Solar LLC,"5901 Priestly Drive, Suite 300",Carlsbad,CA,92008,Y,Y,Y,,Q
64273,"Angel Fire Energy Facility, LLC",118 Cruz Alta Road,Taos,NM,87571,Y,,,,C
64274,Swan Garden LLC,"2836 Lyndale Ave, Suite 132",Minneapolis,MN,55408,Y,,,,Q
64276,"Stanly Solar, LLC",130 Roberts Street,Asheville,NC,28801,Y,Y,Y,,Q
64279,Robin Solar LLC,130 Roberts Street,Asheville,NC,28801,Y,Y,Y,,Q
64280,"Soluga Solar, LLC",130 Roberts Street,Asheville,NC,28801,Y,Y,Y,,Q
64281,"Thigpen Solar, LLC",130 Roberts Street,Asheville,NC,28801,Y,Y,Y,,Q
64282,"LeConte Energy Storage, LLC",5000 Hopyard Road,Pleasanton,CA,94588,Y,Y,Y,,Q
64285,"BCD Project Holdings 1, LLC",130 Roberts Street,Asheville,NC,28801,Y,Y,Y,,Q
64287,Terra-Gen Operating Co-BESS,"437 Madison Ave, Fl 22",New York,NY,10022,,Y,Y,,Q
64288,"White Mesa Wind, LLC",700 Universe Blvd,Juno Beach,FL,33408,Y,Y,,,Q
64292,Revity Energy LLC,117 Metro Center Blvd,Warwick,RI,02886,Y,Y,Y,,Q
64295,SPG IL Brush Creek I Solar LLC,100 California St Suite 400,San Francisco,CA,94118,Y,,,,Q
64296,"Maple Street Solar 1, LLC",100 California St Suite 400,San Francisco,CA,94118,Y,,,,Q
64297,"Segunda Solar II, LLC",100 California St Suite 400,San Francisco,CA,94118,Y,,,,Q
64298,"Woodlawn Solar II, LLC",100 California St Suite 400,San Francisco,CA,94118,Y,,,,Q
64299,"Dodds Solar, LLC",100 California St Suite 400,San Francisco,CA,94118,Y,,,,Q
64300,"Olmstead Solar II, LLC",100 California St Suite 400,San Francisco,CA,94118,Y,,,,Q
64301,"Wolfcastle Solar, LLC",100 California St Suite 400,San Francisco,CA,94118,Y,,,,Q
64303,VESI 10 LLC,6884 Sierra Center Parkway,Reno,NV,89511,Y,Y,Y,,Q
64304,Morgan Solar 1 LLC,"1515 Wilson Blvd, Suite 300",Arlington,VA,22209,Y,Y,,,Q
64305,Morgan Solar 1b LLC,"1515 Wilson Blvd, Suite 300",Arlington,VA,22209,Y,Y,,,Q
64306,"Elektron Solar, LLC","575 Fifth Ave., 35th Fl.",New York,NY,10017,Y,Y,Y,,Q
64307,"Castle Solar, LLC","575 Fifth Ave., 35th Fl.",New York,NY,10017,Y,Y,Y,,Q
64309,Annadale Community Clean Energy Projects LLC,675 3rd avenue,New York,NY,10017,Y,Y,Y,,Q
64310,Bronx Community Clean Energy Project LLC,675 3rd Avenue,New York,NY,10017,Y,Y,Y,,Q
64311,Wind Wall 1 LLC,5538A La Jolla Blvd,La Jolla,CA,92037,Y,,,,Q
64315,"Walmart Stores Texas, LLC","1999 Bryan Street, Suite 900",Dallas,TX,75201,Y,Y,,,COM
64316,IGS Solar LLC,1515 Wilson Blvd,Arlington,VA,22209,Y,Y,,,Q
64327,Kearsarge Westerly LLC,"1380 Soldiers Field Road, Suit",Boston,MA,02135,Y,Y,Y,,Q
64328,Kearsarge Fogland LLC,"1380 Soldiers Field Road, Suit",Boston,MA,02135,Y,Y,Y,,Q
64330,Kearsarge East Providence LLC,"1380 Soldiers Field Road, Suit",Boston,MA,02135,Y,Y,Y,,Q
64331,DTE Sustainable Generation,One Energy Plaza,Detroit,MI,48226,Y,,,,I
64333,"Moraine Solar, LLC",100 California St Suite 400,San Francisco,CA,94118,Y,,,,Q
64334,"Freehold Solar, LLC",100 California St Suite 400,San Francisco,CA,94118,Y,,,,Q
64335,"Viking Solar, LLC",100 California St Suite 400,San Francisco,CA,94118,Y,,,,Q
64336,SPG IL Hurricane Creek Solar LLC,100 California St Suite 400,San Francisco,CA,94118,Y,,,,Q
64337,"Woodlawn Solar, LLC",100 California St Suite 400,San Francisco,CA,94118,Y,,,,Q
64338,"Long John Solar, LLC",100 California St Suite 400,San Francisco,CA,94118,Y,,,,Q
64339,"VESI Upton County BESS, LLC",6884 Sierra Center Parkway,Reno,NV,89511,Y,Y,Y,,Q
64340,"Energix Leatherwood, LLC","1201 Wilson Blvd., Suite 2200",Arlington,VA,22209,Y,Y,Y,,Q
64341,"Brightwood Solar, LLC",130 Roberts Street,Asheville,NC,28801,Y,Y,Y,,Q
64342,"Wyse Fork Solar Farm, LLC",130 Roberts Street,Asheville,NC,28801,Y,Y,Y,,Q
64343,"Broadway Road Solar, LLC",130 Roberts Street,Asheville,NC,28801,Y,Y,Y,,Q
64344,City of Los Angeles Harbor Department,425 S Palos Verdes St,San Pedro,CA,90731,Y,Y,Y,,M
64347,"Silver Queen Wind Farm, LLC",5775 Flatiron Pkwy,Boulder,CO,80301,Y,,,,Q
64348,ASD Three Rivers Road MA Solar LLC,"518 17th St., Suite 950",Denver,CO,80202,Y,,,,Q
64349,Yellowbud Solar LLC,8400 Normandale Lake blvd,Bloomington,MN,55437,Y,,,,Q
64351,"Roxbury Solar, LLC",470 James St,New Haven,CT,06513,Y,,,,Q
64354,"Wilkes Solar, LLC","575 Fifth Ave., 35th Fl.",New York,NY,10017,Y,,,,Q
64355,"Solariant Capital, LLC","301 North Lake Avenue, Suite 9",Pasadena,CA,91101,Y,,,,COM
64356,"Bedington Energy Facility, LLC","575 Fifth Ave., 35th Fl.",New York,NY,10017,Y,,,,Q
64358,New Market Solar,"354 Davis Road, Suite 100",Oakville,ON,L6J 2,Y,Y,Y,,Q
64359,"SR Washington I, LLC","222 2nd Ave. South, Suite 1900",Nashville,TN,37201,Y,Y,Y,,Q
64360,"SR Clay, LLC","222 2nd Ave. South, Suite 1900",Nashville,TN,37201,Y,Y,Y,,Q
64361,"SR Cedar Springs, LLC","222 2nd Ave. South, Suite 1900",Nashville,TN,37201,Y,Y,Y,,Q
64362,"SR DeSoto I, LLC","222 2nd Ave. South, Suite 1900",Nashville,TN,37201,Y,Y,Y,,Q
64363,"SR Turkey Creek, LLC","222 2nd Ave. South, Suite 1900",Nashville,TN,37201,Y,Y,Y,,Q
64364,Daggett Solar Power 2 LLC,100 California St Suite 400,San Francisco,CA,94118,Y,,,,Q
64365,Daggett Solar Power 3 LLC,100 California St Suite 400,San Francisco,CA,94118,Y,,,,Q
64366,Terra-Gen Operating Co-Hybrid,437 Madison Ave,New York,NY,10022,Y,Y,Y,,Q
64367,"Primary Products Ingredients Americas, LLC d/b/a Primient",3300 US 52 South,Lafayette,IN,47905,Y,Y,,,IND
64369,Canyonland Solar LLC,1710 29th St  #1068,Boulder,CO,80301,Y,,,,Q
64370,"IP Radian, LLC","9450 Southwest Gemini Drive, P",Beaverton,OR,97008,Y,Y,Y,,Q
64371,"RPNY Solar 3, LLC","44 Montgomery Street, Suite 31",San Francisco,CA,94104,Y,,Y,,Q
64372,Keeversville Solar Energy Center LLC,1515 Wilson Blvd,Arlington,VA,22209,Y,Y,,,Q
64377,"Novel Blilie Solar, LLC","2303 Wycliff Street, Suite 300",St. Paul,MN,55114,Y,Y,Y,,Q
64378,IMG Energy Solutions,106 Isabella Street Suite 600,Pittsburgh,PA,15212,Y,Y,Y,,Q
64380,"0HAM WHAM8 Solar, LLC",100 California St Suite 400,San Francisco,CA,94118,Y,,,,Q
64381,"276FED WHAM8 Solar, LLC",100 California St Suite 400,San Francisco,CA,94118,Y,,,,Q
64382,UXI CSG Venture 1 8301 LLC,"1215 4th Ave, Suite 600",Seattle,WA,98161,Y,Y,Y,,Q
64383,"Bayou Cove, LLC",PO BOX 157,Evangeline,LA,70537,Y,Y,Y,,Q
64387,Sandy Creek Solar LLC,39 Hudson Falls Road,South Glens Falls,NY,12803,Y,Y,,,Q
64390,Brighter Future Solar LLC,"106 Isabella Street, Suite 400",Pittsburgh,PA,15212,Y,,,,Q
64391,"Pine Valley Solar, LLC",130 Roberts Street,Asheville,NC,28801,Y,Y,Y,,Q
64393,"Tulare Solar Center, LLC","50 W. Liberty Street, Suite 64",Reno,NV,89501,Y,,,,Q
64394,"Cuba 2.5ac, LLC",4441 Anaheim NE,Albuquerque,NM,87113,Y,,,,Q
64395,"Bay4 Energy Services, LLC",311 North Bayshore Dr,Safety Harbor,FL,34695,,,Y,,Q
64399,Trona Solar III LLC,PO Box 907,Trona,CA,93592,Y,,Y,,Q
64400,Flower Valley,"1108 Lavaca St, Suite 110-349",Austin,TX,78701,Y,Y,Y,,Q
64401,Swoose,"1108 Lavaca St, Suite 110-349",Austin,TX,78701,Y,Y,Y,,Q
64402,Triple Butte,"1108 Lavaca St, Suite 110-349",Austin,TX,78701,Y,Y,Y,,Q
64403,"Crane Solar Project, LLC",4488 Onondaga Blvd,Syracuse,NY,13219,,,Y,,Q
64404,Denbury Inc,45 Beaver Creek Rd,Riverton,WY,82501,Y,,,,IND
64406,"NextEra Energy Garrison Butte Wind, LLC",700 Universe Blvd,Juno Beach,FL,33408,Y,,,,Q
64409,"Hecate Energy Ramsey, LLC","5051 Westheimer Rd, Ste 1900",Houston,TX,77056,,,Y,,Q
64411,"Gala Solar, LLC",100 California St Suite 400,San Francisco,CA,94118,Y,,,,Q
64412,"Prophet Solar, LLC",100 California St,San Francisco,CA,94118,Y,,,,Q
64413,"Pretzel Solar, LLC",100 California St,San Francisco,CA,94118,Y,,,,Q
64414,SV CSG Gardner 1 LLC,1515 Wilson Blvd,Arlington,VA,22209,Y,Y,,,Q
64415,"RPNY Solar 1, LLC",44 Montgomery Street,San Francisco,CA,94104,Y,,Y,,Q
64416,"RPNY Solar 2, LLC",44 Montgomery Street,San Francisco,CA,94104,Y,,Y,,Q
64417,"59FED WHAM8 Solar, LLC",100 California St,San Francisco,CA,94118,Y,,,,Q
64418,GSEone,1201 Louisiana St,Houston,TX,77002,Y,,,,Q
64420,"196TRE WHAM8 Solar, LLC",100 California St,San Francisco,CA,94118,Y,,,,Q
64421,NexteraEnergy,700 Universe Blvd,Juno Beach,FL,33408,Y,Y,,,Q
64423,Excelsior Energy Capital,21960 Minnetonka Blvd Suite 21,Excelsior,MN,55331,Y,,,,Q
64424,"Big Beau Solar, LLC  ",15445 Innovation Drive,San Diego,CA,92128,Y,,Y,,Q
64426,"DG Connecticut III, LLC",700 Universe Blvd,Juno Beach,FL,33408,Y,Y,,,Q
64429,North Wales Diesel,2750 Morris Road,Lansdale,PA,19446,,,,Y,COM
64430,"Calpine Greenleaf Holding, Inc.",717 Texas Ave Suite 1000,Houston,TX,77002,,Y,Y,,Q
64432,"SWVP Alpharetta Owners, LLC",5555 Windward Parkway,Alpharetta,GA,30004,,,Y,,COM
64433,Novel Bo Hu 1 Solar LLC,"2303 Wycliff Street, Suite 300",St. Paul,MN,55114,Y,Y,Y,,Q
64438,"Enel Green Power Roseland Solar, LLC","100 Brickstone Square, Suite 3",Andover,MA,01810,Y,Y,Y,,Q
64440,"ESIL-AL-Melrose, LLC","200 Liberty Street, 14 Floor",New York,NY,10281,Y,,,,Q
64441,MN CSG 2019-16 LLC,"200 Harborside Drive, Ste 200",Schenectady,NY,12305,Y,Y,Y,,Q
64446,ASD Cotuit MA Solar LLC,"518 17th St., Suite 950",Denver,CO,80202,Y,,,,Q
64447,"Briel Solar Farm, LLC",3000 E. Cesar Chavez St,Austin,TX,78702,Y,,Y,,Q
64448,"Gardy's Mill Solar, LLC",3000 E. Cesar Chavez St,Austin,TX,78702,Y,,Y,,Q
64449,"Texas Microgrid, LLC",1113 Vine Street. Suite 101,Houston,TX,77002,Y,,,,Q
64452,"EDF Renewables Development, Inc.",15445 Innovation Drive,San Diego,CA,92128,Y,Y,,,Q
64455,"Bernard Creek Solar, LLC",1001 McKinney Street,Houston,TX,77002,Y,,,,Q
64456,Orange Cove Irrigation District,1130 Park Blvd,Orange Cove,CA,93646,Y,,,,P
64457,"VCP Realty, LLC","124 LaSalle Rd, 2nd Floor",West Hartford,CT,06107,Y,Y,Y,,Q
64458,"Enfield Solar One, LLC","150 Turnbull St, 4th Floor",Hartford,CT,06103,Y,Y,Y,,Q
64459,"Blythe Mesa Solar II, LLC","9450 Southwest Gemini Drive, P",Beaverton,OR,97708,Y,Y,Y,,Q
64461,"Niyol Wind, LLC",700 Universe Blvd,Juno Beach,FL,33408,Y,Y,,,Q
64468,Hubbard Wind LLC,700 Universe Blvd,Juno Beach,FL,33408,Y,Y,,,Q
64469,HF Sinclair Corporation,2828 N Harwood St,Dallas,TX,75201,Y,Y,,,IND
64470,"71CFR WHAM8 Solar, LLC",100 California St,San Francisco,CA,94118,Y,,,,Q
64471,"77F2M WHAM8 Solar, LLC",100 California St,San Francisco,CA,94118,Y,,,,Q
64472,"160TIH WHAM8 Solar, LLC",100 California St,San Francisco,CA,94118,Y,,,,Q
64473,"299F2M WHAM8 Solar, LLC",100 California St,San Francisco,CA,94118,Y,,,,Q
64474,Waiawa Solar Power LLC,100 California St,San Francisco,CA,94118,Y,,,,Q
64476,"Hope Solar One, LLC",150 Trumbull St,Hartford,CT,06103,Y,Y,Y,,Q
64477,"Meriden Solar One, LLC",150 Trumbull St,Hartford,CT,06103,Y,Y,Y,,Q
64479,"Middletown Solar Two, LLC",150 Trumbull St,Hartford,CT,06103,Y,Y,Y,,Q
64482,Everson Garden LLC,"2836 Lyndale Ave, Suite 132",Minneapolis,MN,55408,Y,,,,Q
64484,ASA DeKalb NY Solar III LLC,"518 17th St., Suite 950",Denver,CO,80202,Y,,,,Q
64485,Ameresco San Joaquin Solar LLC,111 Speen Street,Framingham,MA,01701,Y,,,,Q
64486,"DG Nebraska Energy Storage, LLC",700 Universe Blvd.,Juno Beach,FL,33408,Y,Y,,,Q
64487,Coolangatta Solar LLC,"1901 Harrison Street, Suite 16",Oakland,CA,94621,Y,Y,Y,,Q
64488,Vineyard Reliability LLC,PO Box 190,South Catham,MA,02659,Y,,,,Q
64489,"CS Wind America, Inc.",100 Tower Road,Pueblo,CO,81004,Y,,,,IND
64495,Canadian Breaks LLC,"910 Louisiana Street, Ste. 240",Houston,TX,77002,,,Y,,Q
64497,Deer Park Refinery Limited Partnership (DPRLP),5900 Highway 225,Deer Park,TX,77536,Y,Y,,,IND
64499,Big Sky Wind LLC,1435 Bedford Avenue Suite C-2,Pittsburgh,PA,15219,Y,Y,,,Q
64500,"Norridgewock River Road Solar, LLC",333 Washington Street,Jersey City,NJ,07302,Y,,,,Q
64501,"Thunderhead Solar, LLC",333 Washington Street,Jersey City,NJ,07302,Y,,,,Q
64502,"Ridgeback Solar, LLC",333 Washington Street,Jersey City,NJ,07302,Y,,,,Q
64504,"Phobos Solar, LLC",130 Roberts Street,Asheville,NC,28801,Y,Y,Y,,Q
64505,"Cabin Creek Solar, LLC",130 Roberts Street,Asheville,NC,28801,Y,Y,Y,,Q
64507,"North Haven Solar One, LLC",150 Trumbull St,Hartford,CT,06103,Y,Y,Y,,Q
64508,"Westrock Kraft Paper, LLC",100 Gaston Road,Roanoke Rapids,NC,27870,Y,,,,IND
64513,RE Crimson LLC,123 Mission St,San Francisco,CA,94105,,,Y,,Q
64514,"Royalston Solar One, LLC",150 Trumbull St,Hartford,CT,06103,Y,Y,Y,,Q
64515,"Waterbury Solar One, LLC",150 Trumbull Ave,Hartford,CT,06103,Y,Y,Y,,Q
64516,"Azimuth 180 Solar Electric, LLC",109 Stryker Ln.,Hillsborough,NJ,08844,,Y,,,Q
64518,"Deer Wood Energy, LLC","1201 Wilson Blvd., Suite 2200",Arlington,VA,22209,Y,Y,Y,,Q
64519,"Deer Wood Storage, LLC","1201 Wilson Blvd., Suite 2200",Arlington,VA,22209,Y,Y,Y,,Q
64520,"Energix Aditya, LLC","1201 Wilson Blvd., Suite 2200",Arlington,VA,22209,Y,Y,Y,,Q
64522,"CAA CT Solar One, LLC",150 Trumbull St,Hartford,CT,06103,Y,Y,Y,,Q
64524,"East Windsor Solar Two, LLC",150 Trumbull St,Hartford,CT,06103,Y,Y,Y,,Q
64525,"Ellington Solar One, LLC",150 Trumbull St,Hartford,CT,06103,Y,Y,Y,,Q
64526,ASA DeKalb NY Solar II LLC,"518 17th St., Suite 950",Denver,CO,80202,Y,,,,Q
64527,ASA DeKalb NY Solar I LLC,"518 17th St., Suite 950",Denver,CO,80202,Y,,,,Q
64528,Lily Garden LLC,"2836 Lyndale Ave, Suite 132",Minneapolis,MN,55408,Y,,,,Q
64529,ASA Gouverneur NY Solar I LLC,"518 17th St., Suite 950",Denver,CO,80202,Y,,,,Q
64530,ASA Gouverneur NY Solar II LLC,"518 17th St., Suite 950",Denver,CO,80202,Y,,,,Q
64531,ASA Volney NY Solar I LLC,"518 17th St., Suite 950",Denver,CO,80202,Y,,,,Q
64532,ASA Clayton NY Solar I LLC,"518 17th St., Suite 950",Denver,CO,80202,Y,,,,Q
64533,"Lacy Creek Wind, LLC",700 Universe Blvd,Juno Beach,FL,33408,Y,Y,,,Q
64534,"Cranberry Highway Solar, LLC",225 W. Hubbard St,Chicago,IL,60654,Y,,,,Q
64535,"ENGIE 2019 ProjectCo MA-1, LLC",225 W. Hubbard St,Chicago,IL,60654,Y,,,,Q
64536,Clearway Energy Operating LLC,"300 Carnegie Center, Suite 300",Princeton,NJ,08540,Y,,,,Q
64537,"Pinnacle Wind, LLC",2530 Green Mountain Road,Keyser,WV,26726,Y,,,,Q
64538,Donaghy Sales Inc.,2363 S. Cedar Ave.,Fresno,CA,93725,Y,,,,COM
64539,"CHF-Davis I, LLC",2228 Tilia Street,Davis,CA,95616,,,Y,,Q
64540,TransAlta Corporation,"Box 1900, Station M 110 - 12th",Calgary,AB,T2P,Y,Y,Y,,Q
64541,CES Agawam Tuckahoe Solar LLC,675 3rd Avenue     ,New York,NY,10017,Y,Y,Y,,Q
64542,"Caden Energix Endless Caverns, LLC","1201 Wilson Blvd., Suite 2200",Arlington,VA,22209,Y,Y,Y,,Q
64545,Vesper Energy Development LLC,"125 E. John Carpenter Fwy, Sui",Irving,TX,75062,Y,Y,Y,,Q
64546,"Truman Solar, LLC","1601 Utica Ave South, Suite 10",St. Louis Park,MN,55416,Y,,,,Q
64547,"Waverly Solar, LLC","1201 Wilson Blvd., Suite 2200",Arlington,VA,22209,Y,Y,Y,,Q
64548,"Apple Grove Solar, LLC","1201 Wilson Blvd., Suite 2200",Arlington,VA,22209,Y,Y,Y,,Q
64549,Phare Garden LLC,"2836 Lyndale Ave, Suite 132",Minneapolis,MN,55408,Y,,,,Q
64550,UXI CSG Venture 2 8302 LLC,"1215 4th Ave, Suite 600",Seattle,WA,98161,Y,Y,Y,,Q
64551,UXI CSG Venture 3 8303 LLC,"1215 4th Ave, Suite 600",Seattle,WA,98161,Y,Y,Y,,Q
64552,UXI CSG Venture 4 8304 LLC,"1215 4th Ave, Suite 600",Seattle,WA,98161,Y,Y,Y,,Q
64553,Anaergia,705 Palomar Airport Road,Carlsbad,CA,92011,Y,Y,,,Q
64556,"TLS Capital, Inc",3519 NE 15th #325,Portland,OR,97212,,Y,,,Q
64558,OK Produce,1888 S. East Ave.,Fresno,CA,93721,Y,,,,COM
64559,"Hunter Solar, LLC","575 Fifth Ave., 35th Fl.",New York,NY,10017,Y,,Y,,Q
64560,"Charlemont MA, LLC","1601 Utica Ave South, Suite 10",St. Louis Park,MN,55416,Y,,,,Q
64561,"Fairhaven MA 1, LLC","1601 Utica Ave South, Suite 10",St. Louis Park,MN,55416,Y,,,,Q
64564,Byrd Ranch Storage LLC,500 West Madison Ste 1210,Chicago,IL,60661,Y,Y,Y,,Q
64568,"BT Noble Solar, LLC",8400 Normandale Lake Blvd,Bloomington,MN,55437,Y,Y,Y,,Q
64569,West Texas Solar Project II LLC,745 Fifth Ave,New York,NY,10151,Y,,Y,,Q
64570,Glass House Camarillo Cultivation,645 W. Laguna Rd.,Camarillo,CA,93012,,Y,,,COM
64572,"Hampstead Solar, LLC","1515 Wilson Blvd, Suite 300",Arlington,VA,22209,Y,Y,,,Q
64574,Yards Creek Energy,117 Walnut Valley Rd,Blairstown,NJ,07825,Y,,,,Q
64575,"Dickerson Power, LLC","24 Waterway Avenue, Suite 400",The Woodlands,TX,77380,Y,,,,Q
64576,"Chalk Point Power, LLC","24 Waterway Avenue, Suite 400",The Woodlands,TX,77380,Y,,,,Q
64577,Caden Energix Wytheville LLC,"1201 Wilson Blvd., Suite 2200",Arlington,VA,22209,Y,Y,Y,,Q
64578,Caden Energix Piney River LLC,"1201 Wilson Blvd., Suite 2200",Arlington,VA,22209,Y,Y,Y,,Q
64579,"Shasta Sustainable Resource Management, Inc.",20811 Industry Road,Anderson,CA,96007,Y,Y,,,Q
64580,BioUrja Renewables LLC,"1500 City West Blvd., Suite 70",Houston,TX,77042,Y,,,,IND
64585,"JDC 65R Owner, LLC",100 Justin Drive,Chelsea,MA,02150,Y,Y,,,COM
64587,"Renegade Renewables, LLC",1301 Walnut Green Rd,Greenville,DE,19807,Y,,,,Q
64602,DOCCS Midstate,9005 Old River Road,Marcy,NY,13403,Y,,,,Q
64603,DOCCS Eastern,10 Institution Road,Wawarsing,NY,12458,Y,,,,Q
64604,DOCCS Wende,Creekview Dr.,Alden,NY,14004,Y,,,,Q
64605,DOCCS Greenhaven,594 NY-216,Stormville,NY,12582,Y,,,,Q
64606,"Steward Creek Solar, LLC",321 E Main St,Charlottesville,VA,22902,Y,,,Y,Q
64607,Salt City Solar LLC,1360 Post Oak Blvd,Houston,TX,77056,Y,Y,Y,,Q
64608,Sun Valley Solar LLC,884 HCR 31110 S,Abbott,TX,76621,Y,Y,Y,,Q
64609,ENGIE Solidago Solar LLC,200 Dogtown Road,Townsend,DE,19734,Y,Y,Y,,Q
64610,"Powells Creek Farm Solar, LLC",1360 Post Oak Blvd,Houston,TX,77056,Y,Y,Y,,Q
64611,"Limestone Wind Project, LLC",1360 Post Oak Blvd.,Houston,TX,77056,Y,Y,Y,,Q
64612,"Sunnybrook Farm Solar, LLC",1360 Post Oak Blvd,Houston,TX,77056,Y,Y,Y,,Q
64614,Solar Avra Valley LLC,"4900 S. Scottsdale Road, Suite",Scottsdale,AZ,85251,Y,,,,Q
64615,Antares Group Inc,"2830 Solomons Island Rd, Suite",Edgewater,MD,21037,,Y,Y,Y,Q
64616,Broken Bow Wind LLC,"4900 S. Scottsdale Road, Suite",Scottsdale,AZ,85251,Y,,,,Q
64617,Alpine BESS LLC,"4900 S. Scottsdale Road, Suite",Scottsdale,AZ,85251,Y,,,,Q
64618,"Alta Wind I, LLC","4900 S. Scottsdale Road, Suite",Scottsdale,AZ,85251,Y,,,,Q
64620,"Alta Wind II, LLC","4900 S. Scottsdale Road, Suite",Scottsdale,AZ,85251,Y,,,,Q
64621,"Alta Wind III, LLC","4900 S. Scottsdale Road, Suite",Scottsdale,AZ,85251,Y,,,,Q
64622,"Alta Wind IV, LLC","4900 S. Scottsdale Road, Suite",Scottsdale,AZ,85251,Y,,,,Q
64623,"Alta Wind V, LLC","4900 S. Scottsdale Road, Suite",Scottsdale,AZ,85251,Y,,,,Q
64624,"Cedar Creek Wind, LLC",100 California St Suite 400,San Francisco,CA,94118,Y,,,,Q
64625,"MA CS Uxbridge, LLC",100 California St Suite 400,San Francisco,CA,94118,Y,,,,Q
64626,Star Peak Geothermal LLC.,4500 E. Frontage Road,Imlay,NV,89418,Y,Y,,,Q
64629,Clearway Renewable Operation & Maintenance LLC,"4900 N. Scottsdale Road, Suite",Scottsdale,AZ,85251,Y,,,,Q
64630,"DG Dighton, LLC","4900 S. Scottsdale Road, Suite",Scottsdale,AZ,85251,Y,,,,Q
64631,"Elkhorn Ridge Wind, LLC","4900 S. Scottsdale Road, Suite",Scottsdale,AZ,85251,Y,,,,Q
64632,"Forward Windpower, LLC","4900 S. Scottsdale Road, Suite",Scottsdale,AZ,85251,Y,,,,Q
64633,"Buffalo Bear, LLC","4900 S. Scottsdale Road, Suite",Scottsdale,AZ,85251,Y,,,,Q
64634,"Cedro Hill Wind, LLC","4900 S. Scottsdale Road, Suite",Scottsdale,AZ,85251,Y,,,,Q
64635,Solar Community I LLC,"4900 S. Scottsdale Road, Suite",Scottsdale,AZ,85251,Y,,,,Q
64636,"Crofton Bluffs Wind, LLC","4900 S. Scottsdale Road, Suite",Scottsdale,AZ,85251,Y,,,,Q
64638,DG Crystal Spring LLC,"4900 S. Scottsdale Road, Suite",Scottsdale,AZ,85251,Y,,,,Q
64640,"8500 Balboa PV, LLC",8500 Balboa Blvd,Northridge,CA,91406,Y,,,,Q
64641,"ICFTS MD Solar, LLC","1515 Wilson Blvd, Suite 300",Arlington,VA,22209,Y,Y,,,Q
64642,"Northbrook Virginia Hydro, LLC",14450 N Frank Lloyd Wright Blv,Scottsdale,AZ,85260,Y,,,,Q
64643,DG Foxborough Elm LLC,"4900 S. Scottsdale Road, Suite",Scottsdale,AZ,85251,Y,,,,Q
64644,Goat Wind LLC,"4900 S. Scottsdale Road, Suite",Scottsdale,AZ,85251,Y,,,,Q
64645,Goldfinch (Lakeland),"4900 S. Scottsdale Road, Suite",Scottsdale,AZ,85251,Y,,,,Q
64647,DG Haverhill LLC,"4900 S. Scottsdale Road, Suite",Scottsdale,AZ,85251,Y,,,,Q
64648,"High Lonesome Mesa, LLC","4900 S. Scottsdale Road, Suite",Scottsdale,AZ,85251,Y,,,,Q
64649,Laredo Ridge Wind LLC,"4900 S. Scottsdale Road, Suite",Scottsdale,AZ,85251,Y,,,,Q
64650,"Lookout Windpower, LLC","4900 S. Scottsdale Road, Suite",Scottsdale,AZ,85251,Y,,,,Q
64651,Mountain Wind Power LLC,"4900 S. Scottsdale Road, Suite",Scottsdale,AZ,85251,Y,,,,Q
64652,Mountain Wind Power II LLC,"4900 S. Scottsdale Road, Suite",Scottsdale,AZ,85251,Y,,,,Q
64655,"Appaloosa Run Wind, LLC",700 Universe Blvd,Juno Beach,FL,33408,Y,Y,,,Q
64657,"Vacherie Solar Energy Center, LLC","575 Fifth Ave., 35th Fl.",New York,NY,10017,Y,,Y,,Q
64658,"Solar Mule, LLC","4900 S. Scottsdale Road, Suite",Scottsdale,AZ,85251,Y,,,,Q
64659,"Solar Oasis, LLC","4900 S. Scottsdale Road, Suite",Scottsdale,AZ,85251,Y,,,,Q
64661,"Spanish Fork Wind Park 2, LLC","4900 S. Scottsdale Road, Suite",Scottsdale,AZ,85251,Y,,,,Q
64662,Spring Canyon Expansion LLC,"4900 S. Scottsdale Road, Suite",Scottsdale,AZ,85251,Y,,,,Q
64663,Taloga Wind LLC,"4900 S. Scottsdale Road, Suite",Scottsdale,AZ,85251,Y,,,,Q
64664,"DG Tufts Knoll, LLC","4900 S. Scottsdale Road, Suite",Scottsdale,AZ,85251,Y,,,,Q
64665,"DG Tufts Science, LLC","4900 S. Scottsdale Road, Suite",Scottsdale,AZ,85251,Y,,,,Q
64666,"DG Webster, LLC","4900 S. Scottsdale Road, Suite",Scottsdale,AZ,85251,Y,,,,Q
64668,"Wildorado Wind, LLC","4900 S. Scottsdale Road, Suite",Scottsdale,AZ,85251,Y,,,,Q
64669,"CPV Maple Hill Solar, LLC","8403 Colesville Road, Suite 91",Silver Spring,MD,20910,Y,,,,Q
64670,Gibson City Energy Center LLC,545 N Jordan Drive,Gibson City,IL,60936,,Y,,,Q
64673,"Ross County Solar, LLC",8400 Normandale Lake Boulevard,Bloomington,MN,55437,Y,Y,,,Q
64674,Noria Hondo Solar LLC,"2929 Allen Pkwy, 22nd Floor",Houston,TX,77019,Y,,,,Q
64676,"Macbeth Solar, LLC","201 Santa Monica Blvd, Suite 5",Santa Monica,CA,90401,Y,,,,Q
64677,"Lyons Road Solar, LLC","201 Santa Monica Blvd, Suite 5",Santa Monica,CA,90401,Y,,,,Q
64683,Ford Ridge,120 Garrett St,Charlottesville,VA,22902,Y,Y,,,Q
64684,Mulligan Solar,120 Garrett St,Charlottesville,VA,22902,Y,Y,,,Q
64689,"Emery Meadow Solar Station, LLC",179 Green St,Boston,MA,02130,Y,,,,Q
64690,Topsham Meadow Solar Station LLC,179 Green St,Boston,MA,02130,Y,,,,Q
64691,West Baldwin Solar Station LLC,179 Green St,Boston,MA,02130,Y,,,,Q
64696,"Luminace Solar Chicago, LLC","200 Liberty Street, 14 Floor",New York,NY,10281,Y,,,,Q
64697,POET Bioprocessing- Mitchell,40509 247th Street,Mitchell,SD,57301,Y,Y,,,IND
64698,"Renewable Solar, Inc",601 W Grangeville Blvd,Hanford,CA,93230,,Y,,,IND
64699,"OYA State Route 122, LLC","144 Front St West, Suite 700",Toronto,ON,M5J 2,Y,,,,Q
64700,"OYA Robinson Road, LLC","144 Front St West, Suite 700",Toronto,ON,M5J 2,Y,,,,Q
64701,Oswego Harbor Power,261 Washington Blvd.,Oswego,NY,13126,,Y,,,Q
64702,"Seaboard Energy California, LLC",31470 Avenue 12,Madera,CA,93638,Y,Y,,,IND
64703,"SR Snipesville II, LLC","222 2nd Ave. South, Suite 1900",Nashville,TN,37201,Y,Y,Y,,Q
64709,Potomac Energy Center LLC,20260 Energy Park Drive,Leesburg,VA,20175,,Y,,,Q
64719,Victoria Port Power II,2050 Old Bloomington Rd,Victoria,TX,77905,,Y,,,Q
64720,Orsted North America Inc.,"399 Boylston Street, 12th Floo",Boston,MA,02116,Y,Y,Y,,Q
64722,Allie L.L.C.,"200 Harborside Drive, Ste 200",Schenectady,NY,12305,Y,Y,Y,,Q
64724,"Lincoln Solar Star, LLC",1201 Louisiana Street,Houston,TX,77002,,,Y,,Q
64725,Bodega Avenue Solar LLC,818 Crystal Springs Rd,Hillsborough,CA,94010,Y,,,,Q
64726,"Rivers Electric, LLC",18 S. Wilcox Street,Castle Rock,CO,80104,Y,,,,Q
64728,Enernet Global,3 East 80th Street New York,New York,NY,10075,Y,,,,Q
64729,"Midway Green Solar, LLC",250 West 57th St,New York,NY,10107,Y,,,,Q
64730,"Flint Hills Resources Pine Bend, LLC",4111 E 37th St N,Wichita,KS,67220,Y,,,,IND
64731,County of Kern,1115 Truxtun Ave,Bakersfield,CA,93301,Y,Y,,,P
64736,"Beartooth Energy Storage, LLC","65 Enterprise, 3rd Floor",Aliso Viejo,CA,92656,Y,Y,Y,,Q
64738,"Hummingbird Energy Storage, LLC","65 Enterprise, 3rd Floor",Aliso Viejo,CA,92656,Y,Y,Y,,Q
64739,Black Walnut Energy Storage LLC,31333 Castaic Road,Castaic,CA,91384,Y,Y,Y,,Q
64740,"Santa Paula Energy Storage, LLC","65 Enterprise, 3rd Floor",Aliso Viejo,CA,92656,Y,Y,Y,,Q
64741,"Homestead Energy Storage, LLC","65 Enterprise, 3rd Floor",Aliso Viejo,CA,92656,Y,Y,Y,,Q
64742,"Mountain Air Projects, LLC","3636 Nobel Drive, Suite 260",San Diego,CA,92122,Y,Y,Y,,Q
64743,PPM Solar LLC,"2201 E Lamar Blvd, Ste 275",Arlington,TX,77381,Y,Y,Y,,Q
64744,"Boswell Wind, LLC","3636 Nobel Drive, Suite 260",San Diego,CA,92122,Y,Y,Y,,Q
64745,"KP Vacaville Solar, LLC","588 Broadway, Suite 1208",New York,NY,10012,,,Y,,COM
64746,"KP Sacramento Point West Medical Offices Solar, LLC","588 Broadway, Suite 1208",New York,NY,10012,,,Y,,COM
64747,"KP Rancho Cordova Medical Offices Solar, LLC","588 Broadway, Suite 1208",New York,NY,10012,,,Y,,COM
64752,"Perendale Holdings, LLC",11330 Vanstory Drive,Huntersville,SC,28078,Y,Y,,,Q
64754,Gilead Sciences Inc.,4010 Ocean Ranch Blvd,Oceanside,CA,92056,Y,Y,,,Q
64755,Gilead Sciences Inc. Foster City,333 Lakeside Dr,Foster City,CA,99404,Y,,,,Q
64758,SJRR   ,18511 Beaumont HWY,Houston,TX,77049,Y,,,,Q
64765,OYA Wayside Drive LLC,"144 Front St West, Suite 700",Toronto,ON,M5J 2,Y,,,,Q
64766,OYA Pulaski LLC,"144 Front St West, Suite 700",Toronto,ON,M5J 2,Y,,,,Q
64767,OYA Main Street LLC,"144 Front St West, Suite 700",Toronto,ON,M5J 2,Y,,,,Q
64768,OYA Church Road A LLC,"144 Front St West, Suite 700",Toronto,ON,M5J 2,Y,,,,Q
64775,"Harts Mills Solar, LLC","201 Santa Monica Blvd, Suite 5",Santa Monica,CA,90401,,Y,,,Q
64776,"Wolf Pit Branch Solar, LLC",130 Roberts Street,Asheville,NC,28801,Y,Y,Y,,Q
64778,"Strata Manager, LLC","800 Taylor St, Suite 200",Durham,NC,27701,,,Y,,Q
64779,"Cummins, Inc.",500 Jackson Street,Columbus,IN,47201,,,,Y,Q
64781,CP Bloom Wind LLC,1200-10423 101 Street NW,Edmonton,AB,T5H 0,Y,,,,Q
64782,Cardinal Point LLC,1200-10423 101 Street NW,Edmonton,AB,T5H 0,Y,,,,Q
64783,Spanish Peaks Solar LLC,1710 29th St  #1068,Boulder,CO,80301,,,,Y,Q
64784,Sims Metals,1 Linden Avenue East,Jersey City,NJ,07305,,Y,,,Q
64785,Sealed Air Corporation,1835 West Almond Avenue,Madera,CA,93627,Y,Y,,,IND
64788,"Big Cypress Solar, LLC",700 Universe Blvd,Juno Beach,FL,33408,Y,Y,Y,,Q
64790,"GD Johnson Scituate I, LLC","2000 Chapel View Boulevard, Su",Cranston,RI,02920,,Y,Y,,Q
64791,"GDIM 1, LLC","2000 Chapel View Boulevard, Su",Cranston,RI,02920,,Y,Y,,Q
64792,"GDIM 2, LLC","2000 Chapel View Boulevard, Su",Cranston,RI,02920,,Y,Y,,Q
64793,"GDIM 3, LLC","2000 Chapel View Boulevard, Su",Cranston,RI,02920,,Y,Y,,Q
64794,"GDIM 4, LLC","2000 Chapel View Boulevard, Su",Cranston,RI,02920,,Y,Y,,Q
64795,"Green Providence Wind I, LLC","2000 Chapel View Boulevard, Su",Cranston,RI,02920,,Y,Y,,Q
64796,"Green Providence Wind II, LLC","2000 Chapel View Boulevard, Su",Cranston,RI,02920,,Y,Y,,Q
64798,"Prudential Drive Investors, LLC","90 Woodbridge Center Drive, Su",Roseland,NJ,07095,Y,,,,COM
64799,Meadowlark Wind I LLC,1200-10423 101 Street NW,Edmonton,AB,T5H 0,Y,,,,Q
64800,"Nolin Hills Wind, LLC",1200-10423 101 Street NW,Edmonton,AB,T5H 0,Y,,,,Q
64801,"Storey Energy Center, LLC",700 Universe Blvd,Juno Beach,FL,33408,Y,Y,,,Q
64802,"Longbow Acquisition HoldCo, LLC",745 5th Ave 25th Floor,New York,NY,80205,Y,,,,Q
64804,"Ball Hill Wind Energy, LLC",838 Walker Road Suite 21-2,Dover,DE,19904,Y,,,,Q
64805,"Bluestone Wind, LLC",838 Walker Road Suite 21-2,Dover,DE,19904,Y,,,,Q
64806,"Western Plains Wind, LLC",3022 County Road 18,Oakley,KS,67748,Y,,,,IND
64807,"Herrema Dairy, LLC",9451 N. State Rd 10,Demotte,IN,46310,Y,Y,,,IND
64808,Verizon Communications,1194 Champions Drive,San Jose,CA,95110,Y,,,Y,Q
64809,Doc Brown LLC,210 Wesmond Dr,Alexandria,VA,22305,Y,Y,Y,,Q
64811,42nd Road Solar LLC,1515 Wilson Blvd,Arlington,VA,22209,Y,Y,,,Q
64812,"Power Depot Group A, LLC",1113 Vine Street. Suite 101,Houston,TX,77002,Y,,,,Q
64814,Anderson Erickson Dairy,2420 E. University Ave.,Des Moines,IA,50317,Y,Y,Y,,IND
64818,Kearsarge Acushnet LLC,"1380 Soldiers Field Road, Suit",Boston,MA,02135,Y,Y,Y,,Q
64819,Kearsarge Ludlow LLC,"1380 Soldiers Field Road, Suit",Boston,MA,02135,Y,Y,Y,,Q
64835,Tres Power Victoria LLC,1301 Willow Street,Victoria,TX,77901,Y,,,,Q
64837,"Kansas Ethanol, LLC",1630 Ave Q,Lyons,KS,67554,Y,,,,IND
64838,"Bear Grove Solar, LLC","101 Summer Street, 2nd Floor",Boston,MA,02110,Y,Y,Y,,Q
64839,"Dodge Renewables 1, LLC","101 Summer Street, 2nd Floor",Boston,MA,02110,Y,Y,Y,,Q
64840,"Dodge Renewables 2, LLC","101 Summer Street, 2nd Floor",Boston,MA,02110,Y,Y,Y,,Q
64841,ACC Renewable Resources,6133 Abel Road,Williams,CA,95987,Y,,,,Q
64842,Baron Winds II,701 Brazos Street,Austin,TX,78701,Y,Y,,,Q
64843,"Dakota County, MN",14955 Galaxie Avenue,Apple Valley,MN,55124,Y,Y,Y,,M
64844,"Bell Ridge Solar, LLC",PO Box 13198,North Palm Beach,FL,33408,Y,,,,Q
64845,"Gilead Sciences, Inc. - La Verne",1800 Wheeler Ave,La Verne,CA,91750,Y,,,,IND
64846,"Google, Inc.",1600 Amphitheatre Pkwy,Mountain View,CA,94043,Y,,,,Q
64847,"Inertia Wind Project, LLC",700 Universe Blvd,Juno Beach,FL,33408,Y,Y,Y,,Q
64848,"Maine DG Solar Baldwin, LLC","125 High Street, 17th Floor Hi",Boston,MA,02210,Y,,,,Q
64849,"Maine DG Solar Augusta, LLC","125 High Street, 17th Floor Hi",Boston,MA,02210,Y,,,,Q
64850,"Maine DG Solar Monmouth, LLC","125 High Street, 17th Floor Hi",Boston,MA,02210,Y,,,,Q
64851,"Sun Streams 2, LLC","125 High Street, 17th Floor Hi",Boston,MA,02210,Y,,Y,,Q
64872,"Distributed Solar Development, LLC",200 Harborside Dr,Schenectady,NY,12305,Y,Y,Y,,Q
64878,West Valley-Mission Community College District,1400 Fruitvale Avenue,Saratoga,CA,95070,Y,,,,Q
64880,"Dartmouth Farms Solar, LLC","101 Summer Street, 2nd Floor",Boston,MA,02110,Y,Y,Y,,Q
64881,"Foster Solar, LLC","101 Summer Street, 2nd Floor",Boston,MA,02110,Y,Y,Y,,Q
64882,"Webster Solar, LLC","101 Summer Street, 2nd Floor",Boston,MA,02110,Y,Y,Y,,Q
64883,"Whatley Renewables, LLC","101 Summer Street, 2nd Floor",Boston,MA,02110,Y,Y,Y,,Q
64884,"Wachusett Solar, LLC","101 Summer Street, 2nd Floor",Boston,MA,02110,Y,Y,Y,,Q
64888,"RT32 Westerlo Solar 1, LLC","101 Summer Street, 2nd Floor",Boston,MA,02110,Y,Y,Y,,Q
64889,"Brockelman Road Solar 2, LLC","101 Summer Street, 2nd Floor",Boston,MA,02110,Y,,,,Q
64890,"Cruise Solar, LLC",11330 Vanstory Drive,Huntersville,NC,28078,Y,Y,,,Q
64891,"Richlands Solar, LLC",11330 Vanstory Drive,Huntersville,NC,28078,Y,Y,,,Q
64893,Clean Energy Systems Mendota,400 Guillen Parkway,Mendota,CA,93640,Y,,,,IND
64894,Clean Energy Systems Delano,31500 Pond Rd,Delano,CA,93250,Y,,,,IND
64896,Clearwater Energy Resources LLC,700 Universe Blvd.,Juno Beach,FL,33408,Y,Y,,,Q
64897,"Generate ER-NG, LLC",1113 Vine Street. Suite 101,Houston,TX,77002,Y,,,,Q
64900,MN CSG 2019-38 DE LLC,"200 Harborside Drive, Ste 200",Schenectady,NY,12305,,Y,Y,,Q
64901,TPE MD MO32 LLC,"1515 Wilson Blvd, Suite 300",Arlington,VA,22209,Y,Y,,,Q
64902,TPE MD MO33 LLC,"1515 Wilson Blvd, Suite 300",Arlington,VA,22209,Y,Y,,,Q
64903,"Snowden River Parkway, LLC","1515 Wilson Blvd, Suite 300",Arlington,VA,22209,Y,Y,,,Q
64904,AES Clean Energy,282 Century Place Suite 2000,Louisville,CO,80027,Y,Y,Y,,Q
64905,"Solar Star Coastal Pirate, LLC","1201 Louisiana Street, Suite 1",Houston,TX,77002,Y,,,,Q
64910,"SR Greenville I, LLC","222 2nd Ave. South, Suite 1900",Nashville,TN,37201,Y,Y,Y,,Q
64911,"SR Greenville II, LLC","222 2nd Ave. South, Suite 1900",Nashville,TN,37201,Y,Y,Y,,Q
64912,"SR Bolivar, LLC","222 2nd Ave. South, Suite 1900",Nashville,TN,37201,Y,Y,Y,,Q
64913,"SR Paris, LLC","222 2nd Ave. South, Suite 1900",Nashville,TN,37201,Y,Y,Y,,Q
64914,"SR Jackson II, LLC","222 2nd Ave. South, Suite 1900",Nashville,TN,37201,Y,Y,Y,,Q
64915,"SR McKellar, LLC","222 2nd Ave. South, Suite 1900",Nashville,TN,37201,Y,Y,Y,,Q
64916,"SR Bell Buckle, LLC","222 2nd Ave. South, Suite 1900",Nashville,TN,37201,Y,Y,Y,,Q
64917,"Rayos del Sol Solar Project, LLC",400 Spectrum Center Dr. Ste 14,Irvine,CA,92618,Y,,,,Q
64918,"EF NY CDG 011, LLC","1 Bridge Street, Suite 11",Irvington,NY,10533,Y,,Y,,Q
64919,"EF NY CDG 003, LLC","1 Bridge Street, Suite 11",Irvington,NY,10533,Y,,Y,,Q
64920,"EF NY CDG 001, LLC","1 Bridge Street, Suite 11",Irvington,NY,10533,Y,,Y,,Q
64921,"EF NY CDG 002, LLC","1 Bridge Street, Suite 11",Irvington,NY,10533,Y,,Y,,Q
64922,"EF NY CDG 007, LLC","1 Bridge Street, Suite 11",Irvington,NY,10533,Y,,Y,,Q
64924,"IP Lumina, LLC","9450 Southwest Gemini Drive, P",Beaverton,OR,97008,Y,Y,Y,Y,Q
64925,"MA CS Dighton, LLC","228 Park Ave S, PMB 2335",New York,NY,10003,Y,Y,Y,,Q
64926,Croton Solar LLC,116 North Main Street,Concord,NH,03301,Y,Y,Y,,Q
64927,"IP Lumina II, LLC","9450 Southwest Gemini Drive, P",Beaverton,OR,97008,Y,Y,,Y,Q
64930,ENGIE 2020 ProjectCo-WI1 LLC,225 W. Hubbard St,Chicago,IL,60654,Y,Y,Y,,Q
64931,"Texas Solar Nova 1, LLC",100 California St,San Francisco,CA,94118,Y,,,,Q
64932,"Texas Solar Nova 2, LLC",100 California St,San Francisco,CA,94118,Y,,,,Q
64933,"Solar Star River SLB, LLC",8900 Amberglen Blvd,Austin,TX,78729,,,Y,,Q
64934,"Chiquito Grid, LLC","600 W Fulton St, Suite 510",Chicago,IL,60661,Y,Y,Y,,Q
64935,"Ortega Grid, LLC","600 W Fulton St, Suite 510",Chicago,IL,60661,Y,Y,Y,,Q
64936,"San Jacinto Grid, LLC","600 W Fulton St, Suite 510",Chicago,IL,60661,Y,Y,Y,,Q
64937,Hecate Energy Desert Storage 1 LLC,"600 W Fulton St, Suite 510",Chicago,IL,60661,Y,Y,Y,,Q
64938,"Faunce Corner Road Dartmouth Solar 1, LLC",100 California St,San Francisco,CA,94118,Y,,,,Q
64939,"Ventura Drive Dartmouth Solar 1, LLC",100 California St,San Francisco,CA,94118,Y,,,,Q
64940,"Cattail Solar, LLC",100 California St,San Francisco,CA,94118,Y,,,,Q
64946,EDPR CA Solar Park LLC,"1501 McKinney Street, Suite 13",Houston,TX,77010,Y,Y,Y,,Q
64947,EDPR CA Solar Park II LLC,"1501 McKinney Street, Suite 13",Houston,TX,77010,Y,Y,Y,,Q
64948,"Canal Energy S23, LLC","880 Apollo Street, Suite 333",El Segundo,CA,90245,,,Y,,Q
64950,"LI Solar Generation, LLC",700 Universe Blvd,Juno Beach,FL,33408,Y,Y,,,Q
64951,"Warren Meadow Solar Station, LLC",179 Green St,Boston,MA,02130,Y,,,,Q
64952,"Turner Meadow Solar Station, LLC",179 Green St,Boston,MA,02130,Y,,,,Q
64953,"Putnam Meadow Solar Station, LLC",179 Green St,Boston,MA,02130,Y,,,,Q
64954,Contango Oil and Gas,P.O. Box 569,Powell,WY,82435,Y,,,,Q
64961,"Koosh, Inc.",714 Third Ave E,Gooding,ID,83330,Y,,,,Q
64966,"Vikings Energy Farm, LLC",8800 N Gainey Center Dr,Scottsdale,AZ,85258,Y,Y,Y,,Q
64967,Contour Global,609 Main Street,Houston,TX,77002,Y,Y,Y,,I
64969,Meadow Lake Solar Park,"801 E. 86th Ave.,",Merrillville,IN,46410,Y,,,,I
64970,Hecate Grid Humidor Storage 1 LLC,"600 W Fulton St, Suite 510",Chicago,IL,60661,Y,Y,Y,,Q
64971,IP Oberon LLC,"9450 Southwest Gemini Drive, P",Beaverton,OR,97008,Y,Y,,Y,Q
64972,"IP Oberon II, LLC","9450 Southwest Gemini Drive, P",Beaverton,OR,97008,Y,Y,,Y,Q
64976,Great Prairie Wind LLC,700 Universe Blvd.,Juno Beach,FL,33408,Y,Y,,,Q
64978,Hecate Grid Carris Storage 1 LLC,"600 W Fulton St, Suite 510",Chicago,IL,60661,Y,Y,Y,,Q
64979,"Kossuth County Wind, LLC",700 Universe Blvd,Juno Beach,FL,33408,Y,Y,,,Q
64980,"Long Plain Solar, LLC","101 Summer Street, 2nd Floor",Boston,MA,02110,Y,Y,Y,,Q
64981,"Settlers Solar, LLC","101 Summer Street, 2nd Floor",Boston,MA,02110,Y,Y,Y,,Q
64982,"Griffin Road Solar 2, LLC","101 Summer Street, 2nd Floor",Boston,MA,02110,Y,Y,Y,,Q
64984,"Woodland Avenue Solar 1, LLC","101 Summer Street, 2nd Floor",Boston,MA,02110,Y,Y,Y,,Q
64985,"RT405 Westerlo Solar 2, LLC","101 Summer Street, 2nd Floor",Boston,MA,02110,Y,Y,Y,,Q
64986,"LR Wheatfield Solar 1, LLC","101 Summer Street, 2nd Floor",Boston,MA,02110,Y,Y,Y,,Q
64987,"Pendleton Solar 1, LLC","101 Summer Street, 2nd Floor",Boston,MA,02110,Y,Y,Y,,Q
64988,"Rockford CS 2, LLC","101 Summer Street, 2nd Floor",Boston,MA,02110,Y,Y,Y,,Q
64989,Great Pathfinder Wind,120 Garret St,Charlottesville,VA,22902,Y,Y,,,Q
64990,"Rockford CS 1, LLC","101 Summer Street, 2nd Floor",Boston,MA,02110,Y,Y,Y,,Q
64992,"Sunflower Energy Center, LLC","401 North Michigan Avenue, Sui",Chicago,IL,60611,Y,Y,Y,,Q
64994,SolRiver Capital LLC,700 17th Street,Denver,CO,80202,,,Y,,Q
64995,"Victory Pass I, LLC",100 California St,San Francisco,CA,94118,Y,,,,Q
64996,"Arica Solar, LLC",100 California St,San Francisco,CA,94118,Y,,,,Q
64998,"Deerfield Wind Energy 2, LLC",3737 Redman Road,Port Hope,MI,48468,Y,Y,Y,,Q
65002,"Carnes Creek Solar, LLC",5600 S. Quebec St. Suite D320,Greenwood Village,CO,80111,Y,,Y,,Q
65003,"Cosper Creek Solar, LLC",5600 S. Quebec St. Suite D320,Greenwood Village,CO,80111,Y,,Y,,Q
65004,"Fruitland Creek Solar, LLC",5600 S. Quebec St. Suite D320,Greenwood Village,CO,80111,Y,,,,Q
65005,"Kaiser Creek Solar, LLC",5600 S. Quebec St. Suite D320,Greenwood Village,CO,80111,Y,,,,Q
65006,"Linkville Solar, LLC",5600 S. Quebec St. Suite D320,Greenwood Village,CO,80111,Y,,,,Q
65007,"Sandy River Solar, LLC",5600 S. Quebec St. Suite D320,Greenwood Village,CO,80111,Y,,,,Q
65008,"Sesqui-C Solar, LLC",5600 S. Quebec St. Suite D320,Greenwood Village,CO,80111,Y,,,,Q
65009,"Ahern Community Solar I, LLC",333 Washington St,Jersey City,NJ,07320,Y,,,,Q
65010,"SolAmerica Energy, LLC","190 Ottley Dr NE, Studio H",Atlanta,GA,30324,,Y,,Y,Q
65011,"El Sauz Ranch Wind, LLC",120 Garrett St,Charlottesville,VA,22902,Y,Y,,,Q
65012,"Buffalo Ridge Wind, LLC",700 Universe Blvd,Juno Beach,FL,33408,Y,,,,Q
65013,"Young Wind, LLC",700 Universe Blvd,Juno Beach,FL,33408,Y,Y,,,Q
65014,"Waco Solar, LLC",700 Universe Blvd,Juno Beach,FL,33408,Y,Y,Y,,Q
65015,"Walleye Wind, LLC",700 Universe Blvd,Juno Beach,FL,33408,Y,Y,,,Q
65016,"High River Energy Center, LLC",700 Universe Blvd,Juno Beach,FL,33408,Y,Y,Y,,Q
65018,"East Point Energy Center, LLC",700 Universe Blvd,Juno Beach,FL,33408,Y,Y,Y,,Q
65023,Ventura Solar LLC,330 SW 43rd St STE K-225,Renton,WA,98057,Y,,,,Q
65024,"Alden Road Harvard Solar 1, LLC",101 Summer Street,Boston,MA,02110,Y,Y,Y,,Q
65028,Little Falls Solar,101 Summer Street,Boston,MA,02110,Y,Y,Y,,Q
65029,"Little Falls Solar 1, LLC",101 Summer Street,Boston,MA,02110,Y,Y,Y,,Q
65030,"Cream Street Solar, LLC",101 Summer Street,Boston,MA,02110,Y,Y,Y,,Q
65032,"1639 RT 29 Solar 1, LLC",101 Summer Street,Boston,MA,02110,Y,Y,Y,,Q
65033,"1639 RT 29 Solar 2, LLC",101 Summer Street,Boston,MA,02110,Y,Y,Y,,Q
65038,"Magdaline Solar, LLC",333 Washington Street,Jersey City,NJ,07302,Y,,,,Q
65039,"Bishopville Solar II, LLC",333 Washington Street,Jersey City,NJ,07302,Y,,,,Q
65040,"Hickson Solar, LLC",333 Washington Street,Jersey City,NJ,07302,Y,,,,Q
65041,"Ogburn Solar, LLC",333 Washington Street,Jersey City,NJ,07302,Y,,,,Q
65043,Madison Energy Investments LLC,"8100 Boone Avenue, Suite 310",Vienna,VA,22182,Y,Y,Y,,Q
65044,"Castle Gap Wind Power, LLC","470 Atlantic Avenue, Suite 601",Boston,MA,02210,Y,,,,Q
65049,Elba Solar LLC,N27 W24025 Paul Ct Suite 100,Pewaukee,WI,53072,Y,Y,,,Q
65050,SV CSG South Dekalb 1 LLC,N27 W24025 Paul Ct Suite 100,Pewaukee,WI,53072,Y,Y,,,Q
65051,SV CSG South Dekalb 2 LLC,N27 W24025 Paul Ct Suite 100,Geneva,IL,60134,Y,Y,,,Q
65052,Limestone CSG 1 LLC,N27 W24025 Paul Ct Suite 100,Pewaukee,WI,53072,Y,Y,,,Q
65053,Limestone CSG 2 LLC,N27 W24025 Paul Ct Suite 100,Pewaukee,WI,53072,Y,Y,,,Q
65054,Easton CSG 1 LLC,N27 W24025 Paul Ct Suite 100,Pewaukee,WI,53072,Y,Y,,,I
65055,"Concho Valley Solar, LLC",1489 W Warm Springs RD 110,Henderson,NV,89014,,,Y,,Q
65056,NY - Mines Press,231 Croton Avenue,Cortlandt,NY,10567,Y,,,,Q
65057,SV CSG Barrass Farms II LLC,N27 W24025 Paul Ct Suite 100,Pewaukee,WI,53072,Y,Y,,,I
65058,SV CSG Baileyville 1 LLC,N27 W24025 Paul Ct Suite 100,Pewaukee,WI,53072,Y,Y,Y,,Q
65059,"Sunlight Storage, LLC",700 Universe Blvd,Juno Beach,FL,33408,Y,Y,,,Q
65060,BPL Crown Solar LLC,8500 Andrew Carnegie Boul.,Charlotte,NC,28262,Y,Y,Y,,Q
65061,BPL Sol Solar LLC,8500 Andrew Carnegie Boul.,Charlotte,NC,28262,,Y,,,Q
65067,"233 Randolph 74 Solar I, LLC",11330 Vanstory Drive,Huntersville,SC,28078,Y,Y,,,Q
65068,"Limelight Solar I, LLC",11330 Vanstory Drive,Huntersville,NC,28078,Y,Y,,,Q
65069,"Clear Solar I, LLC",11330 Vanstory Drive,Huntersville,NC,28078,Y,Y,,,Q
65071,"SloughHouse Solar, LLC","575 Fifth Ave., 35th Fl.",New York,NY,10017,Y,,,,Q
65072,"Sacramento Valley Energy Center, LLC","575 Fifth Ave., 35th Fl.",New York,NY,10017,Y,,,,Q
65076,"HEN Infrastructure, L.L.C.",1900 N. Akard,Dallas,TX,75201,Y,Y,Y,,Q
65077,SV CSG Baileyville 2 LLC,N27 W24025 Paul Ct Suite 100,Pewaukee,WI,53072,Y,Y,Y,,Q
65079,Solar Proponent LLC,"9111 Jollyville Road, Ste.115",Austin,TX,78759,Y,,,,Q
65080,Elio Energy LLC,155 Federal St,Boston,MA,02110,Y,,,,Q
65081,Oriana Solar LLC,155 Federal St,Boston,MA,02110,Y,,,,Q
65082,Orange Grove,155 Federal St,Boston,MA,02110,Y,,,,Q
65084,Eldora Energy LLC,155 Federal St,Boston,MA,02110,Y,,,,Q
65086,"Landrace Holdings, LLC",130 Roberts Street,Asheville,NC,28801,Y,Y,Y,,Q
65087,"SMS DC CS01B, LLC",51-53 South Broad Street,Ridgewood,NJ,07450,,Y,,,Q
65088,"Nighthawk Energy Storage, LLC","8800 N. Gainey Center Dr., Sui",Scottsdale,AZ,85258,Y,,Y,,Q
65089,"DG Penwell North, LLC",700 Universe Blvd.,Juno Beach,FL,33408,Y,Y,,,Q
65091,"Rosebud Solar, LLC","120 Garrett St., Ste 700",Charlottesville,VA,22902,Y,Y,,,Q
65092,"Springwater Solar, LLC","120 Garrett St., Ste 700",Charlottesville,CA,22902,Y,Y,,,Q
65093,"RPCA Storage 1, LLC","44 Montgomery Street, Suite 31",San Francisco,CA,94104,Y,,Y,,Q
65095,Unison Energy LLC,22 West Putnam Ave,Greenwich,CT,06830,Y,Y,Y,,Q
65096,"Hatchery Solar, LLC","106 Isabella Street, Suite 400",Pittsburgh,PA,15212,Y,Y,,,Q
65097,"Gans Solar, LLC","106 Isabella Street, Suite 400",Pittsburgh,PA,15212,Y,Y,Y,,Q
65098,"Pechin Solar, LLC","106 Isabella Street, Suite 400",Pittsburgh,PA,15212,Y,Y,Y,,Q
65099,"Porter Solar, LLC",130 Roberts St.,Asheville,NC,28801,Y,Y,Y,,Q
65100,"Listonburg Solar, LLC","106 Isabella Street, Suite 400",Pittsburgh,PA,15212,Y,Y,Y,,Q
65102,"Clear View Solar, LLC","106 Isabella Street, Suite 400",Pittsburgh,PA,15212,Y,Y,,,Q
65103,"Highbanks Solar, LLC","106 Isabella Street, Suite 400",Pittsburgh,PA,15212,Y,Y,,,Q
65104,"Vermillion Rise Solar, LLC",225 North Shore Dr,Pittsburgh,PA,15212,Y,Y,,,Q
65105,"Peeler Solar, LLC","120 Garrett St., Ste 700",Charlottesville,VA,22902,Y,Y,,,Q
65110,Winding Stair Wind,"120 Garrett St., Ste 700",Charlottesville,VA,22902,Y,Y,,,Q
65112,"TotalEnergies Distributed Generation, LLC","1414 Harbour Way South, Ste. 1",Richmond,CA,94804,,,,Y,Q
65113,Grey Fox Wind,"120 Garrett St., Ste 700",Charlottesville,VA,22902,Y,Y,,,Q
65114,"Rocking R Solar, LLC","575 Fifth Ave., 35th Fl.",New York,NY,10017,Y,,,,Q
65116,"Discovery Wind, LLC","120 Garrett St., Ste 700",Charlottesville,VA,22902,Y,Y,,,Q
65117,Hecate Energy Upshur Rural LLC,621 W. Randolph St.,Chicago,IL,60661,Y,Y,Y,,Q
65118,AlphaStruxure Service Co LP,455 Grand Union Blvd,Somerville,MA,02145,,Y,Y,,Q
65120,Kearsarge Smithfield LLC,1380 Soldiers Field Rd,Boston,MA,02135,Y,Y,Y,,Q
65121,Kearsarge West Shore Solar LLC,1380 Soldiers Field Rd,Boston,MA,02135,Y,Y,Y,,Q
65122,Kearsarge Beverly LLC,1380 Soldiers Field Rd,Boston,MA,02135,Y,Y,Y,,Q
65123,"Tres Bahias Solar Power, LLC","470 Atlantic Ave, Suite 601",Boston,MA,02210,Y,,,,Q
65124,Plum Nellie Wind Farm LLC,"1501 McKinney Street, Suite 13",Houston,TX,77010,Y,,,,Q
65127,VESI 24 LLC,6884 Sierra Center Parkway,Reno,NV,89511,Y,Y,,,Q
65128,VESI 25 LLC,6884 Sierra Center Parkway,Reno,NV,89511,Y,Y,,,Q
65129,VESI 21 LLC,6884 Sierra Center Parkway,Reno,NV,89511,Y,Y,,,Q
65130,Tesoro Marketing & Refining Co. LLC (Martinez),539 S. Main Street,Findlay,OH,45840,Y,,,,Q
65131,"Mammoth North, LLC","2 Logan Square, Suite 1830",Philadelphia,PA,19103,Y,,,,Q
65144,"Samsung C&T Renewables, LLC","17785 Center Court Drive, Suit",Cerritos,CA,90703,Y,,,,Q
65145,Shadow Wolf Energy,25121 Sierra Hwy,Santa Clarita,CA,91321,,Y,,,Q
65146,Rainbow Energy Center,2875 Third Street SW,Underwood,ND,58576,Y,Y,,,I
65147,"Java Solar, LLC",700 Universe Blvd,Juno Beach,FL,33408,Y,Y,,,Q
65148,"Seven Cowboy Wind Project, LLC","100 Brickstone Square, Suite 3",Andover,MA,01810,Y,Y,Y,,Q
65153,BBCP Kauai Operating LLC,P.O. Box 669,Hanapepe,HI,96716,,Y,,Y,I
65154,Phelan Solar LLC,800 Gessner Road,Houston,TX,77024,Y,Y,Y,,Q
65155,The Greater Light USA LLC,2201 Market Street,Galveston,TX,77550,Y,Y,Y,,Q
65156,Kankakee Solar 2 LLC,"1515 Wilson Blvd, Suite 300",Arlington,VA,22209,Y,Y,,,Q
65157,"Garcitas Creek Solar, LLC","1000 Main, Suite 3100",Houston,TX,77002,Y,,,,Q
65158,Elora LLC,"200 Harborside Drive, Ste 200",Schenectady,NY,12305,,Y,Y,,Q
65159,"BT Generation Holdings, LLC",2 Tanner St,Lowell,MA,01852,Y,,,,Q
65160,Norton Powerhouse 2,1 New Bond Street,Worcester,MA,01615,Y,Y,Y,,IND
65161,South Garden LLC,2836 Lyndale Ave S,Minneapolis,MN,55408,Y,,,,Q
65164,CleanCapital Holdings,"370 Lexington Avenue, #2100",New York,NY,10017,Y,Y,Y,,Q
65165,ibV Energy Partners,777 Brickell Ave. Suite 500,Miami,FL,33131,Y,,,,Q
65166,"Bronco Plains Wind II, LLC",700 Universe Blvd,Juno Beach,FL,33408,,Y,,,Q
65168,"Desert Peak Energy Storage I, LLC",700 Universe Blvd,Juno Beach,FL,33408,Y,Y,Y,,Q
65169,"Desert Peak Energy Storage II, LLC",700 Universe Blvd.,Juno Beach,FL,33408,Y,Y,Y,,Q
65170,"Bio Town Biogas, LLC",402 W 100 N,Reynolds,IN,47980,Y,,,,IND
65172,Titlow Garden LLC,"2303 Wycliff Street, Suite 300",St. Paul,MN,55114,Y,Y,Y,,Q
65173,United States Solar Corporation,"2150 Post Road, Suite 505",Fairfield,CT,06824,Y,Y,,,Q
65178,"Limelight Solar III, LLC",11330 Vanstory Drive,Huntersville,NC,28078,Y,Y,,,Q
65179,"SolarGen of South Carolina, LLC",4100 E. Mississippi Ave,Denver,CO,80246,Y,,,,Q
65180,Cedar Island Solar LLC,999 West Main St,Boise,ID,83702,,,Y,,Q
65181,House Mountain,1108 Lavaca Street,Austin,TX,78701,Y,Y,Y,,Q
65182,Flower Valley II,1108 Lavaca Street,Austin,TX,78701,Y,Y,Y,,Q
65183,Swoose II,1108 Lavaca Street,Austin,TX,78701,Y,Y,Y,,Q
65184,Crossett Power Management LLC,1108 Lavaca Street,Austin,TX,79701,Y,Y,Y,,Q
65185,"Maine DG Solar Harmony, LLC","125 High Street, 17th Floor Hi",Boston,MA,02210,Y,,,,Q
65187,Odessa Energy Services LLC,242 E. Main Street #201,Hermiston,OR,97838,,,Y,,Q
65188,Ballantyne LLC,200 Harborside Drive #200,Schenectady,NY,12305,,,Y,,Q
65189,Cascade Solar LLC,200 Harborside Drive #200,Schenectady,NY,12305,,,Y,,Q
65190,Cannon River LLC,200 Harborside Drive #200,Schenectady,NY,12305,,,Y,,Q
65195,Westlake Chemicals & Vinyls LLC,26100 Hwy 405 S,Plaquemine,LA,70764,Y,,,,IND
65196,"Lyons Solar, LLC","1414 Raleigh Road, Suite 210",Chapel Hill,NC,27517,Y,,,,Q
65197,"Clay FC, LLC",101 Summer Street,Boston,MA,02110,Y,Y,,,Q
65198,"IL Sidney Project1, LLC",101 Summer Street,Boston,MA,02110,Y,Y,Y,,Q
65199,"IL West Hallock Project1, LLC",101 Summer Street,Boston,MA,02110,Y,Y,Y,,Q
65200,"Sugar Hill Solar 1, LLC",101 Summer Street,Boston,MA,02210,Y,Y,Y,,Q
65201,"3104 Batavia Solar, LLC",101 Summer Street,Boston,MA,02210,Y,Y,Y,,Q
65202,"3232 Batavia Solar, LLC",101 Summer Street,Boston,MA,02210,Y,Y,Y,,Q
65204,"Niagara Depot Solar, LLC",101 Summer Street,Boston,MA,02110,Y,Y,Y,,Q
65205,Eureka South Solar LLC,101 Summer Street,Boston,MA,02110,Y,Y,Y,,Q
65206,Eureka North Solar LLC,101 Summer Street,Boston,MA,02110,Y,Y,Y,,Q
65207,"Arctaris Saddleback Solar, LLC",101 Summer Street,Boston,MA,02110,Y,Y,Y,,Q
65208,"TPE RI WA2, LLC",101 Summer Street,Boston,MA,02110,Y,Y,Y,,Q
65209,"TPE RI WA1, LLC",101 Summer Street,Boston,MA,02110,Y,Y,Y,,Q
65210,"Bird Dog Solar, LLC",1414 Raleigh Rd,Chapel Hill,NC,27517,Y,,,,Q
65211,"Blackwater Solar, LLC",1414 Raleigh Rd,Chapel Hill,NC,27517,Y,,,,Q
65212,"Hobnail Solar, LLC",1414 Raleigh Rd,Chapel Hill,NC,27517,Y,,,,Q
65213,"Wolfskin Solar, LLC",1414 Raleigh Rd,Chapel Hill,NC,27517,Y,,,,Q
65214,"Solar Star Prime 6, LLC",77 Rio Robles,San Jose,CA,95134,,,Y,,Q
65218,"Glover Creek Solar, LLC",130 Roberts St,Asheville,NC,28801,Y,Y,Y,,Q
65220,"Middleton Biogas Solar, LLC","470 W 78th Street, Suite 250",Chanhassen,MN,55317,Y,Y,,,Q
65221,"Brazoria County Solar Project, LLC","1200 Smith Street, Suite 1700",Houston,TX,77002,,,Y,,Q
65223,"Generate Colchester Fuel Cells, LLC","560 Davis Street, Suite 250",San Francisco,CA,94111,Y,,,,Q
65225,"Eight Point Wind, LLC",700 Universe Blvd,Juno Beach,FL,33408,Y,Y,,,Q
65226,"FGE Goodnight I, LLC",4690 HWY 207,Claude,TX,79019,Y,,,,Q
65227,"Cathcart Solar, LLC",130 Roberts St,Asheville,NC,28801,Y,Y,Y,,Q
65233,"NSF Angelica Site 1, LLC",700 Universe Blvd,Juno Beach,FL,33408,Y,Y,,,Q
65234,"Kapolei Energy Storage I, LLC",1237 9th Ave,San Francisco,CA,94122,Y,,,,Q
65235,"NSF Angelica Site 2, LLC",700 Universe Blvd,Juno Beach,FL,33408,Y,Y,,,Q
65236,"NSF Angelica Site 3, LLC",700 Universe Blvd,Juno Beach,FL,33408,Y,Y,,,Q
65237,"NSF Angelica Site 4, LLC",700 Universe Blvd,Juno Beach,FL,33408,Y,Y,,,Q
65238,"West Valley Solar, LLC",700 Universe Blvd.,Juno Beach,FL,33408,Y,Y,,,Q
65239,"Hallador Power Company, LLC",1183 E Canvasback Drive,Terra Haute,IN,47802,Y,,,,Q
65240,"Sequitur Renewables, LLC","200 Clarendon Street, 55th Flo",Boston,MA,02116,Y,,,,Q
65242,"Scale Sustainable I, LLC",51-53 S Broad Street,Ridgewood,NJ,07450,Y,Y,Y,,Q
65245,"Terreva Wayne County RNG, LLC",460B South Landfill Road,Dudley,NC,28333,Y,Y,,,Q
65246,"Marlborough Solar, LLC",101 Summer Street,Boston,MA,02210,Y,Y,Y,,Q
65247,"Lenox Renewables, LLC",101 Summer Street,Boston,MA,02110,Y,Y,Y,,Q
65248,"OE IL Solar 3, LLC",101 Summer Street,Boston,MA,02110,Y,Y,Y,,Q
65249,"French Road Solar II, LLC",101 Summer Street,Boston,MA,02210,Y,Y,Y,,Q
65250,"Rafterville Solar, LLC",101 Summer Street,Boston,MA,02110,Y,Y,Y,,Q
65251,"Rockford Solar, LLC",101 Summer Street,Boston,MA,02110,Y,Y,Y,,Q
65252,"Blacksmith Road Solar 1, LLC",101 Summer Street,Boston,MA,02110,Y,Y,Y,,Q
65253,"Electric Avenue Lunenburg Solar 1, LLC",101 Summer Street,Boston,MA,02110,Y,Y,Y,,Q
65254,"Harbor Road Solar 1, LLC",101 Summer Street,Boston,MA,02110,Y,Y,Y,,Q
65255,"Milo CSG, LLC",101 Summer Street,Boston,MA,02110,Y,Y,Y,,Q
65256,"Solar Star Urbana Landfill East, LLC",101 Summer Street,Boston,MA,02210,Y,Y,Y,,Q
65257,"Solar Star Urbana Landfill Central, LLC",101 Summer Street,Boston,MA,02110,Y,Y,Y,,Q
65258,"Livermore Falls CSG, LLC",101 Summer Street,Boston,MA,02110,Y,Y,Y,,Q
65265,Repsol Renewables NA,2455 Technology Forest Blvd,The Woodlands,TX,77381,Y,Y,Y,,Q
65266,Putah Creek Solar Farms LLC,PO Box 605,Winters,CA,95694,Y,,,,Q
65268,"Moraine Sands Wind Power, LLC","100 King Street West, Suite 70",Toronto,ON,M5X 1,Y,Y,Y,,Q
65269,"Blue Elk IV Solar, LLC","575 Fifth Ave., 35th Fl.",New York,NY,10017,Y,,,,Q
65270,"Blue Elk I Solar, LLC","575 Fifth Ave., 35th Fl.",New York,NY,10017,Y,,,,Q
65271,"Blue Elk II Solar, LLC","575 Fifth Ave., 35th Fl.",New York,NY,10017,Y,,,,Q
65272,"Blue Elk III Solar, LLC","575 Fifth Ave., 35th Fl.",New York,NY,10017,Y,,,,Q
65273,"Blue Elk VII Solar, LLC","575 Fifth Ave., 35th Fl.",New York,NY,10017,Y,,,,Q
65274,"Midcontinent Solar, LLC","575 Fifth Ave., 35th Fl.",New York,NY,10017,Y,,,,Q
65275,"Greenstone Solar, LLC","575 Fifth Ave., 35th Fl.",New York,NY,10017,Y,,,,Q
65276,"Newport Solar, LLC",One Energy Plaza,Jackson,MI,49201,Y,Y,Y,,Q
65280,"Babbitt Ranch Energy Center, LLC",700 Universe Blvd.,Juno Beach,FL,33408,Y,Y,Y,,Q
65281,"Horus Louisiana 1, LLC",615 Crescent Executive Court S,Lake Mary,FL,32746,Y,,,,Q
65282,Prairie Switch Wind LLC,6445 CR 421,El Campo,TX,77437,,,Y,,Q
65288,"West Line Solar, LLC",2180 South 1300 East,Salt Lake City,UT,84106,Y,Y,Y,,Q
65293,"Bartonsville Energy Facility, LLC","575 Fifth Ave., 35th Fl.",New York,NY,10017,Y,,,,Q
65295,"High Banks Wind, LLC",700 Universe Blvd.,Juno Beach,FL,33408,Y,Y,,,Q
65296,UB Fuel Cell,446 University Ave,Bridgeport,CT,06604,Y,,Y,,COM
65297,Central CA Fuel Cell 1,1875 S West Street,Tulare,CA,93274,Y,,,,Q
65300,"Agriwind Holdings, LLC",549 South Street,Quincy,MA,02169,Y,Y,,,Q
65302,"Ponderosa Wind II, LLC",700 Universe Blvd.,Juno Beach,FL,33408,Y,Y,Y,,Q
65303,"SR McNeal, LLC","222 2nd Ave. South, Suite 1900",Nashville,TN,37201,Y,Y,Y,,Q
65304,"SR Ailey, LLC","222 2nd Ave. South, Suite 1900",Nashville,TN,37201,Y,Y,Y,,Q
65305,"Clean Focus Yield, LLC","150 Mathilda Place, Suite 206",Sunnyvale,CA,94086,Y,Y,Y,,Q
65306,"SR DeSoto II, LLC","222 2nd Ave. South, Suite 1900",Nashville,TN,37201,Y,Y,Y,,Q
65307,"SR Snipesville III, LLC","222 2nd Ave. South, Suite 1900",Nashville,TN,37201,Y,Y,Y,,Q
65308,Cattlemen Solar Park LLC,"1501 McKinney Street, Suite 13",Houston,TX,77010,Y,Y,Y,,Q
65311,"Clearwater Wind East, LLC",700 Universe Blvd,Juno Beach,FL,33408,Y,Y,Y,,Q
65312,"Clearwater Wind II, LLC",700 Universe Blvd,Juno Beach,FL,33408,Y,Y,Y,,Q
65313,"Crane 2 BESS, LLC",5897 US Highway 385 South,McCamey,TX,79752,,,Y,,Q
65315,"Crooked Lake Solar, LLC",1501 McKinney St,Houston,TX,77010,Y,Y,Y,,Q
65318,"SPPW1, LLC",950 S 10th Street,Omaha,NE,68108,Y,Y,,,Q
65321,"Huxley Solar, LLC","1601 Utica Ave South, Suite 10",St. Louis Park,MN,55416,Y,,,,Q
65322,"Beacon Solar, LLC","1601 Utica Ave South, Suite 10",St. Louis Park,MN,55416,Y,,,,Q
65323,"Town of Amherst Solar, LLC",1601 Utica Ave S,St Louis Park,MN,55416,Y,,,,Q
65324,"Van Epps Solar, LLC",700 Universe Blvd.,Juno Beach,FL,33408,Y,Y,Y,,Q
65325,"Mohawk View Solar, LLC",700 Universe Blvd.,Juno Beach,FL,33408,Y,Y,Y,,Q
65327,"Southeastern Solar Farm Fund, LLC","3475 Piedmont Road, NE, Suite",Atlanta,GA,30305,Y,Y,,,Q
65329,"Yaupon Solar, LLC","1601 19th Street, Suite 400",Denver,CO,80202,Y,,,,Q
65330,"Westbound Solar 3, LLC",641 Higuera St STE 300,San Luis Obispo,CA,93401,Y,Y,,,Q
65337,Coggon Municipal Light Plant,131 West Main St P.O. Box 80,Coggon,IA,52218,Y,,,,M
65338,BiOrigin Specialty Products,4921 Route 58N,Gouvener,NY,13642,Y,Y,Y,,IND
65339,"North Central Valley Energy Storage, LLC",700 Universe Blvd,Juno Beach,FL,33408,Y,Y,Y,,Q
65340,"NextGrid Peppertree, LLC",44 Montgomery Street,San Francisco,CA,94104,Y,,Y,,Q
65343,Sculpin Solar LLC,15445 Innovation Dr,San Diego,CA,92128,Y,,,,Q
65344,Misenheimer Solar LLC,"1501 McKinney Street, Suite 13",Houston,TX,77010,Y,Y,Y,,Q
65345,"Ash Mesa Solar, LLC","880 Apollo Street, Suite 333",El Segundo,CA,90245,,,Y,,Q
65347,"Pearl River Solar Park, LLC",1501 McKinney Street,Houston,TX,77010,Y,Y,Y,,Q
65348,"Ragsdale Solar, LLC",1501 McKinney Street,Houston,TX,77010,Y,Y,Y,,Q
65349,"NextGrid Mastic, LLC",44 Montgomery Street,San Francisco,CA,94104,Y,,Y,,Q
65350,"NextGrid Mangrove, LLC",44 Montgomery Street,San Francisco,CA,94104,Y,,Y,,Q
65351,"NextGrid Cliffrose, LLC",44 Montgomery Street,San Francisco,CA,94104,Y,,Y,,Q
65355,Mayacma Geothermal,3451 N. Triumph Blvd.,Lehi,UT,84043,Y,Y,,Y,Q
65356,Jax LNG,9225 Dames Point Road,Jacksonville,FL,32226,Y,Y,,,IND
65357,"REV LNG SSL BC, LLC",492 Dolan Road,Wyalusing,PA,18853,Y,Y,,,IND
65361,Cutlass II Solar LLC,111 Congress Avenue Suite 500,Austin,TX,78701,Y,,,,Q
65364,Blue Harvest Solar Park LLC,1501 McKinney Suite 1300,Houston,TX,77010,Y,Y,Y,,Q
65365,Timber Road Solar Park,1501 McKinney Suite 1300,Houston,TX,77010,Y,Y,Y,,Q
65366,"Speedway Solar, LLC","575 Fifth Ave., 35th Fl.",New York,NY,10017,Y,,,,Q
65368,"Eleven Mile Solar Center, LLC","812 San Antonio Street, Suite",Austin,TX,78701,Y,Y,Y,,Q
65369,OEE XXXIII LLC,12385 Township Road 215,Findlay,OH,45840,Y,Y,Y,,Q
65370,"Cutlass Solar 1, LLC",155 Federal Street,Boston,MA,02110,Y,Y,Y,,Q
65371,Apex Generating Station,15555 Apex Power Parkway,Las Vegas,NV,89165,,Y,,,M
65380,"Steel Solar, LLC","575 Fifth Ave., 35th Fl.",New York,NY,10017,Y,,,,Q
65381,"Gravel Pit Solar, LLC","575 Fifth Ave., 35th Fl.",New York,NY,10017,Y,,,,Q
65384,"Cartier Energy, LLC",1209 Orange Street,Wilmington,DE,19801,Y,Y,Y,,COM
65385,Bergen Generating Station,1 Victoria Terrance,Ridgefield,NJ,07657,,Y,,,Q
65386,Burlington Generating Station,903 Devin & West Broad,Burlington,NJ,08016,,Y,,,Q
65388,Kearny Generating Station,101 Hackensack Avenue,Kearny,NJ,07032,,Y,,,Q
65389,Linden Combined Cycle,4001 South Wood Avenue,Linden,NJ,07036,,Y,,,Q
65391,Sewaren Generating Station,751 Cliff Road,Sewaren,NJ,07077,,Y,Y,,Q
65392,Riverstart Solar Park III LLC,1500 McKinney Street,Houston,TX,77010,Y,Y,Y,,Q
65394,"Proxima Solar, LLC",700 Universe Blvd.,Juno Beach,FL,33408,Y,Y,Y,,Q
65395,Ameresco HCE Solar LLC,"111 Speen St, Suite 410",Framingham,MA,01701,Y,Y,Y,,Q
65396,Viracocha Wind LLC,655 G Street Suite A,San Diego,CA,92101,Y,,,,Q
65397,Condor Energy Storage LLC,21658 W Main St,Grand Terrance,CA,92313,Y,,Y,,Q
65398,"Peregrine Energy Storage, LLC",2669 Main Street,San Diego,CA,92113,Y,,Y,,Q
65400,"Horus West Virginia 1, LLC",615 Crescent Executive Court S,Lake Mary,FL,32746,Y,,,,Q
65401,Wharton County Generation LLC,206 Vat Road,Boling,TX,77420,,Y,,,Q
65402,WEB Silver Maple Wind LLC,"209 West Central Street, Suite",Natick,MA,01760,Y,Y,Y,,Q
65403,WEB Brimfield Solar LLC,"209 West Central Street, Suite",Natick,MA,01760,Y,Y,Y,,Q
65404,WEB Brookfield Solar LLC,"209 West Central Street, Suite",Natick,MA,01760,Y,Y,Y,,Q
65408,"King Creek Wind Farm 1, LLC",15445 Innovation Drive,San Diego,CA,92128,Y,Y,Y,,Q
65409,"King Creek Wind Farm 2, LLC",15445 Innovation Drive,San Diego,CA,92128,Y,Y,Y,,Q
65410,ACTX BESS Project LLC,1901 Harrison St,Oakland,CA,94612,Y,,,,Q
65411,Duke Energy Renewables Services,"550 S. Caldwell Street, NAS09,",Charlotte,NC,28202,,Y,Y,,Q
65412,BPL Files Solar LLC,8500 Andrew Carnegie Boul.,Charlotte,NC,28262,Y,Y,,,Q
65417,GB II New York LLC,300 Atlantic Street,Stamford,CT,06901,,Y,,,Q
65418,"Sierra Estrella Energy Storage, LLC","1780 Hughes Landing Blvd, Suit",The Woodlands,TX,77380,Y,Y,Y,,Q
65419,"Superstition Energy Storage, LLC","1780 Hughes Landing Blvd, Suit",The Woodlands,TX,77380,Y,Y,Y,,Q
65426,St. Gall Energy Storage I,"1108 Lavaca Street, Suite 110-",Austin,TX,78701,Y,Y,Y,,Q
65427,Tidwell Prairie,"1108 Lavaca Street, Suite 110-",Austin,TX,78701,Y,Y,Y,,Q
65428,Callisto I Energy Center,"1108 Lavaca Street, Suite 110-",Austin,TX,78701,Y,Y,Y,,Q
65429,"Cataract Hydro, LLC",1200 N Cataract Rd.,Gwinn,MI,49841,Y,,Y,,Q
65431,"Ector County Generation, LLC",24 Waterway Ave,The Woodlands,TX,77380,Y,Y,,,Q
65432,CVI CleanCapital Solar 1 LLC,"650 Fifth Avenue, 17th Floor",New York,NY,10019,Y,Y,,,Q
65438,"Virginia Line Solar, LLC",130 Roberts Street,Asheville,NC,28801,Y,Y,Y,,Q
65439,"Lotus Infrastructure Global Operations, LLC",5 Greenwich Office Park,Greenwich,CT,06831,Y,Y,Y,,Q
65444,"Erie Solar, LLC",3402 Pico Blvd,Santa Monica,CA,90405,Y,Y,Y,,Q
65445,"MRG Goody Solar Project, LLC",5160 Tennyson Pkwy Suite 1000W,Plano,TX,75024,Y,,,,Q
65446,"Ruler Solar Partners, LLC",220 Park Avenue S,New York,NY,10003,Y,Y,Y,,Q
65447,"Royal Solar Partners, LLC",228 Park Avenue S,New York,NY,10003,Y,Y,Y,,Q
65448,"Generation Bridge II Connecticut, LLC",300 Atlantic Street,Stamford,CT,06901,Y,,,,I
65451,Grizzly Ridge Solar LLC,1298 Country Road 606,Hamilton,TX,76531,Y,,,,Q
65453,"Yellow Pine Solar, LLC",700 Universe Blvd.,Juno Beach,FL,33408,Y,Y,,,Q
65458,"Cereal City Solar, LLC",700 Universe Blvd.,Juno Beach,FL,33408,Y,Y,Y,,Q
65467,NY USLE Albion Long Bridge A LLC,"1515 Wilson Blvd, Suite 300",Arlington,VA,22209,Y,Y,,,Q
65468,NY USLE Oswego SR104 LLC,"1515 Wilson Blvd, Suite 300",Arlington,VA,22209,Y,Y,,,Q
65469,NY USLE Rome Rome-Oriskany LLC,"1515 Wilson Blvd, Suite 300",Arlington,VA,22209,Y,Y,,,Q
65470,"Lock+ Hydro Friends Fund XLII, LLC","2901 4th Avenue South, #B 253",Birmingham,AL,35233,Y,,,,Q
65472,"AJMS, LLC",2005 US Hwy 26,Gooding,ID,83330,Y,Y,,,Q
65473,"Westside Solar, LLC (Ecofin)","6363 College Boulevard, Suite",Overland Park,KS,66211,Y,,,,Q
65474,"Signal Street Operating, LLC",315 Post Road W,Westport,CT,06680,Y,,,,Q
65475,"Gransolar Texas Fifteen, LLC","1425 Greenway Drive, Suite 160",Irving,TX,75028,Y,,,,Q
65476,"Gransolar Texas Eight, LLC","1425 Greenway Drive, Suite 160",Irving,TX,75028,Y,,,,Q
65478,"Gransolar Texas Fourteen, LLC","1425 Greenway Drive, Suite 160",Irving,TX,75028,Y,,,,Q
65479,"Goleta Energy Storage, LLC","1000 Maine Avenue, SW, 7 Fl.",Washington,DC,20024,Y,Y,Y,,Q
65481,"Hecate Grid Gwent Storage 1, LLC","600 W Fulton St, Suite 510",Chicago,IL,60661,Y,Y,Y,,Q
65482,"Gransolar Texas Thirteen, LLC","125 E. John Carpenter Fwy, Sui",Irving,TX,75062,Y,,,,Q
65483,"Hecate Energy Ramsey Storage, LLC","600 W Fulton St, Suite 510",Chicago,IL,60661,Y,Y,Y,,Q
65485,"Hecate Grid East Valley Storage, LLC","600 W Fulton St, Suite 510",Chicago,IL,60661,Y,Y,Y,,Q
65486,"Buena Vista Energy Center, LLC",700 Universe Blvd,Juno Beach,FL,33408,Y,Y,,,Q
65487,"Chaves County Solar II, LLC",700 Universe Blvd,Juno Beach,FL,33408,Y,Y,,,Q
65488,"NTUA Generation - Utah, LLC",PO Box 170,Fort Defiance,AZ,86504,Y,,,,Q
65489,"Canyon Wind Project, LLC",700 Universe Blvd.,Juno Beach,FL,33408,Y,Y,,,Q
65490,Edom Hills Project 1 LLC,"5901 Priestly Drive, Suite 300",Carlsbad,CA,92008,Y,,,,Q
65491,Hayhurst New Mexico Solar,1209 Orange St,Wilmington,DE,19801,Y,Y,Y,,Q
65493,Navajo Transitional Energy Company,385 Interlocken Crescent #400,Broomfield,CO,80021,Y,Y,Y,,I
65496,"Emerald Kemble, LLC",11330 Vanstory Drive,Huntersville,NC,28078,Y,Y,,,Q
65497,"Emerald Gardens PKI, LLC",11330 Vanstory Drive,Huntersville,NC,28078,Y,Y,,,Q
65498,"Emerald Marshfield, LLC",11330 Vanstory Drive,Huntersville,NC,28078,Y,Y,,,Q
65500,ASD Wallum MA Solar LLC,180 Cotuit Road,Sandwich,MA,02563,Y,,,,Q
65501,Dane County Solar LLC,N27 W2045 Paul Ct,Pewaukee,WI,53072,Y,Y,Y,Y,I
65502,"Five Wells Solar Center, LLC","1360 Post Oak Blvd., Suite 400",Houston,TX,77056,Y,,,,Q
65503,"Solar DG NY Sunnyside 1, LLC","111 S. Calvert Street, Suite 1",Baltimore,MD,21202,Y,Y,,,Q
65504,"Catalyze Blackstone 83 Federal Street Microgrid, LLC",800 Gessner Road,Houston,TX,77024,Y,Y,Y,,Q
65507,"Chesapeake Solar Project, LLC",700 Universe Blvd.,Juno Beach,FL,33408,Y,Y,,,Q
65511,Aragon Energy Storage LLC,"1780 Hughes Landing Boulevard,",The Woodlands,TX,77380,,,,Y,Q
65512,Catalyze Bloomington 2551 S Lilac Avenue Microgrid LLC,800 Gessner Road,Houston,TX,77024,Y,Y,Y,,Q
65513,Catalyze Mira Loma 3251 De Forest Circle Microgrid LLC,800 Gessner Road,Houston,TX,77024,Y,Y,Y,,Q
65514,Catalyze Manteca 730 Spreckels Avenue Microgrid LLC,800 Gessner Road,Houston,TX,77024,Y,Y,Y,,Q
65515,"Catalyze Moss Landing Hilltop Rd Microgrid, LLC",800 Gessner Road,Houston,TX,77024,Y,Y,Y,,Q
65516,"ECG Utah Solar1, LLC",15445 Innovation Dr.,San Diego,CA,92128,Y,,,,Q
65517,"Paris Farm Solar, LLC",3 Lagoon Dr. Suite 280,Redwood City,CA,94065,Y,,,,Q
65518,"ELP Claverack Solar, LLC","200 Liberty Street, 14 Floor",New York,NY,10281,Y,,,,Q
65519,"ELP Livingston Solar, LLC","200 Liberty Street, 14 Floor",New York,NY,10281,Y,,,,Q
65521,"Spring Hope Solar 2, LLC","880 Apollo Street, Suite 333",El Segundo,CA,90245,,,Y,,Q
65522,"Blue Skies Solar, LLC",880 Apollo Street,El Segundo,CA,90245,,,Y,,Q
65525,Yuhaaviatam of San Manuel Nation,777 San Manuel Blvd.,Highland,CA,92346,Y,Y,,,P
65526,"Black Mesa Solar, LLC","550 S. Caldwell Street, NA S09",Charlotte,NC,28202,Y,Y,,,Q
65534,Bright Canyon Energy,400 E Van Buren St,Phoenix,AZ,85004,Y,Y,Y,,Q
65535,SunVest Solar LLC,N27 W24025 Paul Ct,Pewaukee,WI,53072,Y,Y,,,Q
65537,Henry Miller Reclamation District,7767 Santa Rita Grade,Dos Palos,CA,93620,Y,,,,COM
65538,"Moyer Solar, LLC",44 Montgomery Street,San Francisco,CA,94114,Y,,Y,,Q
65539,Pivot Energy,1601 Wewatta St,Denver,CO,80202,Y,Y,Y,,Q
65543,Desert Vine Solar LLC,1000 Main St,Houston,TX,77002,Y,,,,Q
65544,"NE Renewable Whitefield, LLC",1185 Avenue of the Americas,New York City,NY,10036,Y,,,,Q
65545,"NE Renewable Fitchburg, LLC",1185 Avenue of the Americas,New York City,NY,10036,,Y,,,I
65546,"NE Renewable Springfield, LLC",1185 Avenue of the Americas,New York City,NY,10036,Y,,,,Q
65547,"NE Renewable Tamworth, LLC",1185 Avenue of the Americas,New York City,NY,10036,,Y,,,Q
65548,"NE Renewable Bethlehem, LLC",1185 Avenue of the Americas,New York City,NY,10036,,Y,,,Q
65549,McHenry Battery Storage,"First Canadian Place,100 King",Toronto,ON,M5X 1,Y,,,,Q
65550,"Nova Power, LLC",717 Texas Ave. #1000,Houston,TX,77007,Y,,,,Q
65551,"Magruder Solar, LLC",315 Post Road W,Westport,CT,06880,Y,,,,Q
65552,Terra-Gen Operating Co-BESS 2,"437 Madison Avenue, 22nd Floor",New York,NY,10022,Y,Y,Y,,Q
65553,"Sweetland Wind Farm, LLC","5775 Flatiron Parkway, Suite 1",Boulder,CO,80301,Y,Y,Y,,Q
65555,West Tambo Clean Power II,"4675 Stevens Creek Blvd, Ste 2",Santa Clara,CA,95051,,,Y,,Q
65556,EnerSmart Chula Vista Sub Station,400 South Sierra,Solana Beach,CA,92075,Y,Y,,,Q
65559,Catalyze Riverside 2356 Fleetwood Drive Microgrid LLC,800 Gessner Road,Houston,TX,77024,Y,Y,Y,,Q
65560,"SOL ME Augusta 13 York Farm, LLC",800 Gessner Road,Houston,TX,77024,Y,Y,Y,,Q
65561,"TJA 540R Main St. Acushnet, LLC",800 Gessner Road,Houston,TX,77024,Y,Y,Y,,Q
65562,"TJA Off South Main St. Lanesboro, LLC",800 Gessner Road,Houston,TX,77024,Y,Y,Y,,Q
65563,"SRI Solar 4, LLC",800 Gessner Road,Houston,TX,77024,Y,Y,Y,,Q
65564,"Catalyze Dallas 7750 Dynasty Drive Microgrid, LLC",800 Gessner Road,Houston,TX,77024,Y,Y,Y,,Q
65565,"Catalyze Houston Express Lane Microgrid, LLC",800 Gessner Road,Houston,TX,77024,Y,Y,Y,,Q
65566,"Catalyze La Porte 10060 Porter Road Microgrid, LLC",800 Gessner Road,Houston,TX,77024,Y,Y,Y,,Q
65567,"Catalyze Pasadena 10585 Red Bluff Road Microgrid, LLC",800 Gessner Road,Houston,TX,77024,Y,Y,Y,,Q
65568,"Catalyze Sunnyvale 367 Long Creek Road Microgrid, LLC",800 Gessner Road,Houston,TX,77024,Y,Y,Y,,Q
65569,Afton Solar LLC,800 Gessner Road,Houston,TX,77024,Y,Y,Y,,Q
65570,Amherst Community Solar LLC,800 Gessner Road,Houston,TX,77024,Y,Y,Y,,Q
65571,"Solitude Solar Dix Duvall Rd Microgrid, LLC",800 Gessner Road,Houston,TX,77024,Y,Y,Y,,Q
65572,Greene Community Solar LLC,800 Gessner Road,Houston,TX,77024,Y,Y,Y,,Q
65573,"SL Fredonia, LLC",800 Gessner Road,Houston,TX,77024,Y,Y,Y,,Q
65574,NYSolar03 LLC,800 Gessner Road,Houston,TX,77024,Y,Y,Y,,Q
65575,Grand Island Sunrise LLC,800 Gessner Road,Houston,TX,77024,Y,Y,Y,,Q
65576,"AC Power 14, LLC",800 Gessner Road,Houston,TX,77024,Y,Y,Y,,Q
65577,"Potsdam Community Solar 2, LLC",800 Gessner Road,Houston,TX,77024,Y,Y,Y,,Q
65578,Shamrock Wind LLC,700 Universe Blvd,Juno Beach,FL,33408,Y,Y,Y,,Q
65580,"Pioneer Hutt Wind Energy, LLC",700 Universe Blvd.,Juno Beach,FL,33408,Y,Y,Y,,Q
65581,Grand Valley Power LLC,711 East Turtle Point Drive,Ivins,UT,84738,Y,Y,Y,,Q
65582,"7th Road Solar 1, LLC (Briscoe 1A)","1515 Wilson Blvd, Suite 300",Arlington,VA,22209,Y,Y,,,Q
65583,"7th Road Solar 2, LLC (Briscoe 2A)","1515 Wilson Blvd, Suite 300",Arlington,VA,22209,Y,Y,,,Q
65584,"Solar DG MD Holabird Broening ACC, LLC","200 Liberty Street, 14 Floor",New York,NY,10281,Y,,,,Q
65585,"Solar DG MD Holabird AJCFB, LLC","200 Liberty Street, 14 Floor",New York,NY,10281,Y,,,,Q
65586,GEG PA Solar LLC,Two Logan Square,Philadelphia,PA,19103,Y,,,,Q
65587,Mammoth Central LLC,Two Logan Square,Philadelphia,PA,19103,Y,,,,Q
65588,Mammoth South LLC,Two Logan Square,Philadelphia,PA,19103,Y,,,,Q
65589,Bulldog Solar LLC,130 Roberts Street,Asheville,NC,28801,Y,Y,Y,,Q
65591,"Cane Creek Solar, LLC",130 Roberts Street,Asheville,NC,28801,Y,Y,Y,,Q
65592,"Moonshot Solar, LLC",130 Roberts Street,Asheville,NC,28801,Y,Y,Y,,Q
65594,EnerSmart Storage,400 South Sierra,Solana Beach,CA,92075,Y,Y,,,Q
65595,"Wolverine Solar, LLC","101 Summer Street, 2nd Floor",Boston,MA,02210,Y,Y,Y,,Q
65600,AP Sunray LLC,108 Lakeland Ave,Dover,DE,19901,,,Y,,Q
65601,Wheatridge East Wind LLC,700 Universe Blvd,Juno Beach,FL,33408,Y,Y,,,Q
65609,Everpoint Services Inc,1800 Bering Drive,Houston,TX,77057,Y,Y,,,Q
65614,"Shady Oaks Wind 2, LLC","Canal Bank Road, PO Box 289",Windsor Locks,CT,06096,Y,Y,Y,,Q
65616,Winona Garden LLC,2836 Lyndale Ave S,Minneapolis,MN,55408,Y,,,,Q
65617,Sturgeon Garden LLC,2836 Lyndale Ave S,Minneapolis,MN,55408,Y,,,,Q
65618,Pickerel Garden LLC,2836 Lyndale Ave S,Minneapolis,MN,55408,Y,,,,Q
65619,Pepin Garden LLC,2836 Lyndale Ave S,Minneapolis,MN,55408,Y,,,,Q
65620,Fox Garden LLC,"2836 Lyndale Ave S, Suite 132",Minneapolis,MN,55408,Y,,,,Q
65621,Crane Garden LLC,2836 Lyndale Ave S,Minneapolis,MN,55408,Y,,,,Q
65625,Sunlight Storage II,700 Universe Boulevard,Juno Beach,FL,33408,Y,Y,,,Q
65626,"San Juan Solar I, LLC","575 Fifth Ave., 35th Fl.",New York,NY,10017,Y,,,,Q
65627,NRG THW GT LLC,910 Louisiana Street,Houston,TX,77002,Y,Y,,,Q
65628,North Kingstown Solar LLC,111 Speen St,Framingham,MA,01701,Y,,,,Q
65629,Phillips Route 82 Solar LLC,111 Speen St,Framingham,MA,01701,Y,,,,Q
65630,White Rock Road LLC,111 Speen St,Framingham,MA,01701,Y,,,,Q
65631,French King Solar LLC,111 Speen St,Framingham,MA,01701,Y,,,,Q
65632,Green Correctional Coxsackie NY Solar LLC,111 Speen St,Framingham,MA,01701,Y,,,,Q
65637,"Beckwith Solar, LLC",44 Montgomery Street,San Francisco,CA,94104,Y,,Y,,Q
65638,"Arthur Solar 2, LLC",44 Montgomery Street,San Francisco,CA,94104,Y,,Y,,Q
65639,Cross Town Energy Storage LLC,"1780 Hughes Landing Blvd, Suit",Woodlands,TX,77380,Y,Y,Y,,Q
65640,Vineyard Wind 1 LLC,700 Pleasant Street,New Bedford,MA,02740,Y,,,,Q
65641,"EnLink Processing Services, LLC",1722 Routh St. Suite 1300,Dallas,TX,75201,Y,Y,Y,,IND
65642,Wolf Tank Storage LLC,"11801 Domain Blvd, Suite 525",Austin,TX,78758,Y,,,,Q
65643,Cald BESS LLC,"11801 Domain Blvd, Suite 525",Austin,TX,78758,Y,,,,Q
65644,Fish Lake Geothermal LLC,3451 N. Triumph Blvd. Suite #2,Lehi,UT,84043,Y,Y,,,Q
65645,"Wadley Solar, LLC",700 Universe Blvd,Juno Beach,FL,33408,Y,Y,,,Q
65646,"AFTW Storage, LLC","1808 Wedemeyer St., Suite 221",San Francisco,CA,94129,Y,Y,Y,,Q
65647,Resurgence Solar II,700 Universe Blvd,Juno Beach,FL,33408,Y,Y,Y,,Q
65648,"Prairie Mist Solar Project, LLC","1901 Harrison Street, Suite 16",Oakland,CA,94612,Y,,,,Q
65650,"Harvest Gold Solar Power, LLC","470 Atlantic Avenue, Suite 601",Boston,MA,02210,Y,,,,Q
65651,"Double Back Diamond Solar Power, LLC","470 Atlantic Avenue, Suite 601",Boston,MA,02210,Y,,,,Q
65652,"Sonoran Solar Energy, LLC",700 Universe Blvd,Juno Beach,FL,33408,Y,Y,,,Q
65653,Dunns Bridge Solar Center LLC,2723 E 1500 N,Wheatfield,IN,46392,Y,Y,Y,,I
65654,Birch Creek Development,2650 Locust St,St Louis,MO,63103,Y,Y,Y,,Q
65656,"Kiowa County Solar Project, LLC",422 Admiral Blvd.,Kansas City,MO,64106,,,Y,,Q
65657,Adams Solar LLC (PA),1201 Wilson Blvd. Ste 2200,Arlington,VA,22209,Y,Y,Y,,Q
65658,Caden Energix Axton LLC,1201 Wilson Blvd. Ste 2200,Arlington,VA,22209,Y,Y,Y,,Q
65660,Enchanted Rock,1113 Vine Street. Suite 101,Houston,TX,77002,,Y,,,S
65662,KDC Solar CV Ascend One LLC,228 Park Ave S,New York,NY,10003,Y,Y,Y,,Q
65663,KDC Solar CV Cedar Lane Park LLC,228 Park Ave,New York,NY,10003,Y,Y,Y,,Q
65664,KDC Solar CV Central MD Regional Transit LLC,228 Park Ave S,New York,NY,10003,Y,Y,Y,,Q
65665,KDC Solar CV Animal Control LLC,228 Park Ave S,New York,NY,10003,Y,Y,Y,,Q
65666,KDC Solar CV O'Donnell Property LLC,228 Park Ave S,New York,NY,10003,Y,Y,Y,,Q
65667,West Shore Solar LLC,228 Park Ave S,New York,NY,10003,Y,Y,Y,,Q
65668,"ELP Kipp Solar, LLC","200 Liberty Street, 14th Floor",New York,NY,10281,Y,Y,,,Q
65671,"Martin County Solar Project, LLC",150 N Dairy Ashford,Houston,TX,77079,,,Y,,Q
65672,"Elkhart County Solar Project, LLC",150 N Dairy Ashford,Houston,TX,77079,,,Y,,Q
65673,"Blackwell Test Facility, LLC","1808 Wedemeyer St., Suite 221",San Francisco,CA,94129,Y,Y,Y,,Q
65674,Bear Canyon Energy Storage,717 Texas Ave. #1000,Houston,TX,77002,Y,,,,Q
65675,West Ford Flat Energy Storage,717 Texas Ave. #1000,Houston,TX,77002,Y,,,,Q
65676,"Long Lake Solar, LLC","575 Fifth Ave., 35th Fl.",New York,NY,10017,Y,,,,Q
65677,Dimension Energy LLC,"3050 Peachtree Rd, Suite 460",Atlanta,GA,30305,Y,Y,Y,,Q
65678,Malaga BESS LLC,200 W Madison St.,Chicago,IL,60606,Y,,Y,,Q
65680,Hanford BESS LLC,200 W Madison St. Ste 3810,Chicago,IL,60606,Y,,Y,,Q
65681,Henrietta BESS LLC,200 W Madison St. Ste 3810,Chicago,IL,60606,Y,,Y,,Q
65682,"IP Aramis, LLC","9450 Southwest Gemini Drive, P",Beaverton,OR,97008,Y,Y,,Y,Q
65683,Dublin Street LLC,"2303 Wycliff Street, Suite 300",St. Paul,MN,55114,Y,Y,Y,,Q
65684,549 Doles Ridge Rd Solar LLC,"2303 Wycliff Street, Suite 300",St. Paul,MN,55114,Y,Y,Y,,Q
65685,"Tumbleweed Energy Storage, LLC",2121 N. California Blvd,Walnut Creek,CA,94596,Y,Y,Y,,Q
65687,"Accalia Point Solar, LLC",255 5th Ave,Calgary,AB,T2P3G,,,,Y,Q
65689,"Alfred Oaks Solar, LLC",838 Walker Rd,Dover,DE,19804,Y,,,,Q
65690,Premium Energy Holdings,"355 South Lemon Ave, Suite A",Walnut,CA,91789,Y,Y,Y,,Q
65691,"Branch Solar, LLC",One Energy Plaza,Jackson,MI,49201,Y,Y,Y,,Q
65693,"Graceland Solar, LLC",701 Brazos,Austin,TX,78701,Y,Y,,,Q
65694,"Bright Arrow Solar, LLC",701 Brazos,Austin,TX,78701,Y,Y,,,Q
65695,Seven Flags BESS LLC,"2916 N. Miami Ave., Suite 830",Miami,FL,33127,Y,Y,Y,,Q
65697,"Briggs Solar, LLC",9450 SW Gemini Drive,Beaverton,OR,97008,Y,Y,Y,,Q
65700,Atrisco Energy Storage LLC,P.O. Box 2576,Boise,ID,83701,,,Y,,Q
65701,Horsepen Branch Solar,P.O. Box 2576,Boise,ID,83701,,,Y,,Q
65702,"Banner Solar, LLC",130 Roberts Street,Asheville,NC,28801,Y,Y,Y,,Q
65703,"Winfield Solar I, LLC","100 King Street West, Suite 70",Ontario,,M5X1A,Y,Y,Y,,Q
65704,Oxon Run Community Renewable Energy Facility,1701 Rhode Island Ave NW,Washington,DC,20036,,Y,,,S
65708,Buffalo Branch Wind and Solar LLC,"2375 East Camelback Road, Suit",Phoenix,AZ,85016,Y,,,,Q
65715,Strata Clean Energy,800 Taylor St.,Durham,NC,27701,Y,,,,Q
65718,"AFTW Holdings, LLC","1601 Utica Ave South, Suite 10",St. Louis Park,MN,55416,Y,,,,Q
65719,"Crystal Farms Local Solar, LLC","1601 Utica Ave South, Suite 10",St. Louis Park,MN,55416,Y,,,,Q
65720,"Fresno Community Solar Developers, LLC","1601 Utica Ave South, Suite 10",St. Louis Park,MN,55416,Y,,,,Q
65721,NY USLE Carthage SR26 A LLC,"1515 Wilson Blvd, Suite 300",Arlington,VA,22209,Y,Y,,,Q
65722,NY USLE Carthage SR26 B LLC,"1515 Wilson Blvd, Suite 300",Arlington,VA,22209,Y,Y,,,Q
65723,"Beulah Solar, LLC",130 Roberts Street,Asheville,NC,28801,Y,Y,Y,,Q
65724,"Brick City Solar, LLC",130 Roberts Street,Asheville,NC,28801,Y,Y,Y,,Q
65725,"Clovelly Solar, LLC",130 Roberts Street,Asheville,NC,28801,Y,Y,Y,,Q
65726,"Coogee Solar, LLC",130 Roberts Street,Asheville,NC,28801,Y,Y,Y,,Q
65727,Saint Energy Storage II LLC,700 Universe Blvd,Juno Beach,FL,33408,Y,Y,,,Q
65728,Brenneman Solar LLC,"Two Logan Square, Suite 1830",Philadelphia,PA,19103,Y,,,,Q
65730,"Eastover Solar, LLC",130 Roberts Street,Asheville,SC,28801,Y,Y,Y,,Q
65731,"ESA Albemarle NC Solar, LLC",130 Roberts Street,Ashveille,NC,28801,Y,Y,Y,,Q
65732,"Millers Chapel Solar, LLC",130 Roberts Street,Asheville,NC,28801,Y,Y,Y,,Q
65733,"Oakwood Solar, LLC",130 Roberts Street,Asheville,NC,28801,Y,Y,Y,,Q
65734,"Overman Solar, LLC",130 Roberts Street,Asheville,NC,28801,Y,Y,Y,,Q
65735,"Saw Solar, LLC",130 Roberts Street,Asheville,NC,28801,Y,Y,Y,,Q
65736,"Sawtell Solar, LLC",130 Roberts Street,Asheville,NC,28801,Y,Y,Y,,Q
65737,"Southwick Solar, LLC",130 Roberts Street,Asheville,NC,28801,Y,Y,Y,,Q
65738,"Whiskey Solar, LLC",130 Roberts Street,Asheville,NC,28801,Y,Y,Y,,Q
65739,"Lake Iris Solar, LLC",One Energy Plaza,Jackson,MI,49201,Y,Y,Y,,Q
65740,"Genesee Solar Energy, LLC",One Energy Plaza,Jackson,MI,49201,Y,Y,Y,,Q
65741,"Hart Solar Partners, LLC",One Energy Plaza,Jackson,MI,49201,Y,Y,Y,,Q
65742,"Blue Bird Solar, LLC","575 Fifth Ave., 35th Floor",New York,NY,10017,Y,,,,Q
65743,"SR Russellville, LLC","222 2nd Ave South, Suite 1900",Nashville,TN,37201,Y,Y,Y,,Q
65747,"AB Newark (Fund IV) Operating, LLC",315 Post Road West,Westport,CT,06880,Y,,,,Q
65748,"Herrington Solar, LLC",700 Universe Boulevard,Juno Beach,FL,33408,Y,Y,Y,,Q
65749,Avon Solar Farm LLC,700 Universe Boulevard,Juno Beach,FL,33408,Y,Y,Y,,Q
65751,RE Papago LLC,"98 San Jacinto Blvd., Ste 750",Austin,TX,78701,Y,Y,Y,,Q
65752,"DG Empire Shine, LLC",700 Universe Boulevard,Juno Beach,FL,33408,Y,Y,Y,,Q
65754,VESI 12 LLC,6884 Sierra Center Parkway,Reno,NV,89511,Y,Y,,,Q
65755,VESI 23 LLC,6884 Sierra Center Parkway,Reno,NV,89511,Y,Y,,,Q
65757,"Briscoe Wind Farm, LLC",910 Louisiana Street,Houston,TX,77002,,,Y,,Q
65758,Helios Energy New York 15 LLC,700 Universe Boulevard,Juno Beach,FL,33408,Y,Y,Y,,Q
65759,Ash Creek,1900 Harrison Street,Oakland,CA,94612,Y,,,,Q
65760,"Solar DG NJ Brookdale, LLC","200 Liberty Street, 14th Floor",New York,NY,10281,Y,Y,,,Q
65761,"Lighthouse Arthur Kill, LLC","200 Clarendon Street, Floor 55",Boston,MA,02116,Y,,,,Q
65762,"Lighthouse Middletown, LLC","200 Clarendon Street, Floor 55",Boston,MA,02116,Y,,,,Q
65764,"Lighthouse Pier S, LLC","200 Clarendon Street, Floor 55",Boston,MA,02116,Y,,,,Q
65765,Borden County Battery Energy Storage System LLC,"11801 Domain Blvd, Suite 525",Austin,TX,78758,Y,,,,Q
65766,"Solar DG NJ BEMS East, LLC","111 S. Calvert Street, Suite 1",Baltimore,MD,21202,Y,Y,,,Q
65767,"Solar DG NJ BEMS West, LLC","111 S. Calvert Street, Suite 1",Baltimore,MD,21202,Y,Y,,,Q
65769,LSE Pegasus LLC,40 Tower Lane,Avon,CT,06001,Y,Y,Y,,Q
65770,NY USLE Copenhagen CR194 LLC,69 Valley Road,Katonah,NY,10536,Y,Y,,,Q
65771,NY USLE Glenville Freemans Bridge LLC,"100 Main Street, Suite 202",Safety Harbor,FL,34695,Y,Y,,,Q
65772,"River Ferry Solar 1, LLC","1360 Post Oak Blvd., Suite 400",Houston,TX,77056,Y,,,,Q
65773,Renew Solar VMC LLC,1808 Wedemeyer St,San Francisco,CA,94129,Y,Y,,,Q
65774,"Fence Post Solar Project, LLC","100 Brickstone Square, Suite 3",Andover,MA,01810,Y,Y,Y,,Q
65775,"RPCA Solar 1, LLC","44 Montgomery Street, Suite 31",San Francisco,CA,94104,Y,,Y,,Q
65776,"RPCA Solar 7, LLC","44 Montgomery Street, Suite 31",San Francisco,CA,94104,Y,,Y,,Q
65777,Urban Grid Solar,1201 Louisiana Street,Houston,TX,77002,Y,,,,Q
65779,"SEPV Cuyama, LLC",11400 West Olympic Blvd,Los Angeles,CA,90064,Y,,,,Q
65780,"Clearwater Wind III, LLC",700 Universe Blvd,Juno Beach,FL,33408,Y,Y,Y,,Q
65781,Sky Ranch Solar and Storage,700 Universe Blvd.,Juno Beach,FL,33408,Y,Y,,,Q
65782,Ben Milam Solar 3 LLC,3 Lagoon Dr. Suite 280,Redwood City,CA,94065,Y,,,,Q
65783,Hayhurst Texas Solar,"354 Davis Road, Suite 100",Ontario,,L6J 2,Y,Y,Y,,Q
65785,"Luminace Sunbeam Development Holdings, LLC",111 S. Calvert St,Baltimore,MD,21202,Y,Y,,,Q
65786,"SR DeSoto III, LLC","222 2nd Ave South, Suite 1900",Nashville,TN,37201,Y,Y,Y,,Q
65788,Ben Milam Solar 1 LLC,3 Lagoon Dr. Suite 280,Redwood City,CA,94065,Y,,,,Q
65789,"Marion County Solar Project, LLC",422 Admiral Blvd,Kansas City,MO,64106,,,Y,,Q
65791,"Robin Hollow Solar, LLC","117 Metro Center Boulevard, Su",Warwick,RI,02886,Y,,,,Q
65792,"ITT Energy Tech Partners, LLC","444 W. Lake St., Suite 2100",Chicago,IL,60606,Y,,,,COM
65793,"DG Empire Lumen 2023, LLC",700 Universe Blvd,Juno Beach,FL,33408,Y,Y,Y,,Q
65794,Indiana Crossroads Wind Farm II LLC,1501 McKinney St. Suite 1300,Houston,TX,77010,Y,,,,Q
65795,South County Packing,700 Airport rd,King City,CA,93930,Y,,,,IND
65796,"North Fork Solar Project, LLC","98 San Jacinto Blvd., Ste 750",Austin,TX,78701,Y,Y,Y,,Q
65799,"Enel Green Power Estonian Solar Project, LLC","100 Brickstone Square, Suite 3",Andover,MA,01810,Y,Y,Y,,Q
65800,"Angelo Solar, LLC","120 Garret St, Suite 700",Charlottesville,VA,22902,Y,Y,Y,,Q
65801,"Angelo Storage, LLC","120 Garrett Street, Suite 700",Charlottesville,VA,22902,Y,Y,Y,,Q
65803,"Raven Storage, LLC","120 Garrett Street, Suite 700",Charlottesville,VA,22902,Y,Y,Y,,Q
65805,"GulfStar Power, LLC","100 Brickstone Square, Suite 3",Andover,MA,01810,Y,Y,Y,,Q
65806,Elk Street Solar LLC,"228 Park Ave S, PMB 23351",New York,NY,10003,Y,Y,Y,,Q
65807,"Energy 49, LLC","228 Park Ave S, PMB 23351",New York,NY,10003,Y,Y,Y,,Q
65808,"La Casa Wind, LLC",700 Universe Blvd,Juno Beach,FL,33408,Y,Y,,,Q
65811,Solops 371 Hoes LLC,"111 S. Calvert Street, Suite 1",Baltimore,MD,21202,Y,Y,,,Q
65812,"Lumberton PV I, LLC","575 Fifth Avenue, 35th Floor",New York,NY,10017,Y,,,,Q
65813,"CES Electron Farm One, LLC",1808 Wedemeyer St,San Francisco,CA,94129,Y,Y,Y,,Q
65814,Innovative Solar 245 LLC,"5300 Memorial Drive, Suite 105",Houston,TX,77007,Y,Y,,,Q
65815,Sunraycer Assets I LLC,901 Woodland St,Nashville,TN,37206,Y,,,,Q
65819,"Ables Springs Solar, LLC","100 Brickstone Square, Suite 3",Andover,MA,01810,Y,Y,Y,,Q
65821,Hecate Grid Intrepid 1 LLC,"600 W Fulton St, Suite 510",Chicago,IL,60661,Y,Y,Y,,Q
65823,"Myrtle Solar, LLC",1201 Louisiana Street,Houston,TX,77002,Y,,,,Q
65824,"BT Hickerson Solar, LLC",700 Universe Blvd,Juno Beach,FL,33408,Y,Y,,,Q
65826,"Roadrunner Crossing Wind Farm, LLC",700 Universe Blvd,Juno Beach,FL,33408,Y,Y,,,Q
65827,Fork in the Road Solar LLC,"228 Park Ave S, PMB 23351",New York,NY,10003,Y,Y,Y,,Q
65829,"Hill Solar 1, LLC",1201 Louisiana Street,Houston,TX,77002,Y,,,,Q
65830,"Myrtle Storage, LLC",1201 Louisiana Street,Houston,TX,77002,Y,,,,Q
65831,"Danish Fields Solar, LLC",1201 Louisiana Street,Houston,TX,77002,Y,,,,Q
65832,"Cottonwood Bayou Solar, LLC",1201 Louisiana Street,Houston,TX,77002,Y,,,,Q
65833,"Danish Fields Storage, LLC",1201 Louisiana Street,Houston,TX,77002,Y,,,,Q
65835,"Clean Energy Future - Trumbull, LLC.",910 Sheraton Dr 3F,Mars,PA,16046,Y,,Y,,Q
65837,Freestone Solar LLC,2375 E Camelback Rd,Phoenix,AZ,85016,Y,,,,Q
65838,SMT Mercedes LLC,3437 Iris CT,Boulder,CO,80304,Y,,,,Q
65839,SMT Mission LLC,3437 Iris CT,Boulder,CO,80304,Y,,,,Q
65840,SMT Los Fresnos LLC,3437 Iris CT,Boulder,CO,80304,Y,,,,Q
65841,SMT Elsa LLC,3437 Iris CT,Boulder,CO,80304,Y,,,,Q
65842,SMT Bay City LLC,3437 Iris CT,Boulder,CO,80304,Y,,,,Q
65843,SMT Alamo LLC,3437 Iris CT,Boulder,CO,80304,Y,,,,Q
65844,SMT Santa Rosa LLC,3437 Iris CT,Boulder,CO,80304,Y,,,,Q
65845,SMT Rio Grande I LLC,3437 Iris CT,Boulder,CO,80304,Y,,,,Q
65846,SMT Rio Grande II LLC,3437 Iris CT,Boulder,CO,80304,Y,,,,Q
65847,SMT Harlingen II LLC,3437 Iris CT,Boulder,CO,80304,Y,,,,Q
65849,ClearGen LLC,"3420 Toringdon Way, Suite 240",Charlotte,NC,28277,Y,,,,Q
65851,"Omnis Pleasants, LLC",130 S Patterson Ave #878,Santa Barbara,CA,93111,Y,,,,Q
65852,Ben Milam Solar 2 LLC,3 Lagoon Dr. Suite 280,Redwood City,CA,94065,Y,,,,Q
65853,Skysol Holdco LLC,400 Spectrum Center Dr. Ste 14,Irvine,CA,92618,Y,Y,Y,,Q
65854,BE-Pine1 LLC,317 East Carson St. West Tower,Pittsburgh,PA,15219,Y,Y,,,Q
65855,BE-Pine2 LLC,"317 East Carson St, West Tower",Pittsburgh,PA,15219,Y,Y,,,Q
65856,Rayburn Energy Station LLC,510 Progress Dr.,Sherman,TX,75092,Y,Y,,,C
65857,Prescott Wind Energy LLC,1863 Earlham Rd,Winterset,IA,50273,Y,,,,Q
65858,East Victory Way Solar LLC,111 Speen Street,Framingham,MA,01701,Y,Y,Y,,Q
65859,EDPR Scarlet II LLC,"1501 McKinney Street, Suite 13",Houston,TX,77010,Y,Y,Y,,Q
65860,"Madison Fields Solar Project, LLC",422 Admiral Blvd,Kansas City,MO,64106,Y,,Y,,Q
65861,"Enel X North America, Inc","100 Brickstone Square, Suite 3",Andover,MA,01810,Y,Y,Y,,Q
65862,"NY Lodi I, LLC",315 Post Road W,Westport,CT,06880,Y,,,,Q
65863,"Three Corners Solar, LLC","330 Congress St, 6th Floor",Boston,MA,02210,Y,Y,Y,,Q
65864,"Maine DG Solar Pittsfield, LLC","330 Congress St, 6th Floor",Boston,MA,02210,Y,,,,Q
65865,"Umbriel Solar, LLC","330 Congress St, 6th Floor",Boston,MA,02210,Y,Y,Y,,Q
65867,Monroe Solar LLC,"6363 College Boulevard, Suite",Overland Park,KS,66211,Y,,,,Q
65869,Prologis Logistics Services Incorporated,"1800 Wazee Street, Suite 500",Denver,CO,80202,Y,,,,Q
65870,"Carol Wind, LLC",700 Universe Blvd,Juno Beach,FL,33408,Y,Y,Y,,Q
65871,"MPW Solar 1, LLC",2836 Lyndale Ave S,Minneapolis,MN,55408,Y,,,,Q
65872,MN CSG 2019-24 LLC,2350 Riva Rd,Annapolis,MD,21401,,Y,Y,,Q
65874,"Liberty County Solar Project, LLC","98 San Jacinto Boulevard, Suit",Austin,TX,78701,Y,,,,Q
65875,"Washington County Solar, LLC",700 Universe Boulevard,Juno Beach,FL,33408,Y,,,,Q
65880,"Byrne Solar, LLC","5821 Fairview Road, Suite 201",Charlotte,NC,28209,Y,,,,Q
65881,"Lightfoot Solar, LLC","5821 Fairview Road, Suite 201",Charlotte,NC,28209,Y,,,,Q
65882,"Shipsterns Solar, LLC","5821 Fairview Road, Suite 201",Charlotte,NC,28209,,,Y,,Q
65883,"Willford Solar, LLC","5821 Fairview Road, Suite 201",Charlotte,NC,28209,Y,,,,Q
65888,"Lakota Ridge, LLC (Longroad)","125 High Street, 17th Floor HI",Boston,MA,02210,Y,,,,Q
65889,"Shaokatan Hills, LLC (Longroad)","125 High Street, 17th Floor Hi",Boston,MA,02110,Y,,,,Q
65890,"Prospero Energy Project, LLC (Longroad)","330 Congress St, 6th Floor",Boston,MA,02110,Y,,,,Q
65891,Hemings Solar Partners LLC,"6363 College Boulevard, Suite",Overland Park,KS,66211,Y,,,,Q
65892,"Mule Farm Solar, LLC","880 Apollo Street, Suite 333",El Segundo,CA,90245,,,Y,,Q
65893,"Ramp Solar, LLC","880 Apollo Street, Suite 333",El Segundo,CA,90245,,,Y,,Q
65894,"Hubble Solar, LLC","880 Apollo Street, Suite 333",El Segundo,CA,90245,,,Y,,Q
65896,"Prospero Solar II, LLC (Longroad)","125 High Street, 17th Floor Hi",Boston,MA,02110,Y,Y,,,Q
65897,"Stahl Wind Energy, LLC (Longroad)","125 High Street, 17th Floor Hi",Boston,MA,02210,Y,,,,Q
65898,"Carstensen Wind, LLC (Longroad)","330 Congress St, 6th Floor",Boston,MA,02110,Y,,,,Q
65899,Northern Lights Wind LLC (Longroad),"330 Congress St, 6th Floor",Boston,MA,02110,Y,,,,Q
65900,"Little Bear Solar 3, LLC (Longroad)","330 Congress St, 6th Floor",Boston,MA,02210,Y,Y,Y,,Q
65902,"Little Bear Solar 1, LLC (Longroad)","330 Congress St, 6th Floor",Boston,MA,02210,Y,Y,Y,,Q
65903,"Little Bear Solar 4, LLC (Longroad)","330 Congress St, 6th Floor",Boston,MA,02210,Y,Y,Y,,Q
65904,"Little Bear Solar 5, LLC (Longroad)","330 Congress St, 6th Floor",Boston,MA,02210,Y,Y,Y,,Q
65905,"El Campo Wind, LLC (Longroad)","330 Congress St, 6th Floor",Boston,MA,02110,Y,Y,,,Q
65906,"Weaver Wind, LLC (Longroad)","330 Congress St, 6th Floor",Boston,MA,02110,,Y,Y,,Q
65907,"Greenback Energy, LLC (Longroad)","330 Congress St, 6th Floor",Boston,MA,02110,Y,,,,Q
65908,"Milford Wind Corridor Phase I, LLC (Longroad)","330 Congress St, 6th Floor",Boston,MA,02110,Y,Y,,,Q
65909,"Lucky Wind, LLC (Longroad)","330 Congress St, 6th Floor",Boston,MA,02110,Y,,,,Q
65910,Howard Wind LLC (Longroad),"330 Congress St, 6th Floor",Boston,MA,02110,,Y,Y,,Q
65911,"Mustang Hills, LLC (Longroad)","330 Congress St, 6th Floor",Boston,MA,02110,,Y,Y,,Q
65912,"Sunny Cow Solar, LLC","880 Apollo Street, Suite 333",El Segundo,CA,90245,,,Y,,Q
65913,"Scooby Solar, LLC",1801 Wedemeyer St,San Francisco,CA,94129,Y,Y,,,COM
65914,"Elawan Dileo Solar, LLC",5120 Woodway Dr,Houston,TX,77056,Y,Y,,,Q
65915,"Elawan Pitts Dudik Solar, LLC",5120 Woodway Dr,Houston,TX,76648,Y,Y,,,Q
65922,"SunE W12DG-B, LLC",100 Park Avenue 24th Floor,New York,NY,10017,Y,Y,Y,,Q
65923,"SunE WF3 KHL A Holdings, LLC",100 Park Avenue 24th Floor,New York,NY,10017,Y,Y,Y,,Q
65924,"FRV SI Transport Solar, L.P. (Sacremento)",100 Park Avenue 24th Floor,New York,NY,10017,Y,Y,Y,,Q
65925,Taygete Energy Project LLC,745 Fifth Ave.,New York,NY,10151,Y,,,,Q
65928,Atrisco Solar LLC,P.O. Box 2576,Boise,ID,83701,,,Y,,Q
65929,"North Bend Wind Project, LLC","1360 Post Oak Blvd., Suite 400",Houston,TX,77056,Y,,,,Q
65931,"Cardinal Solar, LLC",150 Double P Lane,Franklin,PA,16323,Y,Y,Y,,Q
65932,Greasewood II LLC,"111 Congress Avenua, STE 1055",Austin,TX,78701,Y,,,,Q
65934,"River Fork Solar, LLC","575 Fifth Ave., 35th Fl.,",New York,NY,10017,Y,,,,Q
65935,Preston Garden LLC,"2303 Wycliff Street, Suite 300",St. Paul,MN,55114,Y,Y,Y,,Q
65936,"CPV Backbone Solar, LLC",8403 Colesville Rd,Silver Spring,MD,20910,Y,,,,Q
65937,"CPV Stagecoach Solar, LLC",8403 Colesville Rd,Silver Spring,MD,20910,Y,,,,Q
65946,"Quartz Solar, LLC",701 Brazos St,Austin,TX,78701,Y,Y,,,Q
65947,"Northern Orchard Solar PV, LLC",701 Brazos St,Austin,TX,78701,Y,Y,,,Q
65948,"Roundhouse Renewable Energy II, LLC",700 Universe Blvd,Juno Beach,FL,33408,Y,Y,Y,,Q
65949,Bravo REC Management LLC,24857 Road 164,Visalia,CA,93292,,,Y,,IND
65951,Randolf Solar Partners LLC,"6363 College Boulevard, Suite",Overland Park,KS,66211,Y,,,,Q
65952,"Henry Gibson Solar, LLC","44 Montgomery Street, Suite 31",San Francisco,CA,94104,Y,,Y,,Q
65953,Heimlich Solar Partners LLC,"6363 College Boulevard, Suite",Overland Park,KS,66211,Y,,,,Q
65954,Small Mouth Bass Solar Partners LLC,"6363 College Boulevard, Suite",Overland Park,KS,66211,Y,,,,Q
65955,"Solitude Solar Russell County Rd 21 Microgrid, LLC",800 Gessner Road,Houston,TX,77024,Y,Y,Y,,Q
65956,ME Sandy River LLC,800 Gessner Road,Houston,TX,77024,Y,Y,Y,,Q
65957,"Solitude Solar New Hartford Oxford Microgrid, LLC",800 Gessner Road,Houston,TX,77024,Y,Y,Y,,Q
65958,"SL Sherman, LLC",800 Gessner Road,Houston,TX,77024,Y,Y,Y,,Q
65959,"SL Sherman II, LLC",800 Gessner Road,Houston,TX,77024,Y,Y,Y,,Q
65960,"DG Empire Sun, LLC",700 Universe Blvd,Juno Beach,FL,33408,Y,Y,Y,,Q
65961,"Grimes County Solar Project, LLC",450 Sansome,San Francisco,CA,94111,Y,,,,Q
65962,"Catalyze Fort Worth 5200 Gold Spike Drive Microgrid, LLC",800 Gessner Road,Houston,TX,77024,Y,Y,Y,,Q
65964,"Montgomery Ranch Wind Farm, LLC",701 Brazos St,Austin,TX,78701,Y,Y,,,Q
65965,"Crow Creek Solar, LLC",700 Universe Blvd,Juno Beach,FL,33408,Y,Y,Y,,Q
65967,"Iron Belt Energy Storage Project, LLC","100 Brickstone Square, Suite 3",Andover,MA,01810,Y,,,,Q
65968,"Yellow Pine Solar II, LLC",700 Universe Blvd.,Juno Beach,FL,33408,Y,Y,,,Q
65969,"SR Marion, LLC","222 2nd Ave South, Suite 1900",Nashville,TN,37201,Y,Y,Y,,Q
65970,"Sunlight Road Solar, LLC",575 Fifth Avenue,New York,NY,10017,Y,,,,Q
65980,"BESSP1, LLC.",950 S 10th Street Suite 001,Omaha,NE,68108,Y,Y,Y,,Q
65981,"Forgeview Solar, LLC",700 Universe Boulevard,Juno Beach,FL,33408,Y,Y,Y,,Q
65982,"Flat Fork Solar, LLC",700 Universe Boulevard,Juno Beach,FL,33408,Y,Y,Y,,Q
65983,UPC Power Solutions,"500 W Madison Street, Suite 10",Chicago,IL,60661,Y,,,,Q
65984,"Longbow BESS, LLC",1704 Palisades Pointe Ln,Austin,TX,78738,Y,,,,Q
65985,"EF NY CDG 010, LLC",800 Gessner Road,Houston,TX,77024,Y,Y,Y,,Q
65986,"Gransolar Texas Three, LLC","125 E. John Carpenter Fwy, Sui",Irving,TX,75062,Y,,,,Q
65988,"Township Road 215 Solar Project 2021, LLC",200 Harborside Dr (Suite 200),Schenectady,NY,12305,Y,Y,Y,,Q
65990,Belmar Gateway Solar LLC,200 Harborside Dr (Suite 200),Schenectady,NY,12305,Y,Y,Y,,Q
65991,"THD NJ Riverview Main Distribution Center Solar Project 2020, LLC",200 Harborside Dr (Suite 200),Schenectady,NY,12305,Y,Y,Y,,Q
65992,"ADP Boulevard Solar Project 2021, LLC",200 Harborside Dr,Schenectady,NY,12305,Y,Y,Y,,Q
65993,"SR Clarksville, LLC",222 2nd Ave South Suite 1900,Nashville,TN,37201,Y,Y,Y,,Q
65994,"SR Clarksville II, LLC",222 2nd Ave South Suite 1900,Nashville,TN,37201,Y,Y,Y,,Q
65995,"SR Byhalia, LLC","222 2nd Ave South, Suite 1900",Nashville,TN,37201,Y,Y,Y,,Q
65996,"SR Franklin, LLC","222 2nd Ave South, Suite 1900",Nashville,TN,37201,Y,Y,Y,,Q
65997,"Amite Solar, LLC","700 Universe Blvd, A3A",Juno Beach,FL,33408,Y,Y,Y,,Q
65998,"Flint Mine Solar, LLC",575 Fifth Ave,New York,NY,10017,Y,,,,Q
65999,"NextGrid Bitterbush, LLC",44 Montgomery Street,San Francisco,CA,94104,Y,,Y,,Q
66000,"NextGrid Corkwood, LLC",44 Montgomery Street,San Francisco,CA,94104,Y,,Y,,Q
66001,"Bayou Galion Solar Project, LLC",98 San Jacinto Blvd,Austin,TX,78701,Y,Y,Y,,Q
66002,"Pastoria Solar Energy Company, LLC",717 Texas Ave. #1000,Houston,TX,77002,Y,,,,Q
66003,Reactivate,"2045 W Grand Ave Ste B, PMB 52",Chicago,IL,60612,,,Y,,Q
66005,"Rhode Island Solar Renewable Energy IV, LLC",2000 Chapel View Blvd. Suit 50,Cranston,RI,02920,,Y,Y,,Q
66006,"GD West Greenwich Nooseneck I, LLC",2000 Chapel View Blvd. Suit 50,Cranston,RI,02920,,Y,Y,,Q
66007,"NY Pulteney I, LLC",315 Post Road W,Westport,CT,06880,Y,,,,Q
66008,"SR Panola II, LLC",222 2nd Ave South Suite 1900,Nashville,TN,37201,Y,Y,Y,,Q
66009,"SR Panola III, LLC",222 2nd Ave South Suite 1900,Nashville,TN,37201,Y,Y,Y,,Q
66010,"SR Panola I, LLC",222 2nd Ave South Suite 1900,Nashville,TN,37201,Y,Y,Y,,Q
66011,"SR Monroe, LLC",222 2nd Ave South Suite 1900,Nashville,TN,37201,Y,Y,Y,,Q
66012,"SR Marshall, LLC",222 2nd Ave South Suite 1900,Nashville,TN,37201,Y,Y,Y,,Q
66013,"SR West Marshall, LLC",222 2nd Ave South Suite 1900,Nashville,TN,37201,Y,Y,Y,,Q
66014,"DG Kendall, LLC",1771 W Kendall Rd.,Kendall,NY,14476,Y,Y,Y,,Q
66015,Solar Breakers LLC,700 Universe Blvd,Juno Beach,FL,33408,Y,Y,Y,,Q
66016,"DG Moorman Creek, LLC",700 Universe Boulevard A1A/JB,Juno Beach,FL,33408,Y,Y,Y,,Q
66018,"Excel Advantage Services, LLC",1999 Bryan St,Dallas,TX,75201,Y,,,,Q
66019,"SR Blount, LLC",222 2nd Ave S,Nashville,TN,37201,Y,Y,Y,,Q
66020,"SR Christiana, LLC",222 2nd Ave S,Nashville,TN,37201,Y,Y,Y,,Q
66021,"SR Albany, LLC",222 2nd Ave S,Nashville,TN,37201,Y,Y,Y,,Q
66022,"SR Lambert I, LLC",222 2nd Ave S,Nashville,TN,37201,Y,Y,Y,,Q
66023,"SR Scottsville, LLC",222 2nd Ave S,Nashville,TN,37201,Y,Y,Y,,Q
66024,"SR Toombs I, LLC",222 2nd Ave S,Nashville,TN,37201,Y,Y,Y,,Q
66027,Orsted Wind Power North America LLC,"399 Boylston St, 12th Floor",Boston,MA,02116,Y,Y,Y,,Q
66029,Novel Froehle Solar HQ LLC,2303 Wycliff Street,St. Paul,MN,55114,Y,Y,Y,,Q
66030,Novel Milbradt Solar HQ LLC,2303 Wycliff Street,St. Paul,MN,55114,Y,Y,Y,,Q
66031,Novel Brock Solar HQ LLC,2303 Wycliff Street,St. Paul,MN,55114,Y,Y,Y,,Q
66032,Novel Swenson Solar HQ LLC,2303 Wycliff Street,St. Paul,MN,55114,Y,Y,Y,,Q
66033,Groton BESS 2 LLC,1201 Wilson Blvd,Arlington,VA,22209,Y,Y,Y,,Q
66034,"Auburn Renewables, LLC",PO Box 348,Auburn,IN,46706,Y,Y,Y,,Q
66037,"SR White Pine, LLC",222 2nd Ave South Suite 1900,Nashville,TN,37201,Y,Y,Y,,Q
66038,"SR Warren, LLC",222 2nd Ave South Suite 1900,Nashville,TN,37201,Y,Y,Y,,Q
66039,"SC Oregon 2 Lessor Parent, LLC","1330 Avenue of the Americas, F",New York,NY,10019,,,Y,,Q
66040,"Milford Solar 1, LLC","1330 Avenue of the Americas, F",New York,NY,10019,,,Y,,Q
66041,"USF Essex Lessor, LLC","1330 Avenue of the Americas, F",New York,NY,10019,,,Y,,Q
66042,"USF Surry, LLC","1330 Avenue of the Americas, F",New York,NY,10019,,,Y,,Q
66043,Oak Solar LLC,595 Summer St,Stamford,CT,06901,Y,,,,Q
66044,Sun E N7 Holdings LLC,"6363 College Blvd., Ste. 100 A",Overland Park,KS,66211,Y,,,,Q
66049,"Foxhound Solar, LLC",3092 Green Valley Road,Clover,VA,24534,,,,Y,I
66050,Solar Star Prime 4 LLC,4330 Gaines Ranch Loop,Austin,TX,78735,,,Y,,Q
66053,"Beehive Energy Storage, LLC",15445 Innovation Dr.,San Diego,CA,92128,Y,,,,Q
66054,"Solar Star Bear Creek, LLC",1201 Louisiana Street,Houston,TX,77002,,,Y,,Q
66055,Colice Hall Solar LLC,595 Summer St.,Stamford,CT,06901,Y,,,,Q
66056,Mohave Energy,"100 Park Avenue, 24th Floor",New York,NY,10017,Y,Y,Y,,Q
66057,"Rodeo Ranch Energy Storage, LLC",1780 Hughes Landing Blvd,The Woodlands,TX,77380,Y,Y,Y,Y,Q
66059,"Hornshadow Solar, LLC",575 Fifth Ave,New York,NY,10017,Y,,,,Q
66060,LSE Perseus LLC,"40mTower Lane, Suite 201",Avon,CT,06001,Y,Y,Y,,Q
66061,BQ Energy Development,"400 Market Industrial Park, Su",Wappingers Falls,NY,12590,Y,,,,COM
66063,"FRP Tupelo Solar, LLC",700 Universe Blvd,Juno Beach,FL,33408,Y,Y,,,Q
66064,"Bexar ESS, LLC","21960 Minnetonka Blvd, Suite 2",Excelsior,MN,55331,Y,,,,Q
66065,"CTMW Solar, LLC","1808 Wedemeyer St, Suite 221",San Francisco,CA,94129,Y,Y,,,COM
66067,Groton BESS 1 LLC,1201 Wilson Blvd,Arlington,VA,22209,Y,Y,Y,,Q
66068,Holden BESS 1 LLC,1201 Wilson Blvd,Arlington,VA,22209,Y,Y,Y,,Q
66069,Paxton BESS 1 LLC,1201 Wilson Blvd,Arlington,VA,22209,Y,Y,Y,,Q
66070,"Hornshadow Solar II, LLC",575 Fith Ave,New York,NY,10017,Y,,,,Q
66071,Franklin Solar Idaho,"550 S Caldwell St, NAS09",Charlotte,NC,28202,Y,Y,,,Q
66072,"Anticline Wind, LLC",700 Universe Blvd,Juno Beach,FL,33408,Y,Y,Y,,Q
66074,"Overlook Solar Partners, LLC",200 Liberty Street,New York,NY,10281,Y,Y,,,Q
66075,"Old Gold Energy Center, LLC",4119 Evergreen Ave,Joice,IA,50446,Y,,,,Q
66076,"Sun Ridge Solar, LLC",1201 Wilson Blvd,Arlington,VA,22209,Y,Y,Y,,Q
66077,"Shifting Sands Solar, LLC",1201 Wilson Blvd,Arlington,VA,22209,Y,Y,Y,,Q
66078,"Sunny Rock Solar, LLC",1201 Wilson Blvd,Arlington,VA,22209,Y,Y,Y,,Q
66079,"River Trail Solar, LLC",1201 Wilson Blvd,Arlington,VA,22209,Y,Y,Y,,Q
66080,"Prairie Solar, LLC (VA)",1201 Wilson Blvd,Arlington,VA,22209,Y,Y,Y,,Q
66081,Salka Cabazon Wind LLC,655 G Street,San Diego,CA,92101,Y,Y,Y,,Q
66083,Johnson County Power LLC,831 Sparks Dr,Cleburne,TX,76033,Y,,,,Q
66084,Brush Power LLC,1500 S Clayton St,Brush,CO,80723,,Y,,,Q
66085,"Jack County Power, LLC",3844 Henderson Ranch Rd,Bridgeport,TX,76426,Y,,,,Q
66086,RW Miller Power LLC,2217 FM 3137,Palo Pinto,TX,76484,Y,,,,Q
66087,Quail Ranch Solar and Battery Energy Storage System,PO Box 2576,Boise,ID,83701,Y,Y,Y,,Q
66088,"FRP Gadsden County Solar, LLC",700 Universe Blvd,Juno Beach,FL,33408,Y,Y,,,Q
66089,"FRP Columbia County Solar, LLC",700 Universe Blvd,Juno Beach,FL,33408,Y,Y,,,Q
66090,"FRP Gilchrist County Solar, LLC",700 Universe Blvd,Juno Beach,FL,33408,Y,Y,,,Q
66091,"Harmony Florida Solar II, LLC",700 UNiverse Blvd,Juno Beach,FL,33408,Y,Y,,,Q
66092,"Storey Bend Solar, LLC",700 Universe Blvd,Juno Beach,FL,33408,Y,Y,,,Q
66093,LSE Chamaeleon LLC,"40 Tower Lane, Suite 201",Avon,CT,06001,Y,Y,Y,,Q
66094,"Pleasant Valley Solar, LLC",800 Brickell Ave. Suite 901,Miami,FL,33131,Y,,,,Q
66095,Stillhouse Solar LLC,"800 Brickell Ave, Suite 901",Miami,FL,33131,Y,Y,,,Q
66096,Helios Energy New York 3 LLC,700 Universe Blvd,Juno Beach,FL,33408,Y,Y,Y,,Q
66097,Helios Energy New York 2 LLC,700 Universe Blvd,Juno Beach,FL,33408,Y,Y,Y,,Q
66098,Relevate Power Management LLC,"230 Park Ave, Suite 307",New York,NY,10167,Y,Y,,,Q
66099,Jade Meadow LLC,212 Carnegie Center Dr. Suite,Princeton,NJ,08540,Y,,,,Q
66100,Boralex US Operations LLC,39 Hudson Falls Rd,South Glens Falls,NY,12803,Y,,,,Q
66103,Hartree Partners LP,1185 Avenue of the Americas,New York,NY,10036,,Y,,,Q
66104,Billerud Wisconsin LLC,510 High Street,Wisconsin Rapids,WI,54495,Y,,,,IND
66105,Trestles Grid LLC,"600 W Fulton St, Suite 510",Chicago,IL,60661,Y,Y,Y,,Q
66106,Broadway CDG Solar LLC,"2530 Riva Road, Suite 200",Annapolis,MD,21401,,Y,Y,,Q
66107,"Carne Energy Storage, LLC","575 Fifth Ave., 35th Fl.,",New York,NY,10017,Y,,,,Q
66108,"Hinds Solar, LLC","575 Fifth Ave., 35th Fl.,",New York,NY,10017,Y,,,,Q
66109,"Entegrity Solar ACC, LLC",921 E. Fort Ave,Baltimore,MD,21230,Y,,,,Q
66110,"Anemoi Energy Storage, LLC",1780 Hughes Landing Blvd,The Woodlands,TX,77380,Y,Y,Y,Y,Q
66111,"Ebony Energy Storage, LLC",1780 Hughes Landing Blvd,The Woodlands,TX,77380,Y,Y,Y,Y,Q
66115,Mahipapa LLC,733 Bishop Street,Honolulu,HI,96813,Y,,,,Q
66117,"Autoliv ASP, Inc.",1320 Pacific Drive,Auburn Hills,MI,48326,Y,,,,IND
66119,Mesa Wind Repower,200 Liberty St. 14th floor,New York,NY,10281,Y,,,,Q
66120,McCormick NY CSG LLC,"2530 RIVA ROAD, SUITE 200",Annapolis,MD,21401,Y,Y,Y,,Q
66121,Rock Rose Energy Storage LLC,"155 Federal Street, 17th Floor",Boston,MA,02110,Y,,,,Q
66122,Alina Energy LLC,155 Federal Street 17th Floor,Boston,MA,02110,Y,,,,Q
66123,Summit Ridge Energy,"1000 Wilson Blvd, Suite 2400",Arlington,VA,22209,Y,,,,Q
66124,"Dos Palos Clean Power, LLC",4675 Stevens Creek Blvd,Santa Clara,CA,95051,,Y,,,Q
66125,"Foster Clean Power A, LLC",4675 Stevens Creek Blvd,Santa Clara,CA,95051,,Y,,,Q
66127,Howard University,2400 6th Street NW,Washington,DC,20059,Y,,,,Q
66128,Nationwide Solar Energy LLC,"40 Tower Lane, Suite 201",Avon,CT,06001,Y,Y,Y,,Q
66129,"Cedar Springs Wind IV, LLC",700 Universe Blvd,Juno Beach,FL,33408,Y,Y,Y,,Q
66130,Dynamic Energy Holdings LLC,"3021 BIG ROAD, P.O. BOX 11",Frederick,PA,19435,Y,,,,COM
66131,"Surbrook Solar, LLC",5821 Fairview Rd Suite 201,Charlotte,NC,28209,,,Y,,Q
66132,"MEVS DOT, LLC",230 SW 43rd St,Renton,WA,98057,Y,,,,Q
66141,Solar PV Development NM 18 II LLC,575 Fifth Ave.,New York,NY,10017,Y,,,,Q
66142,Goose Prairie Solar LLC,200 Liberty St. 14th Floor,New York,NY,10281,Y,,,,Q
66143,"Alcosta Boulevard BR 15-DD Solar Project 2020, LLC","200 Harborside Drive, Suite 20",Schenectady,NY,12305,Y,Y,Y,,Q
66144,"Camino Ramon BR 2600 Solar Project 2020, LLC","200 Harborside Drive, Suite 20",Schenectady,NY,12305,Y,Y,Y,,Q
66145,"Highland Ave Solar 1, LLC","200 Harborside Drive, Suite 20",Schenectady,NY,12305,Y,Y,Y,,Q
66146,"Ruggirello Solar, LLC","200 Harborside Drive, Suite 20",Schenectady,NY,12305,Y,Y,Y,,Q
66147,"FFP NY Goshen Project1, LLC","200 Harborside Drive, Suite 20",Schenectady,NY,12305,Y,Y,Y,,Q
66148,"FFP NY Goshen Project2, LLC","200 Harborside Drive, Suite 20",Schenectady,NY,12305,Y,Y,Y,,Q
66149,"Magic Mountain Parkway Solar Project 2023, LLC","200 Harborside Drive, Suite 20",Schenectady,NY,12305,Y,Y,Y,,Q
66150,"TJA-NY-11202 Ridge Rd Medina, LLC","200 Harborside Drive, Suite 20",Schenectady,NY,12305,Y,Y,Y,,Q
66151,"Sun Streams PVS, LLC",125 High Street 17th Floor Hig,Boston,MA,02110,Y,Y,Y,,Q
66152,"Sun Streams Expansion, LLC",125 High Street 17th Floor Hig,Boston,MA,02110,Y,Y,Y,,Q
66154,"Bowser Road Solar Project 2021, LLC","200 Harborside Drive, Suite 20",Schenectady,NY,12305,Y,Y,Y,,Q
66155,"ESNY-RT-ELMSFORD, LLC","200 Harborside Drive, Suite 20",Schenectady,NY,12305,Y,Y,Y,,Q
66156,"Dudley Road Solar Project 2021, LLC","200 Harborside Drive, Suite 20",Schenectady,NY,12305,Y,Y,Y,,Q
66157,"Morristown Solar II, LLC","200 Harborside Drive, Suite 20",Schenectady,NY,12305,Y,Y,Y,,Q
66158,Locust Solar LLC,"200 Harborside Drive, Suite 20",Schenectady,NY,12305,Y,Y,Y,,Q
66159,"Whaling Solar, LLC","200 Harborside Drive, Suite 20",Schenectady,NY,12305,Y,Y,Y,,Q
66160,"Freemans Way Solar Project 2019, LLC","200 Harborside Drive, Suite 20",Schenectady,NY,12305,Y,Y,Y,,Q
66161,"FFP MD Freeland Project1, LLC","200 Harborside Drive, Suite 20",Schenectady,NY,12305,Y,Y,Y,,Q
66162,"Wyman Hill Solar, LLC","200 Harborside Drive, Suite 20",Schenectady,NY,12305,Y,Y,Y,,Q
66163,"SR Canadaville, LLC",222 2nd Ave South Suite 1900,Nashville,TN,37201,Y,Y,Y,,Q
66167,LSE Coma Berenices LLC,"40 Tower Lane, Suite 201",Avon,CT,06001,Y,Y,Y,,Q
66168,LSE Canes Venatici LLC,"40 Tower Lane, Suite 201",Avon,CT,06001,Y,Y,Y,,Q
66169,"Pluto Energy Storage, LLC",700 Universe Boulevard,Juno Beach,FL,33408,Y,Y,Y,,Q
66171,"SGT Hoskins Solar Project, LLC",5160 Tennyson Pkwy,Plano,TX,75024,Y,,,,Q
66172,"Hat Creek Bioenergy, LLC",24339 CA-89,Burney,CA,96013,Y,Y,,,Q
66174,"Carvers Creek, LLC",4374 Glenns Road,Gloucester,VA,23061,Y,Y,Y,,Q
66177,LSE Pisces LLC,"40 Tower Lane, Suite 201",Avon,CT,06001,Y,Y,Y,,Q
66178,Liberty Renewables Incorporated,90 State Street,Albany,NY,12207,Y,,,,Q
66180,"CPV Rogue's Wind, LLC","8403 Colesville Road, Suite 91",Silver Spring,MD,20910,Y,,Y,,Q
66181,"CPV County Line Solar, LLC","8403 Colesville Road, Suite 91",Silver SPring,MD,20910,Y,,Y,,Q
66182,"Green Mile Solar, LLC","200 Liberty Street, 14th Floor",New York,NY,10281,Y,Y,,,Q
66183,"Tower Solar Partners, LLC","200 Liberty Street, 14th Floor",New York,NY,10281,Y,Y,,,Q
66185,Erath County Solar LLC,700 Universe Blvd,Juno Beach,FL,33408,Y,,,,Q
66186,"Funston Solar, LLC",700 Universe Blvd,Juno Beach,FL,33408,Y,,,,Q
66187,"Lake Whitney Solar, LLC",700 Universe Blvd,Juno Beach,FL,33408,Y,,,,Q
66188,"Vaca Del Sol, LLC",700 Universe Blvd,Juno Beach,FL,33408,Y,,,,Q
66189,"Throckmorton Wind, LLC",700 Universe Blvd,Juno Beach,FL,33408,Y,,,,Q
66190,"Waco Solar II, LLC",700 Universe Blvd,Juno Beach,FL,33408,Y,,,,Q
66191,"Mineral Basin Solar Power, LLC","470 Atlantic Avenue, Suite 601",Boston,MA,02210,Y,,,,Q
66194,"RPNY Solar 4, LLC",44 Montgomery St. Suite 3150,San Francisco,CA,94104,Y,,Y,,Q
66195,"RPNY Solar 6, LLC",44 Montgomery St. Suite 3150,San Francisco,CA,94104,Y,,Y,,Q
66196,"RPNY Solar 7, LLC",44 Montgomery St. Suite 3150,San Francisco,CA,94104,Y,,Y,,Q
66197,LSE Delphinus LLC,"40 Tower Lane, Suite 201",Avon,CT,06001,Y,Y,Y,,Q
66198,LSE Pictor LLC,"40 Tower Lane, Suite 201",Avon,CT,06001,Y,Y,Y,,Q
66199,Hopkins Energy LLC,1555 County Road 3523,Dike,TX,75437,Y,,,,Q
66200,"Century Oak Wind Project, LLC",4405 Highway 880N,Cisco,TX,76437,Y,,,,Q
66208,"Camco International Group, Inc.","333 Perry Street, Ste 301",Castle Rock,CO,80104,,,Y,,Q
66210,"Lane City Wind, LLC",911 TX-60,Lane City,TX,77453,Y,Y,,,Q
66211,"Cherrywood Solar, LLC",700 Universe Blvd,Juno Beach,FL,33408,Y,Y,,,Q
66212,RA Jones,2701 Crescent Springs Pike,Covington,KY,41017,Y,Y,,,IND
66214,Union Sanitary District,5072 Benson Road,Union City,CA,94587,,,Y,,M
66215,LSE Phoenix LLC,"40 Tower Lane, Suite 201",Avon,CT,06001,Y,Y,Y,,Q
66216,LSE Fornax LLC,"40 Tower Lane, Suite 201",Avon,CT,06001,Y,Y,Y,,Q
66217,Copia Power,24853 Del Prado,Dana Point,CA,92629,Y,,Y,,Q
66218,"TAI Huntsville Solar, LLC",825 Third Ave,New York,NY,10022,Y,,,,Q
66219,Cavalry Energy Center LLC,2755 Raystone Dr,Valparaiso,IN,46383,,,,Y,C
66220,Spectrum Solar LLC,4341 Montgomery Ave,Bethesda,MD,20814,Y,,,,Q
66221,Finchville Tpke LLC,700 Universe Blvd E5E/JB,Juno Beach,FL,33408,Y,Y,Y,,Q
66222,"Lower Road II, LLC",700 Universe Blvd E5E/JB,Juno Beach,FL,33408,Y,Y,Y,,Q
66223,"Lower Road III, LLC",700 Universe Blvd E5E/JB,Juno Beach,FL,33408,Y,Y,Y,,Q
66224,Johnson & Johnson Consumer Inc,"199 Grandview Rd, Skillman",Montgomery TWP,NJ,08558,Y,,,,COM
66225,TRITEC Americas,888 Prospect Street,La Jolla,CA,92037,Y,,,,I
66226,"Serrano Solar, LLC",125 High Street 17th Floor Hig,Boston,MA,02110,Y,Y,Y,,Q
66229,Walnut Bend Solar Station,5400 Lee Road 925,Moro,AR,72368,Y,,,,I
66230,LSE Ara LLC,"40 Tower Lane, Suite 201",Avon,CT,06001,Y,Y,Y,,Q
66231,LSE Indus LLC,"40 Tower Lane, Suite 201",Avon,CT,06001,Y,Y,Y,,Q
66232,"Green River Energy Center, LLC",201 S. Main St Suite 2100,Salt Lake City,UT,84111,Y,,,,Q
66233,"Oliver Wind IV, LLC",700 Universe Blvd,Juno Beach,FL,33408,Y,Y,Y,,Q
66234,Nexus Renewables U.S. Inc.,"677 Broadway, Suite 401",Albany,NY,12207,Y,,,,Q
66235,"Entegrity Solar ADC, LLC","921 E. Fort Avenue, Suite 120-",Baltimore,MD,21230,Y,,,,Q
66236,"Entegrity Solar Green Forest, LLC",921 E. Fort Avenue Suite 120-1,Baltimore,MD,21230,Y,,,,Q
66237,"Entegrity Solar Crossett SD, LLC",921 E. Fort Avenue Suite 120-1,Baltimore,MD,21230,Y,,,,Q
66238,BluePath Solar Sacramento I LLC,"921 E. Fort Avenue, Suite 120-",Baltimore,MD,21230,Y,,,,Q
66239,"Entegrity Solar El Dorado SD, LLC","921 E. Fort Avenue, Suite 120-",Baltimore,MD,21230,Y,,,,Q
66240,"Nabholz Solar FPS Ozarks, LLC","921 E. Fort Avenue, Suite 120-",Baltimore,MD,21230,Y,,,,Q
66241,"Nabholz Solar FPS, LLC","921 E. Fort Avenue, Suite 120-",Baltimore,MD,21230,Y,,,,Q
66242,"Entegrity Solar LRWRA, LLC","921 E. Fort Avenue, Suite 120-",Baltimore,MD,21230,Y,,,,Q
66243,"Entegrity Solar Rivercrest SD, LLC",921 E. Fort Avenue Suite 120-1,Baltimore,MD,21230,Y,,,,Q
66244,"Entegrity Solar SWU, LLC",921 E. Fort Avenue Suite 120-1,Baltimore,MD,21230,Y,,,,Q
66245,"Entegrity Solar SWU 2, LLC",921 E. Fort Avenue Suite 120-1,Baltimore,MD,21230,Y,,,,Q
66246,"Entegrity Solar Southside SD, LLC","921 E. Fort Avenue, Suite 120-",Baltimore,MD,21230,Y,,,,Q
66248,"Entegrity Solar UA AG, LLC","921 E. Fort Avenue, Suite 120-",Baltimore,MD,21230,Y,,,,Q
66249,"Entegrity Solar WRMC, LLC","921 E. Fort Avenue, Suite 120-",Baltimore,MD,21230,Y,,,,Q
66250,"Milagro Solar I, LLC",130 Cattleman Dr,Santa Teresa,NM,88008,Y,Y,Y,,Q
66252,"Greenalia Wind Power Blue Hills, LLC",251 Little Falls Dr,Wilmington,DE,19808,Y,,,,Q
66253,"Greenalia Solar Power Donegal, LLC",211 E. 7th St,Travis,TX,78701,Y,,,,Q
66254,"Greenalia Solar Power Leitrim, LLC",1999 Bryan St,Dallas,TX,75201,Y,,,,Q
66255,"RIC Development, LLC","17 State St, Suite 2320",New York,NY,10004,,,,Y,Q
66256,LSE Lepus LLC,"40 Tower Lane, Suite 201",Avon,CT,06001,Y,Y,Y,,Q
66257,LSE Ophiuchus LLC,"40 Tower Lane, Suite 201",Avon,CT,06001,Y,Y,Y,,Q
66258,"Greenalia Solar Power Ratcliff, LLC",1999 Bryan St.,Dallas,TX,75201,Y,,,,Q
66259,Vista Sands Solar LLC,Two Logan Square,Philadelphia,PA,19103,Y,,,,Q
66260,"Greenalia Solar Power Reis, LLC",1999 Bryan St.,Dallas,TX,75201,Y,,,,Q
66261,"Greenalia Solar Power Roscommon, LLC",1999 Bryan St.,Dallas,TX,75201,Y,,,,Q
66262,"Greenalia Solar Power Wensowitch, LLC",1999 Bryan St,Dallas,TX,75201,Y,,,,Q
66263,"Greenalia Solar Power Wittig, LLC",1999 Bryan St,Dallas,TX,75201,Y,,,,Q
66264,AETS OpCo Holdings LLC,300 Atlantic St. Suite 501,Stamford,CT,06901,Y,Y,,,Q
66265,"Kuna BESS, LLC","11801 Domain Blvd, Suite 525",Austin,TX,78758,Y,,,,Q
66266,Form Energy Inc.,30 Dane St,Somerville,MA,02143,Y,Y,Y,,COM
66267,"Solar DG IL 4, LLC","200 Liberty Street, 14th Floor",New York,NY,10281,Y,Y,,,Q
66268,"Solar DG IL 5, LLC","200 Liberty Street, 14th Floor",New York,NY,10281,Y,Y,,,Q
66271,"Boott Hydro, LLC - Hybrid ",4747 Bethesda Avenue ,Bethesda ,MD,20814,Y,Y,Y,,Q
66272,"Cedar Hill ESS Assets, LLC",1130 N Joe Wilson Rd,Dallas,TX,75104,Y,,,,Q
66273,"Catalyze Newark Solar Farm 1 Microgrid, LLC",800 Gessner Road Suite 700,Houston,TX,77024,Y,Y,Y,,Q
66274,AstraZeneca Pharmaceuticals,587 Old Baltimore Pike,Newark,DE,19702,Y,Y,Y,,IND
66275,Lower Lowline LLC,357 6th Ave. W,Twin Falls,ID,83301,,Y,,,Q
66276,"Solar DG NY Sunnyside 2, LLC",111 S. Calvert St,Baltimore,MD,21202,Y,Y,,,Q
66279,CHI NV Solar LLC,200 Liberty St 14th Floor,New York,NY,10281,Y,Y,,,Q
66280,"Markum Solar Farm, LLC",18780 China Spring Road,Valley Mills,TX,76689,Y,Y,Y,,Q
66282,Frankfort Solar Farm LLC,800 Gessner Road Suite 700,Houston,TX,77024,Y,Y,Y,,Q
66283,"Catalyze Newark Solar Farm 2 Microgrid, LLC",800 Gessner Road Suite 700,Houston,TX,77024,Y,Y,Y,,Q
66284,"SV CSG Afton I, LLC","2530 Riva Road, Suite 200",Annapolis,MD,21401,,Y,Y,,Q
66285,DSI Don Solar LLC,"2530 Riva Road, Suite 200",Annapolis,MD,21401,,Y,Y,,Q
66286,Adams PV Plant (WI),529 County Road M,Adams,WI,53910,Y,Y,Y,,Q
66287,"SL Evans, LLC",800 Gessner Road Suite 700,Houston,TX,77024,Y,Y,Y,,Q
66288,"Catalyze Pombrio Solar Farm 1 Microgrid, LLC",800 Gessner Road,Houston,TX,77024,Y,Y,Y,,Q
66289,"Catalyze Pombrio Solar Farm 2 Microgrid, LLC",800 Gessner Road,Houston,TX,77024,Y,Y,Y,,Q
66290,NSF Energy One LLC,1241 University Ave,Rochester,NY,14607,Y,,,,Q
66291,Portage Solar Plant,N8917,Portage,WI,53901,,Y,,,Q
66292,Desert Willow Energy Storage,100 Bayview Circle,Newport Beach,CA,92660,Y,Y,Y,,Q
66293,"NSF Torrey Site 3, LLC",700 Universe Boulevard (A1A/JB,Juno Beach,FL,33408,Y,Y,Y,,Q
66294,"NSF Torrey Site 2, LLC",700 Universe Boulevard (A1A/JB,Juno Beach,FL,33408,Y,Y,Y,,Q
66295,"NSF Torrey Site 1, LLC",700 Universe Boulevard (A1A/JB,Juno Beach,FL,33408,Y,Y,Y,,Q
66300,NY CDG Genesee 1 LLC,800 Gessner Road Suite 700,Houston,TX,77024,Y,Y,Y,,Q
66301,NY CDG Genesee 4 LLC,800 Gessner Road Suite 700,Houston,TX,77024,Y,Y,Y,,Q
66303,PFMD LL Jessup LLC,800 Gessner Rd Ste 700,Houston,TX,77024,Y,Y,Y,,Q
66304,PFMD LL Baltimore LLC,800 Gessner Rd Ste 700,Houston,TX,77024,Y,Y,Y,,Q
66305,"Rio Vista Executive Boat & RV Storage, LLC",302 River Rd,Rio Vista,CA,94571,Y,,,,COM
66306,Town Of Cary,316 N. Academy St,Cary,NC,27513,Y,,,,M
66314,JGT2 Energy LLC,300 Riley Road,Jay,ME,04239,Y,,,,IND
66316,"Northumberland Solar, LLC",1201 Wilson Blvd. Ste 2200,Arlington,VA,22209,Y,Y,Y,,Q
66317,"Kola Energy Storage, LLC",700 Universe Blvd A3A,Juno Beach,FL,33408,Y,Y,Y,,Q
66318,"Zeta Solar, LLC",125 High Street High Street To,Boston,MA,02110,Y,Y,Y,Y,Q
66319,"Heartwood Solar, LLC",575 Fifth Ave,New York,NY,10017,Y,,,,Q
66320,"White Tail Solar, LLC",575 Fifth Avenue,New York,NY,10017,Y,,,,Q
66321,NY CDG Montgomery 1 LLC,800 Gessner Road,Houston,TX,77024,Y,Y,Y,,Q
66331,"Birch Creek Power, LLC",2650 Locust St.,St. Louis,MO,63101,Y,,,,Q
66334,Twin Lakes Solar LLC,4901 E. Luse Rd.,Monticello,IN,47960,Y,,,,Q
66335,Capon Bridge Solar LLC,575 5th Ave,New York,NY,10017,Y,,,,Q
66336,"Wild Plains Wind Project, LLC",700 Universe Blvd,Juno Beach,CA,33408,Y,Y,,,Q
66337,Exus New Mexico,"1435 Bedford Avneue, STE C-2",Pittsburgh,PA,15219,Y,Y,Y,,Q
66338,Al Pastor BESS LLC,10 State House Square 15th Flo,Hartford,CT,06103,Y,,,,Q
66342,"Catalyze Joliet 1101 Cherry Hill Road Microgrid, LLC","800 Gessner Rd., Suite 700",Houston,TX,77024,Y,Y,Y,,Q
66343,"Catalyze Rochelle Wiscold Drive Microgrid, LLC","800 Gessner Rd., Suite 700",Houston,TX,77024,Y,Y,Y,,Q
66344,Kingstree West 115 LLC,420 Alan Wood Road,Conshohocken,PA,19428,Y,,,,Q
66345,"Sebree Solar, LLC",700 Universe Blvd,Juno Beach,FL,33408,Y,,,,Q
66346,"Silver Peak Solar, LLC","300 Spectrum Center Drive, Sui",Irvine,CA,92618,Y,,,,Q
66347,"Placid Solar II, LLC","651 North Broad Street, Suite",Middletown,DE,19709,Y,,,,Q
66348,"Silver State South Storage, LLC",2250 E Primm Boulevard,Primm,NV,89019,Y,Y,,,Q
66349,"DG Harlem, LLC",700 Universe Blvd,Juno Beach,FL,33408,Y,Y,Y,,Q
66350,Wigeon Whistle BESS LLC,10 State House Sq 15th Floor,Hartford,CT,06103,Y,,,,Q
66351,Citadel BESS LLC,10 State House Sq 15th Floor,Hartford,CT,06103,Y,,,,Q
66352,SMT Ironman BESS LLC,10 State House Sq 15th Floor,Hartford,CT,06103,Y,,,,Q
66353,"Solar DG IL 2, LLC","200 Liberty Street, 14th Floor",New York,NY,10281,Y,Y,,,Q
66354,"Anole Energy Storage, LLC","100 Bayview Circle, Suite 340",Newport Beach,CA,92660,Y,Y,Y,,Q
66355,Bollinger Canyon Road BR 1-X Solar Project 2020,200 Harborside Dr Ste 200,Schenectady,NY,12305,Y,Y,Y,,Q
66356,Milford Pepes Farm Road Solar LLC,200 Harborside Dr Ste 200,Schenectady,NY,12305,Y,Y,Y,,Q
66357,Shapham Place Solar Project 2020 LLC,200 Harborside Dr Ste 200,Schenectady,NY,12305,Y,Y,Y,,Q
66358,Russell Pacific LLC,305 Dela Vina Ave,Monterey,CA,93940,Y,,,,Q
66359,"Fort Duncan BESS,  LLC",98 San Jacinto Blvd,Austin,TX,78701,Y,,,,Q
66360,Reliability Design & Development LLC,2505 Kolbe Reach Lane,Houston,TX,77080,Y,,,,Q
66361,Stampede Solar Project LLC,100 Brickstone Sq Ste 300,Andover,MA,01810,Y,Y,Y,,Q
66362,"All World Machinery Supply, Inc.",6164 All World Way,Roscoe,IL,61073,Y,,,,IND
66363,Bypass BESS LLC,"11801 Domain Blvd, Suite 525",Austin,TX,78758,Y,,,,Q
66364,"Hart Wind Project, LLC",700 Universe Blvd,Juno Beach,FL,33408,Y,,,,Q
66365,"Golden Fields Solar IV, LLC",100 California St Suite 400,San Francisco,CA,94118,Y,Y,Y,,Q
66366,"Compadre Solar, LLC",700 Universe Boulevard,Juno Beach,FL,33408,Y,,,,Q
66367,"Pittsburg RV & Boat Storage, LLC",2810 Harbor Bay Pkwy Suite B,Alameda,CA,94502,Y,,,,COM
66368,Valley Sun Solar LLC,"1360 Post Oak Blvd., Suite 400",Houston,TX,77056,Y,Y,Y,,Q
66369,Mission Clean Energy Devco LLC,3210 21st st,San Francisco,CA,94110,Y,,,,Q
66370,Gransolar Texas Nine LLC,125 E. John Carpenter Fwy,Irving,TX,75062,Y,,,,Q
66371,Gransolar Texas Twenty LLC,"125 E. John Carpenter Fwy, Sui",Irving,TX,75062,Y,,,,Q
66372,Gransolar BESS Texas Six LLC,"125 E. John Carpenter Fwy, Sui",Irving,TX,75062,Y,,,,Q
66373,Gransolar Texas Two LLC,"125 E. John Carpenter Fwy, Sui",Irving,TX,75062,Y,,,,Q
66374,Gransolar Texas Four LLC,"125 E. John Carpenter Fwy, Sui",Irving,TX,75062,Y,,,,Q
66375,"Gransolar Texas Sixteen, LLC","125 E. John Carpenter Fwy, Sui",Irving,TX,75062,Y,,,,Q
66376,Gransolar Texas Five LLC,"125 E. John Carpenter Fwy, Sui",Irving,TX,75062,Y,,,,Q
66377,"Gransolar Texas Seventeen, LLC","125 E. John Carpenter Fwy, Sui",Irving,TX,75062,Y,,,,Q
66378,Gransolar Texas Seven LLC,"125 E. John Carpenter Fwy, Sui",Irving,TX,75062,Y,,,,Q
66380,Gransolar Texas Twenty Two LLC,"125 E. John Carpenter Fwy, Sui",Irving,TX,75062,Y,,,,Q
66381,Gransolar Texas Twelve LLC,"125 E. John Carpenter Fwy, Sui",Irving,TX,75062,Y,,,,Q
66382,Gransolar Texas Eleven LLC,"125 E. John Carpenter Fwy, Sui",Irving,TX,75062,Y,,,,Q
66383,Gransolar Texas Nineteen LLC,"125 E. John Carpenter Fwy, Sui",Irving,TX,75062,Y,,,,Q
66384,"GRS BESS Texas Seven, LLC","125 E. John Carpenter Fwy,",Irving,TX,75062,Y,,,,Q
66385,Gransolar Texas Ten LLC,"125 E. John Carpenter Fwy, Sui",Irving,TX,75062,Y,,,,Q
66386,Gransolar Texas Six LLC,"125 E. John Carpenter Fwy, Sui",Irving,TX,75062,Y,,,,Q
66387,"Babacomari Solar, LLC",575 Fifth Ave.,New York,NY,10017,Y,,,,Q
66394,Randolph Solar Park LLC,4674 S. Vail Rd,Coolidge,AZ,85128,Y,Y,Y,,Q
66395,Temo Renewables LLC,103 Carnegie Center Boulevard,Princeton,NJ,08540,Y,,,,Q
66396,"Solar Powered Ag, LLC","1808 Wedemeyer St, Suite 221",San Francisco,CA,94129,Y,Y,Y,,Q
66402,Hickory Solar LLC,"1501 McKinney, Suite 1300",Houston,TX,77010,Y,Y,Y,,Q
66405,Mordor ES1 LLC,3 Gill Station Road,Little Lake,CA,93542,Y,Y,,,Q
66406,Mordor ES2 LLC,3 Gill Station Road,Little Lake,CA,93542,Y,Y,,,COM
66409,Great Bend Solar LLC,2 Logan Sq,Philadelphia,PA,19103,Y,,,,Q
66410,"127 CVF, LLC","921 E. Fort Avenue, Suite 120-",Baltimore,MD,21230,Y,,,,COM
66411,Kearsarge Onset LLC,1380 Soldiers Field Road,Boston,MA,02135,Y,Y,Y,,Q
66412,"Emeren US, LLC","5000 Hopyard Road, Suite 302",Pleasanton,CA,94588,Y,Y,Y,,Q
66413,Ray Ranch Solar LLC,11055 FM 883,Pettus,TX,77963,Y,,,,Q
66414,Rivanna Solar LLC,1901 Harrison St Ste 1630,Oakland,CA,94612,Y,,,,Q
66416,SBESS TX7 LLC,2685 W Audie Murphy Pkwy,Farmersville,TX,75442,Y,,,,Q
66417,SBESS TX6 LLC,1431 Caroline St,Dickinson,TX,77539,Y,,,,Q
66418,SBESS TX5 LLC,1901 Harrison St Ste 1630,Oakland,CA,94612,Y,,,,Q
66419,ME Fort Fairfield LLC,800 Gessner Rd Ste 700,Houston,TX,77024,Y,Y,Y,,Q
66420,"Luna Valley Solar I, LLC",100 California St Suite 400,San Francisco,CA,94118,Y,Y,Y,,Q
66421,"BT Signal Ranch, LLC","1901 Harrison Street, Suite 16",Oakland,CA,94612,Y,,,,Q
66422,ORNI 30 LLC,6884 Sierra Center Parkway,Reno,NV,89511,Y,Y,,,Q
66423,VESI 34 LLC,6884 Sierra Center Parkway,Reno,NV,89511,Y,Y,,,Q
66424,Hardy Hills Solar LLC,3669 N County Rd 0 Eastwest,Frankfort,IN,46041,Y,Y,Y,,I
66425,Delta Electronics (Americas) Ltd,46101 Fremont Blvd,Fremont,CA,94538,Y,Y,,,IND
66426,Dill Holdings LLC,11330 Vanstory Dr Ste 101,Huntersville,NC,28078,Y,Y,,,Q
66427,McDowell Creek Solar LLC,11330 Vanstory Dr Ste 101,Huntersville,NC,28078,Y,Y,,,Q
66430,Kingstree East 230 LLC,420 Alan Wood Rd,Conshohocken,PA,19428,Y,,,,Q
66431,Liberty 1 Solar LLC,1255 23rd St NW Ste 300,Washington,DC,20037,Y,,,,Q
66432,"BT Connolly Storage, LLC",116 County rd 4511,Decatur,TX,76234,Y,,,,Q
66433,Giga Texas Energy LLC,1 Tesla Rd,Austin,TX,78725,Y,,,,Q
66434,"Foster Clean Power B, LLC",1330 Post Oak Road,Houston,TX,77056,,Y,,,Q
66438,Harris Farms Inc,24505 W Dorris Ave,Coalinga,CA,93210,Y,,Y,,COM
66440,RMQ Ventures LLC,"2250 59th St, 4th Floor",Brooklyn,NY,11204,Y,,,,COM
66441,Ratts 1 Solar LLC,"8800 N Gainey Ctr. Dr., Ste 10",Scottsdale,AZ,85258,Y,,Y,,Q
66442,"Heirloom Solar (Ratts 1 Phase 2 Solar, LLC)","8800 N Gainey Ctr. Dr., Ste 10",Scottsdale,AZ,85258,Y,,Y,,Q
66444,"Troutdale Grid, LLC",700 Universe Blvd,Juno Beach,FL,33408,Y,Y,Y,,Q
66445,"NineDot Holdings, LLC","370 Jay Street, 7th Floor",Brooklyn,NY,11201,Y,Y,Y,,Q
66446,"Clermont Solar, LLC",1201 Wilson Blvd Ste 2200,Arlington,VA,22209,Y,Y,Y,,Q
66447,Gladys Solar LLC,1201 Wilson Blvd Ste 2200,Arlington,VA,22209,Y,Y,Y,,Q
66448,Parks Valley Energy LLC,1201 Wilson Blvd Ste 2200,Arlington,VA,22209,Y,Y,Y,,Q
66449,"Potter Solar, LLC",1201 Wilson Blvd Ste 2200,Arlington,VA,22209,Y,Y,Y,,Q
66450,"Spout Spring Solar, LLC",1201 Wilson Blvd Ste 2200,Arlington,VA,22209,Y,Y,Y,,Q
66451,"Stony Creek Solar, LLC",1201 Wilson Blvd Ste 2200,Arlington,VA,22209,Y,Y,Y,,Q
66454,Wyatt Mill Solar LLC,1201 Wilson Blvd. Ste 2200,Arlington,VA,22209,Y,Y,Y,,Q
66461,Two Oaks Solar and Storage,1201 Wilson Blvd Ste 2200,Arlington,VA,22209,Y,Y,Y,,Q
66462,Dunns Bridge II Solar and Storage Generation LLC,2755 Raystone Drive,Valparaiso,IN,46383,Y,Y,Y,,I
66463,"51LV 8me, LLC",4370 Town Center Blvd,El Dorado Hills,CA,95762,Y,,,,Q
66464,"210MS 8me, LLC",4370 Town Center Blvd,El Dorado Hills,CA,95762,Y,,,,Q
66465,"229HD 8me, LLC",4370 Town Center Blvd,El Dorado Hills,CA,95782,Y,,,,Q
66466,"452HL 8me, LLC",4370 Town Center Blvd,El Dorado Hills,CA,95762,Y,,,,Q
66467,Escape Solar LLC,50 West Liberty St Ste 430,Reno,NV,89501,Y,,,,Q
66469,"Holtec Palisades, LLC",27780 Blue Star Hwy,Covert,MI,49043,Y,,,,Q
66470,Los Angeles County DHS,313 N Figueroa Street,Los Angels,CA,90012,Y,Y,,,M
66473,Timbermill Wind,120 Garrett Street,Charlottesville,VA,22902,Y,Y,Y,,Q
66475,"Catskill View Solar, LLC",700 Universe Boulevard (A1A/JB,Juno Beach,FL,33408,Y,Y,Y,,Q
66476,"Claverack Creek Solar, LLC",700 Universe Boulevard (A1A/JB,Juno Beach,FL,33408,Y,Y,Y,,Q
66478,City of Springfield (MO),840 N Boonville Rd,Springfield,MO,65802,Y,Y,,,M
66479,"Crossroads Solar, LLC - (IN)","575 Fifth Ave., 24th Fl",New York,NY,10017,Y,,,,Q
66480,Daggett Solar Power 1 LLC,100 California St Suite 400,San Francisco,CA,94118,Y,Y,Y,,Q
66481,"Bodhi Solar, LLC",700 Universe Boulevard (A1A/JB,Juno Beach,FL,33408,Y,Y,Y,,Q
66482,"PCR Rapids 1 Op, LLC",1654 King Street,Enfield,CT,06082,Y,,Y,,Q
66485,"Vernon Solar and Storage, LLC","1725 Hughes Landing Blvd, suit",The Woodlands,TX,77380,Y,,,,Q
66486,"Clearview Solar I, LLC",12601 Champaign-Logan,Quincy,OH,43343,Y,Y,Y,,Q
66487,"Goshen Solar, LLC","190 High St, 3rd Floor",Boston,MA,02110,Y,,,,Q
66488,"Flora Solar, LLC","120 Garrett Street, Suite 700",Charlottesville,VA,22902,Y,Y,Y,,Q
66489,RREF IV-P CP III Marietta Street LLC,190 Marietta Street,Atlanta,GA,30305,Y,,,,COM
66490,"Pigeon Run Solar, LLC","1201 Louisiana St, Suite 1800",Houston,TX,77002,Y,,,,Q
66491,"Zenith Solar, LLC","1201 Louisiana St, Suite 1800",Houston,TX,77002,Y,,,,Q
66499,"Lyonsdale Hydroelectric Co., Inc.","12333 Sowden Rd,",Houston,TX,77080,Y,,,,Q
66500,700Eubanks LLC,"700 Eubanks Dr,",Vacaville,CA,95688,Y,Y,Y,,Q
66501,MaxSolar,450 Raritan Center Pkwy Ste E,Edison,NJ,08837,,,,Y,Q
66506,Willow Creek Wind LLC,700 Universe Blvd,Juno Beach,FL,33480,Y,Y,Y,,Q
66508,"Moonlight Flats Solar Power, LLC",470 Atlantic Ave Ste 601,Boston,MA,02210,Y,,,,Q
66509,Red River Clean Energy,107 Spring Street,Seattle,WA,98104,Y,Y,Y,,Q
66511,"Boyles Run Solar I, LLC","60 Broad St., 24th floor",New York,NY,10004,Y,,,,Q
66512,"Boyles Run Solar II, LLC","60 Broad St., 24th floor",New York,NY,10004,Y,,,,Q
66513,"East Atmore Solar, LLC",130 Roberts Street,Asheville,NC,28801,Y,Y,Y,,Q
66514,DSI Julie Solar LLC,"2530 Riva Road, Suite 200",Annapolis,MD,21401,Y,Y,Y,,Q
66515,"Crossover Wind, LLC","C/O Cordelio Power, 100 King S",Toronto,ON,M5K 2,Y,Y,Y,,Q
66516,"Dans Mountain Wind Force, LLC",100 California St.,San Francisco,CA,94118,Y,Y,Y,,Q
66517,"Two Hearted Solar, LLC",130 Roberts St,Asheville,NC,28801,Y,Y,Y,,Q
66518,180th Fighter Wing,2660 South Eber Road,Swanton,OH,43558,Y,Y,,,F
66521,Hodson Greendefine Jay Desoto LLC,"60 Broad Street, 24th Floor",New York,NY,10004,Y,,,,Q
66524,Cattlemen Solar Park II LLC,"1501 McKinney Street, Suite 13",Houston,TX,77010,Y,Y,Y,,Q
66525,"Quaker Creek Farm Solar, LLC",130 Roberts Street,Asheville,NC,28801,Y,Y,Y,,Q
66526,"Burksol, LLC",100 Bayview Circle,Newport Beach,CA,92660,Y,Y,Y,,Q
66527,May Renewables LLC,4510 Cox Rd. Suite 200,Glen Allen,VA,23060,,,,Y,Q
66528,Brookhaven 1,350 Horseblock,Brookhaven,NY,11980,Y,,,,Q
66529,Mompano,17275 South Killdeer,Beavercreek,OR,97004,Y,,,,Q
66530,"Sandersville Solar, LLC",130 Roberts St,Asheville,NC,28801,Y,Y,Y,,Q
66531,"Drawhorn Solar, LLC",130 Roberts St,Asheville,NC,28801,Y,Y,Y,,Q
66533,"Ozark Hydro Management, LLC",4810 Heber Springs Road,Locust Grove,AR,72550,,,Y,,Q
66534,"Cooks Mill PV I, LLC","1901 Harrison St, Suite 1630",Oakland,CA,94612,Y,,Y,,Q
66535,Belgian Renewable Energy Group (BREG),4669 Southwest Fwy. Suite 830,Houston,TX,77079,Y,Y,Y,,Q
66536,"Cherry Valley PV I, LLC","1901 Harrison St, Suite 1630",Oakland,CA,94612,Y,,Y,,Q
66538,"Crooked Creek PV I, LLC","1901 Harrison St, Suite 1630",Oakland,CA,94612,Y,,Y,,Q
66540,"Apex NC Solar, LLC",130 Roberts St.,Asheville,NC,28801,Y,Y,Y,,Q
66541,"Solar DG CA Long Beach, LLC","111 S. Calvert Street, Suite 1",Baltimore,MD,21202,Y,Y,Y,,Q
66542,"Piney Woods Solar, LLC","575 Fifth Ave., 24th Fl",New York,NY,10017,Y,,,,Q
66543,"Old Hayneville Solar, LLC",130 Roberts Street,Asheville,NC,28801,Y,Y,Y,,Q
66544,"Foley Solar, LLC",130 Roberts Street,Asheville,NC,28801,Y,Y,Y,,Q
66545,"Catalyze Breesport Road Microgrid, LLC",800 Gessner Road Suite 700,Houston,TX,77024,Y,Y,Y,,Q
66546,"NY CDG Ontario 2, LLC",800 Gessner Road Suite 700,Houston,TX,77024,Y,Y,Y,,Q
66547,Above Grid Montour Solar LLC,800 Gessner Road Suite 700,Houston,TX,77024,Y,Y,Y,,Q
66548,Above Grid Binghamton Solar LLC,800 Gessner Road Suite 700,Houston,TX,77024,Y,Y,Y,,Q
66549,Caballero CA Storage LLC,"4201 Main St, Ste 200-145,",Houston,TX,77002,Y,Y,Y,,Q
66550,Telyon AMZ Windsor LLC,455 BOSTON POST RD,OLD SAYBROOK,CT,06475,Y,,Y,,Q
66552,Blue Moon Energy LLC,98 San Jacinto Blvd Ste 750,Austin,TX,78701,Y,,,,Q
66554,Cowboy Solar I,"15725 Dallas Parkway, Suite 55",Addison,TX,75001,Y,,,,Q
66555,BCE Seal Beach,"2355 E Camelback Rd., Ste 410",Phoenix,AZ,85016,Y,Y,Y,,Q
66556,"SL Jamestown, LLC",800 Gessner Road Suite 700,Houston,TX,77024,Y,Y,Y,,Q
66557,"SL Jamestown II, LLC",800 Gessner Road Suite 700,Houston,TX,77024,Y,Y,Y,,Q
66559,Leprino Foods,351 N Belle Haven Dr,Lemoore,CA,93245,Y,,,,IND
66560,Elliot Solar LLC,701 Market Street STE 700,St. Louis,MO,63101,Y,,,,Q
66561,Selkirk Solar LLC,800 Gessner Road Suite 700,Houston,TX,77024,Y,Y,Y,,Q
66562,"Lake Wilson Solar, LLC","101 Summer Street, Floor 2",Boston,MA,02110,Y,Y,Y,,Q
66563,"Lake Lilian Solar, LLC","101 Summer Street, Floor 2",Boston,MA,02110,Y,Y,Y,,Q
66564,Rodatherm Energy Corporation,50 West Broadway,Salt Lake City,UT,84101,Y,Y,,,Q
66566,Wolf Run Solar LLC,1837 Concord Arenzville Rd,Chapin,IL,62628,Y,Y,Y,,Q
66567,"Prospect Power, LLC",470 Atlantic Ave Ste 601,Boston,MA,02210,Y,,,,Q
66568,"Alabama Creek Solar, LLC","11330 Vanstory Drive, Suite 10",Huntersville,NC,28078,Y,Y,,,Q
66569,Whetstone Power Operations LLC,4533 Lane 2 North,Mosca,CO,81146,,Y,Y,,Q
66570,"Catalina Solar, LLC",422 Topaz Rd,Batesburg,SC,29006,Y,Y,Y,,Q
66571,Clenera DevCo LLC,PO Box 2576,Boise,ID,83701,Y,Y,Y,,Q
66572,"Montpelier Solar, LLC","1201 Louisiana Street, Suite 1",Houston,TX,77002,Y,Y,Y,,Q
66573,EDPRNA DG VA Manassas LLC,"100 Park Avenue 24th Floor,",New York,NY,10017,Y,Y,Y,,Q
66574,EDPRNA DG CA Livermore LLC,100 Park Avenue 24th Floor,New York,NY,10017,Y,Y,Y,,Q
66576,Chillingham Solar LLC,7249-6721 Shaw,Rogers,TX,76569,Y,,,,Q
66577,"DG Niagara, LLC",700 Universe Blvd,Juno Beach,FL,33408,Y,Y,Y,,Q
66578,Poet Bioprocessing Emmetsburg,4724 380th St,Emmetsburg,IA,50536,Y,,,,IND
66579,Cape HoldCo LLC,"910 Louisiana Street, Suite #4",Houston,TX,77002,Y,Y,Y,,Q
66580,"Old Frontier Solar III PV, LLC",101 Summer Street,Boston,MA,02110,Y,Y,Y,,Q
66581,GRS BESS Texas Eight LLC,"125 E. John Carpenter Fwy, Sui",Irving,TX,75062,Y,,,,Q
66583,"SR Arcadia South, LLC",222 2nd Ave South Suite 1900,Nashville,TN,37201,Y,Y,Y,,Q
66584,"SR Benton, LLC",222 2nd Ave South Suite 1900,Nashville,TN,37201,Y,Y,Y,,Q
66585,"SR Brownsville, LLC",222 2nd Ave South Suite 1900,Nashville,TN,37201,Y,Y,Y,,Q
66586,"SR Cherry Valley, LLC",222 2nd Ave South Suite 1900,Nashville,TN,37201,Y,Y,Y,,Q
66587,"SR Clifton, LLC",222 2nd Ave South Suite 1900,Nashville,TN,37201,Y,Y,Y,,Q
66588,"SR Copeland, LLC",222 2nd Ave South Suite 1900,Nashville,TN,37201,Y,Y,Y,,Q
66589,"SR Dumas, LLC",222 2nd Ave South Suite 1900,Nashville,TN,37201,Y,Y,Y,,Q
66590,"SR Fisher, LLC",222 2nd Ave South Suite 1900,Nashville,TN,37201,Y,Y,Y,,Q
66591,"SR Forked Deer, LLC",222 2nd Ave South Suite 1900,Nashville,TN,37201,Y,Y,Y,,Q
66592,"SR Hickman, LLC",222 2nd Ave South Suite 1900,Nashville,TN,37201,Y,Y,Y,,Q
66593,"SR Jasper, LLC",222 2nd Ave South Suite 1900,Nashville,TN,37201,Y,Y,Y,,Q
66594,"SR Lexington, LLC",222 2nd Ave South Suite 1900,Nashville,TN,37201,Y,Y,Y,,Q
66595,"SR Maryville East, LLC",222 2nd Ave South Suite 1900,Nashville,TN,37201,Y,Y,Y,,Q
66596,"SR Milan, LLC",222 2nd Ave South Suite 1900,Nashville,TN,37201,Y,Y,Y,,Q
66597,"SR Robins I, LLC",222 2nd Ave South Suite 1900,Nashville,TN,37201,Y,Y,Y,,Q
66598,"SR South Gibson, LLC",222 2nd Ave South Suite 1900,Nashville,TN,37201,Y,Y,Y,,Q
66599,"SR Trenton, LLC",222 2nd Ave South Suite 1900,Nashville,TN,37201,Y,Y,Y,,Q
66600,"SR Trezevant, LLC",222 2nd Ave South Suite 1900,Nashville,TN,37201,Y,Y,Y,,Q
66601,"Ticon Solar, LLC",700 Universe Boulevard (E5E/JB,Juno Beach,FL,33408,Y,Y,Y,,Q
66602,"SR Hope Hull, LLC",222 2nd Ave South Suite 1900,Nashville,TN,37201,Y,Y,Y,,Q
66603,"SR Maryville, LLC",222 2nd Ave South Suite 1900,Nashville,TN,37201,Y,Y,Y,,Q
66604,"SR Lambert II, LLC",222 2nd Ave South Suite 1900,Nashville,TN,37201,Y,Y,Y,,Q
66605,"MPH AL Pierce, LLC",195 East Street,Wallingford,CT,06106,,Y,,,I
66606,"Templeton Wind Energy Center, LLC",2755 Raystone Dr,Valparaiso,IN,46383,Y,Y,Y,,I
66607,"Belltown Power Texas 2, LLC","13612 Midway Road, Suite 200",Farmers Branch,TX,75244,Y,,,,Q
66608,"NSF Enfield Site 3, LLC",700 Universe Boulevard (E5E/JB,Juno Beach,FL,33408,Y,Y,Y,,Q
66609,"NSF Enfield Site 2, LLC",700 Universe Boulevard (E5E/JB,Juno Beach,FL,33408,Y,Y,Y,,Q
66610,"NSF Enfield Site 1, LLC",700 Universe Boulevard (E5E/JB,Juno Beach,FL,33408,Y,Y,Y,,Q
66611,"Maumee Solar, LLC",700 Universe Boulevard (E5E/JB,Juno Beach,FL,33405,Y,Y,Y,,Q
66612,"NSF Coventry Site 2, LLC",700 Universe Boulevard (E5E/JB,Juno Beach,FL,33408,Y,Y,Y,,Q
66613,"NSF Coventry Site 3, LLC",700 Universe Boulevard (E5E/JB,Juno Beach,FL,33408,Y,Y,Y,,Q
66614,"Rush Solar Farm 1, LLC",700 Universe Boulevard (E5E/JB,Juno Beach,FL,33408,Y,Y,Y,,Q
66615,"Big Elm Solar, LLC","120 Garret St, Suite 700",Charlottesville,VA,22902,Y,Y,Y,,Q
66616,"Fremont Solar, LLC","125 High Street, 17th Floor Hi",Boston,MA,02110,Y,Y,Y,,Q
66617,"Big Elm Storage, LLC","120 Garrett Street, Suite 700",Charlottesville,VA,22902,Y,Y,Y,,Q
66618,"Bowman Wind, LLC","120 Garrett Street, Suite 700",Charlottesville,VA,22902,Y,Y,Y,,Q
66619,"Coldwater River Solar, LLC",120 Garret St,Charlottesville,VA,22902,Y,Y,Y,,Q
66620,"Coles Wind, LLC",120 Garrett Street,Charlottesville,VA,22902,Y,Y,Y,,Q
66621,"Downeast Wind, LLC","120 Garrett Street, Suite 700",Charlottesville,VA,22902,Y,Y,Y,,Q
66622,"Firelands Wind, LLC","120 Garrett Street, Suite 700",Charlottesville,VA,22902,Y,Y,Y,,Q
66623,"Great Kiskadee Storage, LLC","120 Garrett Street, Suite 700",Charlottesville,VA,22902,Y,Y,Y,,Q
66624,"Heritage Wind, LLC","120 Garrett Street, Suite 700",Charlottesville,VA,22902,Y,Y,Y,,Q
66625,"Lotus Wind, LLC",120 Garrett Street,Charlottesville,VA,22902,Y,Y,Y,,Q
66627,Helios Energy New York 13 LLC,700 Universe Boulevard (E5E/JB,Juno Beach,FL,33408,Y,Y,Y,,Q
66630,"Riverstone Solar, LLC","120 Garret St, Suite 700",Charlottesville,VA,22902,Y,Y,Y,,Q
66631,"Rocky Forge Wind, LLC","120 Garrett Street, Suite 700",Charlottesville,VA,22902,Y,Y,Y,,Q
66632,"Two Rivers Solar, LLC","120 Garret St, Suite 700",Charlottesville,VA,22902,Y,Y,Y,,Q
66633,"Wheatsborough Solar, LLC","120 Garret St, Suite 700",Charlottesville,VA,22902,Y,Y,Y,,Q
66634,Sequoia 1 Solar Project,"915 N. Eldridge Parkway, Suite",Houston,TX,55802,Y,,,,Q
66635,"Rio Lago Solar, LLC",130 Roberts Street,Asheville,NC,28801,Y,Y,Y,,Q
66636,"IP Roman, LLC","9450 Southwest Gemini Drive, P",Beaverton,OR,97008,Y,,,,Q
66638,MN CSG 2019-82 LLC,2530 Riva Rd Ste 200,Annapolis,MD,21401,Y,Y,Y,,Q
66639,MN CSG 2019-60 LLC,2530 Riva Rd Ste 200,Annapolis,MD,21401,Y,Y,Y,,Q
66640,"IP Meitner, LLC","9450 Southwest Gemini Drive, P",Beaverton,OR,97008,Y,,,,Q
66641,"Greenwood Solar I, LLC","1901 Harrison St, Suite 1600",Oakland,CA,94512,Y,,,,Q
66642,City of Little Rock,500 West Markham Street,Little Rock,AR,72201,Y,,,,M
66643,Trousdale Solar I,700 Universe Boulevard (E5E/JB,Juno Beach,FL,33408,Y,Y,Y,,Q
66644,"Trousdale Solar II, LLC",700 Universe Boulevard (E5E/JB,Juno Beach,FL,33408,Y,Y,Y,,Q
66645,Northern Power & Light,47 Main St,Saranac Lake,NY,12945,,Y,,Y,Q
66646,"ReWild Renewables, LLC",47 Bow St,Portsmouth,NH,03801,Y,,,Y,Q
66647,"Prosperity Wind, LLC","120 Garrett Street, Suite 700",Charlottesville,VA,22902,Y,Y,Y,,Q
66649,Viridis Solar,58 Commerce rd,Stamford,CT,06902,Y,,,,Q
66650,Noble Solar LLC,"1901 Harrison St, Suite 1600",Oakland,CA,94612,Y,,,,Q
66653,"SR Adamsville, LLC",222 2nd Ave South Suite 1900,Nashville,TN,37201,Y,Y,Y,,Q
66654,"SR Altheimer, LLC",222 2nd Ave South Suite 1900,Nashville,TN,37201,Y,Y,Y,,Q
66655,"SR Bacon, LLC",222 2nd Ave South Suite 1900,Nashville,TN,37201,Y,Y,Y,,Q
66656,"SR Delhi, LLC",222 2nd Ave South Suite 1900,Nashville,TN,37201,Y,Y,Y,,Q
66657,"SR Denmark, LLC",222 2nd Ave South Suite 1900,Nashville,TN,37201,Y,Y,Y,,Q
66658,"SR Des Arc, LLC",222 2nd Ave South Suite 1900,Nashville,TN,37201,Y,Y,Y,,Q
66659,"SR Dunn, LLC",222 2nd Ave South Suite 1900,Nashville,TN,37201,Y,Y,Y,,Q
66660,"SR Bear Creek, LLC",222 2nd Ave South Suite 1900,Nashville,TN,37201,Y,Y,Y,,Q
66661,SR Georgetown. LLC,222 2nd Ave South Suite 1900,Nashville,TN,37201,Y,Y,Y,,Q
66662,"SR Gray, LLC",222 2nd Ave South Suite 1900,Nashville,TN,37201,Y,Y,Y,,Q
66663,"SR Horus, LLC",222 2nd Ave South Suite 1900,Nashville,TN,37201,Y,Y,Y,,Q
66664,"SR Metter, LLC",222 2nd Ave South Suite 1900,Nashville,TN,37201,Y,Y,Y,,Q
66665,"SR Quincy Valley, LLC",222 2nd Ave South Suite 1900,Nashville,TN,37201,Y,Y,Y,,Q
66666,"SR Rochelle I, LLC",222 2nd Ave South Suite 1900,Nashville,TN,37201,Y,Y,Y,,Q
66667,"SR Sequatchie, LLC",222 2nd Ave South Suite 1900,Nashville,TN,37201,Y,Y,Y,,Q
66668,"SR North Bastrop, LLC",222 2nd Ave South Suite 1900,Nashville,TN,37201,Y,Y,Y,,Q
66669,"Solar Star 3, LLC",4124 NW Ubandale Drive,Urbandale,IA,50322,Y,,,,Q
66670,"Solar Star 4, LLC",4124 NW Ubandale Drive,Urbandale,IA,50322,Y,,,,Q
66671,"SR Shelby, LLC",222 2nd Ave South Suite 1900,Nashville,TN,37201,Y,Y,Y,,Q
66672,"SR South Bastrop, LLC",222 2nd Ave South Suite 1900,Nashville,TN,37201,Y,Y,Y,,Q
66673,"SR Winnsboro, LLC",222 2nd Ave South Suite 1900,Nashville,TN,37201,Y,Y,Y,,Q
66674,"SR Wynne South, LLC",222 2nd Ave South Suite 1900,Nashville,TN,37201,Y,Y,Y,,Q
66675,DG Green Arrow LLC,2530 Riva Rd Ste 200,Annapolis,MD,21401,Y,Y,Y,,Q
66676,"Gransolar Texas One, LLC",130 Roberts Street,Asheville,NC,28801,Y,Y,Y,,Q
66677,"BT Jungmann, LLC",130 Roberts Street,Asheville,NC,28801,Y,Y,Y,,Q
66679,NY CDG Oneida 2 LLC,800 Gessner Road Suite 700,Houston,TX,77024,Y,Y,Y,,Q
66680,Mondu Solar LLC,700 universe Blvd,Juno Beach,CA,33408,Y,Y,Y,,Q
66681,"EAGL bn, LLC",515 N Flagler Dr Ste 250,West Palm Beach,FL,33401,Y,Y,Y,,Q
66682,"MAHI bn, LLC",515 N Flagler Dr Ste 250,West Palm Beach,FL,33401,Y,Y,Y,,Q
66683,"DYSP, LLC",515 N Flagler Dr Ste 250,West Palm Beach,FL,33401,Y,Y,Y,,Q
66684,"JUGU bn, LLC",515 N Flagler Dr Ste 250,West Palm Beach,FL,33401,Y,Y,Y,,Q
66685,"GGSO, LLC",515 N Flagler Dr Ste 250,West Palm Beach,FL,33401,Y,Y,Y,,Q
66686,"FRON bn, LLC",515 N Flagler Dr Ste 250,West Palm Beach,FL,33401,Y,Y,Y,,Q
66687,MS1,251 Little Falls Drive,Wilmington,DE,19808,Y,,,,Q
66688,Rich Road Solar Energy Center,15445 Innovation Drive,San Diego,CA,92128,Y,Y,Y,,Q
66689,Sweetleaf Solar LLC,"15445 Innovation Drive,","San Diego,",CA,92128,Y,Y,,,Q
66690,"Morris Ridge Solar Energy Center, LLC","15445 Innovation Drive,","San Diego,",CA,92128,Y,Y,Y,,Q
66691,Erin Solar LLC,20 North Audley Street,London,UK,W1K 6,Y,,,,Q
66692,GCC Trident LLC,4070 Trident Rd,Three Forks,MT,59752,Y,,,,IND
66693,"Catalyze Oxnard 2600 Sakioka Drive Microgrid, LLC","800 Gessner Rd., Ste. 700",Houston,TX,77024,Y,Y,Y,,Q
66694,Sandman Solar LLC,"400 13th Street,",Canyon,TX,79015,Y,,,,IND
66695,Gigawatt Solar LLC,401 13th Street,Canyon,TX,79015,Y,,,,Q
66696,Ion Solar LLC (TX),"400 13th street,",Canyon,TX,79015,Y,,,,Q
66697,Alpin Holding LLC,"623 N.Main Street,",Hereford,TX,79045,Y,,,,IND
66698,"Eagle Point Energy Center, LLC",29 Industrial Way,Orrington,ME,04474,Y,Y,,,Q
66699,"SR Millington II, LLC",222 2nd Ave South Suite 1900,Nashville,TN,37201,Y,Y,Y,,Q
66700,"BOCA bn, LLC",515 North Flagler Drive Suite,West Palm Beach,FL,33401,Y,Y,Y,,Q
66701,"CENT bn, LLC",515 North Flagler Dr. Suite 25,West Palm Beach,FL,33401,Y,Y,Y,,Q
66702,"DESA bn, LLC",515 North Flagler Dr. Suite 25,West Palm Beach,FL,33401,Y,Y,Y,,Q
66703,"Green River Solar, LLC",700 Universe Blvd,Juno Beach,FL,33408,Y,Y,,,Q
66704,"THSI bn, LLC",515 North Flagler Drive Suite,West Palm Beach,FL,33401,Y,Y,Y,,Q
66705,"TUAL bn, LLC",515 North Flagler Drive Suite,West Palm Beach,FL,33401,Y,Y,Y,,Q
66706,"SINC bn, LLC",515 North Flagler Drive Suite,West Palm Beach,FL,33401,Y,Y,Y,,Q
66707,Puuloa Energy LLC,1209 Orange St,Wilmington,DE,19801,Y,Y,,,Q
66708,Puuloa Solar LLC,1209 Orange St,Wilmington,DE,19801,Y,Y,,,Q
66710,"Industrial Kilo Project, LLC",3000 East Cesar Chavez,Austin,TX,78702,Y,,,,Q
66711,"ARFL bn, LLC",515 North Flagler Dr. Suite 25,West Palm Beach,FL,33401,Y,Y,Y,,Q
66712,"BIGL bn, LLC",515 North Flagler Dr. Suite 25,West Palm Beach,FL,33401,Y,Y,Y,,Q
66713,"DUTC bn, LLC",515 North Flagler Dr. Suite 25,West Palm Beach,FL,33401,Y,Y,Y,,Q
66714,Lake Trout Solar,15445 Innovation Drive,San Diego,CA,92128,Y,Y,,,Q
66715,"Yuma bn, LLC",515 North Flagler Drive Suite,West Palm Beach,FL,33401,Y,Y,Y,,Q
66716,"ATLAS BESS IV, LLC","300 Spectrum Center Drive, Sui",Irvine,CA,92618,Y,,,,Q
66717,Atlas VII LLC,"300 Spectrum Center Drive, Sui",Irvine,CA,92618,Y,,,,Q
66718,Atlas VIII LLC,"300 Spectrum Center Drive, Sui",Irvine,CA,92618,Y,,,,Q
66719,Atlas IX LLC,"300 Spectrum Center Drive, Sui",Irvine,CA,09261,Y,,,,Q
66725,Whitemarsh Continuing Care Retirement Community,4000 Fox Hound Dr,Lafayette Hill,PA,19444,Y,,,,COM
66726,Nimbus Wind Farm LLC,3140 CR 905,Green Forest,AR,72638,Y,Y,Y,,Q
66727,Blackwell Creek Solar LLC,3519 NE 15th Ave #325,Portland,OR,97212,Y,,,,Q
66728,"Show Me State Solar, LLC","575 Fifth Ave., 24th Fl.",New York,NY,10017,Y,,,,Q
66729,"Industrial Bravo Project, LLC",3000 East Cesar Chavez,Austin,TX,78702,Y,,,,Q
66731,BrightNight Power,515 North Flagler Drive,West Palm Beach,FL,33401,Y,Y,Y,,Q
66732,Verde Light Community Solar LLC,200 E Main St,Enterprise,OR,97828,Y,Y,Y,,Q
66733,"Crossroads bn, LLC","515 N Flagler Drive, Suite 250",West Palm Beach,FL,33401,Y,Y,Y,,Q
66734,"CVSO, LLC","515 N Flagler Diive, Suite 250",West Palm Beach,FL,33401,Y,Y,Y,,Q
66735,"DEGA bn, LLC","515 N Flagler Drive, Suite 250",West Palm Beach,FL,33401,Y,Y,Y,,Q
66736,"GREE bn, LLC",515 North Flagler Drive Suite,West Palm Beach,FL,33401,Y,Y,Y,,Q
66737,"HOHI bn, LLC",515 North Flagler Drive Suite,West Palm Beach,FL,33401,Y,Y,Y,,Q
66738,"GRVA bn, LLC",515 North Flagler Drive Suite,West Palm Beach,FL,33401,Y,Y,Y,,Q
66739,"LOSN, LLC",515 North Flagler Drive Suite,West Palm Beach,FL,33401,Y,Y,Y,,Q
66740,"OPPO bn, LLC",515 North Flagler Drive Suite,West Palm Beach,FL,33401,Y,Y,Y,,Q
66741,Lotus Solar LLC,1981 Ruby Rd,Hartsville,SC,29550,Y,Y,Y,,Q
66742,Evans Creek Energy Storage LLC,"Two Logan Square, Suite 1830",Philadelphia,PA,19103,Y,,,,Q
66743,"DG Sand Prairie, LLC",700 Universe Blvd,Juno Beach,FL,33408,Y,Y,Y,,Q
66744,Bronson Solar LLC,700 Universe Blvd,Juno Beach,FL,33408,Y,Y,,,Q
66745,MN CSG 2019-105 LLC,2530 Riva Road Ste 200,Annapolis,MD,21401,Y,Y,Y,,Q
66746,MN CSG 2019-67 LLC,2530 Riva Road Ste 200,Annapolis,MD,21401,Y,Y,Y,,Q
66748,Peoples Electric Cooperative,PO Box 429,Ada,OK,74820,Y,Y,,,C
66749,"Warrior Solar Partners, LLC","228 Park Ave S, PMB 23351",New York,NY,10003,Y,Y,Y,,Q
66750,Abeja Solar Farm LLC,"8000 IH-10 West, Suite 1201",San Antonio,TX,78230,Y,,,,Q
66751,Alamo City ESS LLC,"8000 IH-10 West, Suite 1201",San Antonio,TX,78230,Y,,,,Q
66752,Avant Prairie ESS LLC,"8000 IH-10 West, Suite 1201",San Antonio,TX,78230,Y,,,,Q
66753,"Ryan Companies US, Inc.","533 S. Third St., Suite 100",Minneapolis,MN,55415,,Y,,,COM
66754,Bravo ESS LLC,"8000 IH-10 West, Suite 1201",San Antonio,TX,78230,Y,,,,Q
66755,Clairemont Solar LLC,"8000 IH-10 West, Suite 1201",San Antonio,TX,78230,,Y,,,Q
66756,Girasol Solar Farm LLC,"8000 IH-10 West, Suite 1201",San Antonio,TX,78230,Y,,,,Q
66757,La Salle ESS LLC,8000 IH-10 West,San Antonio,TX,78230,Y,,,,Q
66758,La Salle Solar LLC,"8000 IH-10 West, Suite 1201",San Antonio,TX,78230,Y,,,,Q
66759,Lazy U ESS 1 LLC,"8000 IH-10 West, Suite 1201",San Antonio,TX,78230,Y,,,,Q
66760,Lazy U ESS 2 LLC,"8000 IH-10 West, Suite 1201",San Antonio,TX,78230,Y,,,,Q
66761,Lazy U Solar 1 LLC,"8000 IH-10 West, Suite 1201",San Antonio,TX,78230,Y,,,,Q
66762,Lazy U Solar 2 LLC,"8000 IH-10 West, Suite 1201",San Antonio,TX,78230,Y,,,,Q
66763,Pepper Solar Farm LLC,"8000 IH-10 West, Suite 1201",San Antonio,TX,78230,Y,,,,Q
66764,Prost ESS LLC,"8000 IH-10 West, Suite 1201",San Antonio,TX,78230,Y,,,,Q
66765,Rush ESS LLC,"8000 IH-10 West, Suite 1201",San Antonio,TX,78230,Y,,,,Q
66766,Sun Angel ESS LLC,"8000 IH-10 West, Suite 1201",San Antonio,TX,78230,Y,,,,Q
66767,SunShiner ESS LLC,"8000 IH-10 West, Suite 1201",San Antonio,TX,78230,Y,,,,Q
66768,Tex-Bar ESS LLC,"8000 IH-10 West, Suite 1201",San Antonio,TX,78230,Y,,,,Q
66769,"Old 300 Storage Center, LLC",401 N. Michigan Ave. Suite 501,Chicago,IL,60611,Y,Y,,,Q
66771,"Dos Rios Wind Farm, LLC","TransAlta Place Suite 1400, 11",Calgary,AB,T2G 1,Y,Y,,,Q
66772,Swan Creek Wind LLC,"TransAlta Place Suite 1400, 11",Calgary,AB,T2G 1,Y,Y,,,Q
66773,"Cotton Belle Solar, LLC","TransAlta Place Suite 1400, 11",Calgary,AB,T2G 1,Y,Y,,,Q
66774,Old Town Wind LLC,"TransAlta Place Suite 1400, 11",Calgary,AB,T2G 1,Y,Y,,,Q
66775,"Quick Draw Wind, LLC","TransAlta Place Suite 1400, 11",Calgary,AB,T2G 1,Y,Y,,,Q
66776,DIVOCSG 13 LLC,"2530 RIVA ROAD, SUITE 200,",Annapolis,MD,21401,Y,Y,Y,,Q
66777,"McCrae Wind Energy II, LLC","1435 Bedford Avenue, STE C-2",Pittsburgh,PA,15219,,,Y,,Q
66778,"Sunstone Solar, LLC",TBD,Lone-Lexington,OR,87839,Y,Y,Y,,Q
66781,Mammoth Central II LLC,"2 Logan Square, Suite 1830",Philadelphia,PA,19103,Y,,,,Q
66782,"Brazoria Solar i, LLC",1201 Louisiana Street,Houston,TX,77002,Y,Y,Y,,Q
66784,"311SV 8me, LLC","575 Fifth Ave, 35th Floor",New York,NY,10017,Y,,,,Q
66785,Fairbanks Solar Energy Center LLC,5520 W County Road 850 N,Fairbanks,IN,47849,Y,Y,Y,,Q
66786,Gatsby Energy Storage LLC,"Two Logan Square, Suite 1830",Philadelphia,PA,19103,Y,,,,Q
66787,515 Main Saugus LLC,500 Main Street,Saugus,MA,01906,Y,Y,Y,,Q
66788,Aegean Drive Solar LLC,14 Aegean Drive,Methuen,MA,01844,Y,Y,Y,,Q
66789,Banner Solar Ironwood LLC,37000 N Gantzel Rd,Queen Creek,AZ,85140,Y,Y,Y,,Q
66790,Downing Parkway Solar LLC,6 Downing IV,Pittsfield,MA,01201,Y,Y,Y,,Q
66791,Millbury MA #1092 LLC,289 Riverlin Street,Millbury,MA,01527,Y,Y,Y,,Q
66792,Millis MA 1 LLC,1280 Main Street,Millis,MA,01746,Y,Y,Y,,Q
66793,Rochester MA 2 LLC,268 Mattapoisett Road,Rochester,MA,02770,Y,Y,Y,,Q
66794,Sutter Santa Rosa Solar LLC,30 Mark West Springs Road,Santa Rosa,CA,95403,Y,Y,Y,,Q
66795,Wendell MA 1 LLC,107 Wendell Deopt Road,Wendell,MA,01379,Y,Y,Y,,Q
66796,Equinor Wind US LLC,600 Washington Blvd,Stamford,CT,06901,Y,Y,,,Q
66797,Cadence Solar Energy LLC,"1 South Wacker Drive, Suite 18",Chicago,IL,60606,Y,Y,Y,,IND
66798,"Imperator Solar, LLC","1808 Wedemeyer St, Suite 221",San Francisco,CA,94129,Y,Y,,,IND
66799,"WPR RE Holdings, LLC","1808 Wedemeyer St, Suite 221",San Francisco,CA,94129,Y,Y,,,COM
66800,"NorCal FPV 1, LLC","1808 Wedemeyer St, Suite 221",San Francisco,CA,94129,Y,Y,,,IND
66801,"Ellis Creek Solar, LLC","1808 Wedemeyer St, Suite 221",San Francisco,CA,94129,Y,Y,,,COM
66802,LSE Crater LLC,"40 Tower Lane, Suite 201",Avon,CT,06001,Y,Y,Y,,Q
66803,"Bradford Solar, LLC","40 Tower Lane, Suite 201",Avon,CT,06001,Y,Y,Y,,Q
66804,LSE Corona Austrina LLC,"40 Tower Lane, Suite 201",Avon,CT,06001,Y,Y,Y,,Q
66805,"Antelope Creek Solar, LLC","200 Liberty Street, 14th Floor",New York,NY,10281,Y,Y,,,Q
66806,"Gun Club Solar, LLC","200 Liberty Street, 14th Floor",New York,NY,10281,Y,Y,,,Q
66807,"Marquam Creek Solar, LLC","200 Liberty Street, 14th Floor",New York,NY,10281,Y,Y,,,Q
66808,"Clayfield Solar, LLC","200 Liberty Street, 14th Floor",New York,NY,10281,Y,Y,,,Q
66809,"Cork Solar, LLC","200 Liberty Street, 14th Floor",New York,NY,10281,Y,Y,,,Q
66810,"Dover Solar, LLC","200 Liberty Street, 14th Floor",New York,NY,10281,Y,Y,,,Q
66811,"Belvedere Solar, LLC","200 Liberty Street, 14th Floor",New York,NY,21202,Y,Y,,,Q
66812,Callisto II Energy Center LLC,1108 Lavaca St Ste 110-349,Austin,TX,78701,Y,Y,Y,,Q
66813,St Gall Energy Storage II LLC,1108 Lavaca St Ste 110-349,Austin,TX,78701,Y,Y,Y,,Q
66814,Tibbits Energy Storage LLC,1108 Lavaca St Ste 110-349,Austin,TX,78701,Y,Y,Y,,Q
66815,Tidwell Prairie II LLC,1108 Lavaca St Ste 110-349,Austin,TX,78701,Y,Y,Y,,Q
66816,Voyager Energy Storage LLC,1108 Lavaca St Ste 110-349,Austin,TX,78701,Y,Y,Y,,Q
66817,"KDC Solar Madera, LLC",125 High St 17th Flr Ste 1705,Boston,MA,02110,Y,Y,Y,,Q
66818,301AK 8me LLC,"4370 Town Center Blvd., Suite",El Dorado Hills,CA,95762,Y,,,,Q
66819,Kentucky Municipal Energy Agency,"1700 Eastpoint Parkway, Suite",Louisville,KY,40223,Y,Y,Y,,M
66820,DIVOCSG 14 LLC,"2530 RIVA ROAD, SUITE 200,",Annapolis,MD,21401,Y,Y,Y,,Q
66821,Roadrunner Crossing Energy Storage LLC,"700 universe Blvd,",Juno Beach,FL,33408,Y,,,,IND
66822,"Bob Creek Wind, LLC","700 universe Blvd,",Juno Beach,FL,33408,Y,,,,Q
66823,"Roaring Springs, LLC","700 universe Blvd,",Juno Beach,FL,33408,Y,,,,Q
66824,Walden Solar Maine V LLC,"1380 Soldiers Field Road, Suit",Boston,MA,02135,Y,Y,Y,,Q
66825,"Blue Summit II Storage, LLC","700 universe Blvd,",Juno Beach,FL,33408,Y,,,,Q
66826,"Gibson Solar, LLC",8800 N. Gainey Center Dr. Ste.,Scottsdale,AZ,85258,Y,,,,Q
66827,"Wichita Solar I, LLC",1201 Louisiana Street,Houston,TX,77002,Y,Y,Y,,Q
66828,"Laurens Solar I, LLC",1201 Louisiana Street,Houston,TX,77002,Y,Y,Y,,Q
66829,"Hill Solar II, LLC",1200 Louisiana Street,Houston,TX,77002,Y,Y,Y,,Q
66830,Kootenai Renewable Energy LLC,67247 Trout Ln,Bend,OR,97703,Y,,Y,,Q
66831,Key Energy Storage LLC,700 Universe Blvd A3A,Juno Beach,CA,33408,Y,Y,Y,,Q
66832,Pine Grove Solar LLC,200 Liberty St 14th Flr,New York,NY,10281,Y,Y,,,Q
66833,Orchard Knob Solar LLC,200 Liberty St 14th Flr,New York,NY,10281,Y,Y,,,Q
66834,Round Lake Solar LLC,200 Liberty St 14th Flr,New York,NY,10281,Y,Y,,,Q
66835,"Diver Solar, LLC","700 universe Blvd,",Juno Beach,FL,33408,Y,,,,IND
66836,"Mustang Creek Solar I, LLC",1201 Louisiana Street,Houston,TX,77002,Y,Y,Y,,Q
66837,Clinton Solar (OH) LLC,1201 Louisiana Street,Houston,TX,77002,Y,Y,Y,,Q
66839,Solar DG IL 1 LLC,200 Liberty St 14th Flr,New York,NY,10281,Y,Y,,,Q
66840,Solar DG IL 3 LLC,200 Liberty St 14th Flr,New York,NY,10281,Y,Y,,,Q
66841,"SL Energy Power Plant I, LLC",2100 Ross Avenue,Dallas,TX,75201,Y,,,,Q
66842,Azalea Springs Solar Park LLC,"1501 McKinney St., Suite 1300",Houston,TX,77010,Y,Y,Y,,Q
66843,Kearsarge Riverpark I LLC,"1380 Soldiers Field Road, Suit",Boston,MA,02135,Y,Y,Y,,Q
66844,Pediment BESS I LLC,"11801 Domain Blvd, Suite 525",Austin,TX,78758,Y,,,,Q
66848,VESI 15 LLC,6884 Sierra Center Parkway,Reno,NV,89511,Y,Y,,,Q
66849,VESI 37 LLC,6884 Sierra Center Parkway,Reno,NV,89511,Y,Y,,,Q
66850,VESI 38 LLC,6884 Sierra Center Parkway,Reno,NV,89511,Y,Y,,,Q
66852,"PVS 2, LLC","201 S. Main St, Suite 2100",Salt Lake City,UT,84111,Y,,,,Q
66853,"Sun Pond, LLC",125 High St 17th Flr Ste 1705,Boston,MA,02110,Y,,Y,,Q
66854,"Catalyze Bedford Park 7035 W 65th Street Microgrid, LLC","800 Gessner Rd., Suite 700,",Houston,TX,77024,Y,Y,Y,,Q
66855,"Mars Hill Road Solar Farm, LLC","200 Liberty Street, 14th Floor",New York,NY,21202,Y,Y,,,Q
66856,22SV 8ME LLC,"4370 Town Center Blvd., Suite",San Francisco,CA,94180,Y,,,,Q
66857,44ST 8ME LLC,"4370 Town Center Boulevard, Su",San Francisco,CA,94180,Y,,,,Q
66858,Garnet Mesa Solar LLC,PO Box 4802,Scottsdale,AZ,85261,Y,,,,Q
66861,Rock Creek Wind II LLC,1 South Wacker Drive Suite 150,Chicago,IL,60606,Y,Y,Y,,COM
66862,"Rock Creek Wind I, LLC",1 South Wacker Drive Suite 150,Chicago,IL,60606,Y,Y,Y,,COM
66863,Pixley Solar Energy LLC,1 South Wacker Drive Suite 150,Chicago,IL,60606,Y,Y,Y,,I
66864,"Broadleaf Solar, LLC","575 Fifth Ave., 24th Fl., New",New York,NY,10017,Y,,,,Q
66865,"Freedom Pine Solar, LLC","575 Fifth Ave., 24th Fl.",New York,NY,10017,Y,,,,Q
66866,University of Massachusetts Amherst,300 Massachusetts Ave,Amherst,MA,01003,Y,Y,,,S
66869,"Rifle Range Road Solar, LLC","24 West 40th Street, 16th Floo",New York,NY,10018,Y,Y,Y,,Q
66870,"Delaware Ave Solar, LLC","24 West 40th Street, 16th Floo",New York,NY,10018,Y,Y,Y,,Q
66872,MN CSG 2019-79 LLC,"2530 Riva Road, Suite 200",Annapolis,MD,21401,Y,Y,Y,,Q
66873,MN CSG 2019-22 LLC,"2530 Riva Road, Suite 200",Annapolis,MD,21401,Y,Y,Y,,Q
66874,"Excelsior Energy Center, LLC",700 Universe Blvd,Juno Beach,FL,33408,Y,Y,,,Q
66875,Clay Solar NY LLC,100 King St West,Toronto,ON,M5X1A,Y,Y,Y,,Q
66876,Dog Corners Solar NY LLC,100 King St West Ste 7000,Toronto,ON,M5X1A,Y,Y,Y,,Q
66877,Fairway Solar NY LLC,100 King St West Ste 7000,Toronto,ON,M5X1A,Y,Y,Y,,Q
66878,Flat Hill Solar NY LLC,100 King St West Ste 7000,Toronto,ON,M5X1A,Y,Y,Y,,Q
66879,Grassy Knoll Solar NY LLC,100 King St West Ste 7000,Toronto,ON,M5X1A,Y,Y,Y,,Q
66880,Highview Solar NY LLC,100 King St West Ste 7000,Toronto,ON,M5X1A,Y,Y,Y,,Q
66881,Hills Solar NY LLC,100 King St West Ste 7000,Toronto,ON,M5X1A,Y,Y,Y,,Q
66882,Hilltop Solar NY LLC,100 King St West Ste 7000,Toronto,ON,M5X1A,Y,Y,Y,,Q
66883,Limestone Solar NY LLC,100 King St West Ste 7000,Toronto,ON,M5X1A,Y,Y,Y,,Q
66884,Tabletop Solar NY LLC,100 King St West Ste 7000,Toronto,ON,M5X1A,Y,Y,Y,,Q
66885,Valley Solar NY LLC,100 King St West Ste 7000,Toronto,ON,M5X1A,Y,Y,Y,,Q
66886,Watkins Road Solar NY LLC,100 King St West Ste 7000,Toronto,ON,M5X1A,Y,Y,Y,,Q
66887,Zena Solar LLC,4635 SE 30th Ave,Portland,OR,97202,Y,Y,Y,,I
66891,Apex Power Generation Corp.,461 Ophir Road,Oroville,CA,95966,Y,Y,,,IND
66893,Executive Parkway BR8-O Solar Project 2020 LLC,200 Harborside Dr Ste 200,Schenectady,NY,12305,Y,Y,Y,,Q
66894,Executive Parkway BR8-Q Solar Project 2020 LLC,200 Harborside Dr Ste 200,Schenectady,NY,12305,Y,Y,Y,,Q
66895,Alcosta Boulevard BR 15-AA Solar Project 2020 LLC,200 Harborside Dr Ste 200,Schenectady,NY,12305,Y,Y,Y,,Q
66896,"Alcosta Boulevard BR 15-CC Solar Project 2020, LLC",200 Harborside Dr Ste 200,Schenectady,NY,12305,Y,Y,Y,,Q
66897,Barrier Solar Inc,2671 S Cherry Ave,Fresno,CA,93706,,,Y,,IND
66901,"Greer Solar, LLC",700 Universe Blvd,Juno Beach,FL,33408,Y,Y,Y,,Q
66902,"Wildwood Solar, LLC",700 Universe Blvd.,Juno Beach,FL,33408,Y,Y,Y,,Q
66904,Boot Hill Solar LLC,"PO Box 4802,",Scottsdale,AZ,85261,Y,,,,Q
66905,HEC Renewable Energy America LLC,"108 Lakeland Ave,",Dover,DE,19901,Y,,,,Q
66907,Laketricity USA Inc.,755 Baywood Dr.,Petaluma,CA,94954,Y,,,Y,Q
66908,Flatland Storage LLC,4750 S. Vail Rd.,Coolidge,AZ,85128,Y,,,,Q
66913,MN CSG 2019-77 LLC,"2530 Riva Road, Suite 200",Annapolis,MD,21401,Y,Y,Y,,Q
66914,"Catalyze University Park Central Ave Microgrid, LLC","800 Gessner Rd., Suite 700",Houston,TX,77024,Y,Y,Y,,Q
66915,"Catalyze Bolingbrook 279 Marquette Drive Microgrid, LLC","800 Gessner Rd., Suite 700",Houston,TX,77024,Y,Y,Y,,Q
66916,"Camino del Sol 2 Solar Project 2022, LLC","200 Harborside Drive, Suite 20",Schenectady,NY,12305,Y,Y,Y,,Q
66917,"East Avenue Q Solar Project 2022, LLC","200 Harborside Drive, Suite 20",Schenectady,NY,12305,Y,Y,Y,,Q
66918,"Mountain Street Solar Project 2019, LLC","200 Harborside Drive, Suite 20",Schenectady,NY,12305,Y,Y,Y,,Q
66920,"Kelly Creek Solar, LLC",Rockydale Road,Cave Junction,OR,97523,Y,,,,Q
66921,"Catalyze Bedford Park 6901 W 65th Street Microgrid, LLC","800 Gessner Rd., Suite 700",Houston,TX,77024,Y,Y,Y,,Q
66922,Pacifico Power,30900 Rancho Viejo Rd #230,San Juan Capistrano,CA,92675,Y,Y,Y,,Q
66924,"Pineview Solar, LLC","311 California Street, Ste. 45",San Francisco,CA,94104,Y,Y,,,Q
66925,"NY Thompson III, LLC","315 Post Road West, 2nd Floor",Westport,CT,06880,Y,Y,Y,,Q
66926,Bullrock-NxtGenREA,685 W Route M,Hartsburn,MO,65039,,,Y,,Q
66927,"SR Bacon II, LLC",222 2nd Ave South Suite 1900,Nashville,TN,37201,Y,Y,Y,,Q
66928,"SR Bacon III, LLC",222 2nd Ave South Suite 1900,Nashville,TN,37201,Y,Y,Y,,Q
66929,"SR Cordova, LLC",222 2nd Ave South Suite 1900,Nashville,TN,37201,Y,Y,Y,,Q
66930,"SR Durhamville, LLC",222 2nd Ave South Suite 1900,Nashville,TN,37201,Y,Y,Y,,Q
66931,"SR Forrest City, LLC",222 2nd Ave South Suite 1900,Nashville,TN,37201,Y,Y,Y,,Q
66932,"SR Lott, LLC",222 2nd Ave South Suite 1900,Nashville,TN,37201,Y,Y,Y,,Q
66933,"SR Magnolia, LLC",222 2nd Ave South,Nashville,TN,37201,Y,Y,Y,,Q
66934,"SR Marion Junction, LLC",222 2nd Ave South Suite 1900,Nashville,TN,37201,Y,Y,Y,,Q
66935,"SR Middleton, LLC",222 2nd Ave South Suite 1900,Nashville,TN,37201,Y,Y,Y,,Q
66936,"SR Mount Pleasant, LLC",222 2nd Ave South Suite 1900,Nashville,TN,37201,Y,Y,Y,,Q
66937,"SR Norwood, LLC",222 2nd Ave South Suite 1900,Nashville,TN,37201,Y,Y,Y,,Q
66938,"SR Puryear, LLC",222 2nd Ave South Suite 1900,Nashville,TN,37201,Y,Y,Y,,Q
66939,"SR Rochelle II, LLC",222 2nd Ave South Suite 1900,Nashville,TN,37201,Y,Y,Y,,Q
66940,"SR Sipsey, LLC",222 2nd Ave South Suite 1900,Nashville,TN,37201,Y,Y,Y,,Q
66941,"SR Sunset, LLC",222 2nd Ave South Suite 1900,Nashville,TN,37201,Y,Y,Y,,Q
66942,"SR Tullahoma, LLC",222 2nd Ave South Suite 1900,Nashville,TN,37201,Y,Y,Y,,Q
66943,"SR Ulm, LLC",222 2nd Ave South Suite 1900,Nashville,TN,37201,Y,Y,Y,,Q
66944,"SR West Helena, LLC",222 2nd Ave South Suite 1900,Nashville,TN,37201,Y,Y,Y,,Q
66945,"South Springfield Avenue Solar Project 2022, LLC","200 Harborside Drive, Suite 20",Schenectady,NY,12305,Y,Y,Y,,Q
66946,"South Springfield Avenue II Solar Project 2022, LLC","200 Harborside Drive, Suite 20",Schenectady,NY,12305,Y,Y,Y,,Q
66947,"North Narragansett Avenue Solar Project 2022, LLC","200 Harborside Drive, Suite 20",Schenectady,NY,12305,Y,Y,Y,,Q
66948,"Riverside Drive Solar Project 2022, LLC","200 Harborside Drive, Suite 20",Schenectady,NY,12305,Y,Y,Y,,Q
66949,Breckinridge Energy Storage LLC,700 Universe Blvd,Juno Beach,FL,33401,Y,,,,Q
66950,Lydian Energy,1255 Union Street NE,Washington,DC,20002,Y,Y,Y,,Q
66951,"Woodward Energy Storage, LLC",700 Universe Blvd,Juno Beach,FL,33408,Y,Y,Y,,Q
66952,"Aspenall Energies (Delaware), LLC",1350 Lagoon Ave.,Minneapolis,MN,55408,Y,,,,Q
66953,United Parcel Service,55 Glenlake Pkwy,Atlanta,GA,30328,Y,Y,Y,,COM
66954,Stamford Health Tully Health Center,32 Strawberry Hill Ct,Stamford,CT,06902,Y,Y,,,COM
66960,Hardin Solar Energy III,1 South Wacker Drive Suite 150,Chicago,IL,60606,Y,Y,Y,,Q
66963,"Dominguez Grid, LLC","700 Universe Blvd.,",Juno Beach,FL,33408,Y,Y,,,Q
66969,"TMF-RIG, LLC",75906 Threemile Road,Boardman,OR,97818,,,,Y,Q
66970,Macadamia Nut Road Solar Project 2019,200 Harborside Dr Ste 200,Schenectady,NY,12305,Y,Y,Y,,Q
66971,"Anatolian Energy, LLC",815 Heinz Ave.,Berkeley,CA,94710,Y,,,,Q
66972,Exus Pennsylvania Wind Holdings,1435 Bedford Ave,Pittsburgh,PA,15219,Y,Y,Y,,Q
66974,MPH Cross Island Power,4747 Bethesda Ave,Bethesda,MD,20814,,Y,,,Q
66975,Cedar Bayou 5 LLC,804 Carnegie Center,Princeton,NJ,08540,Y,,,,Q
66976,Pelicans Jaw Solar LLC,3 Lagoon Dr Ste 280,Redwood City,CA,94065,Y,,,,Q
66977,"Las Virgenes Road Solar Project 2022, LLC","200 Harborside Drive, Suite 20",Schenectady,NY,12305,Y,Y,Y,,Q
66978,"SunE B9 Holdings, LLC",550 New Jersey Church Road,Lexington,NC,27292,Y,Y,Y,,Q
66980,Dahlia Energy LLC,155 Federal Street 17th Floor,Boston,MA,02110,Y,,,,Q
66981,Barber Pool Hydro LLC ,711 E Turtle Point Dr ,Ivins,UT,84738,Y,,,,Q
66982,Tule Hydro LLC ,711 E Turtle Point Dr  ,Ivins,UT,84738,Y,,,,Q
66983,SCV Water,27234 Bouquet Canyon Road,Santa Clarita,CA,91350,Y,Y,,,M
66988,Sky Ranch Bess II,700 Universe Blvd,Juno Beach,FL,33408,Y,Y,,,Q
66989,Route 66 Energy Storage,700 Universe Blvd,Juno Beach,FL,33408,Y,Y,,,Q
66991,CAMS (Georgia) Washington County Power,1177 County Line Rd,Sandersville,GA,31082,,Y,,,Q
66992,CAMS (Georgia) AL Sandersville ,1600 Mills Lindsey School Rd,Warthen,GA,31094,,Y,,,Q
66993,"REC CSD, LLC",641 Higuera St STE 300,San Luis Obispo,CA,93401,Y,Y,,,Q
66994,"Guajillo Energy Storage, LLC","1200 Smith Street, Suite 1700",Houston,TX,77002,Y,,Y,,Q
66995,Corix Cleveland Thermal Generating LP ,1821 Hamilton Ave ,Cleveland,OH,44114,Y,Y,,,COM
66996,"REC KDO, LLC",641 Higuera St STE 300,San Luis Obispo,CA,93401,Y,Y,,,Q
66999,USG Paper LLC,1750 IP Way,Orange,TX,77632,Y,Y,,,IND
67004,"Dowmont Solar, LLC",641 Higuera St STE 300,San Luis Obispo,CA,93401,Y,Y,,,Q
67005,"Hidden Meadows Solar, LLC",641 Higuera St STE 300,San Luis Obispo,CA,93401,Y,Y,,,Q
67006,"REC SHW, LLC",641 Higuera St STE 300,San Luis Obispo,CA,93401,Y,Y,,,Q
67007,"Heuvelton Solar, LLC",641 Higuera St STE 300,San Luis Obispo,CA,93401,Y,Y,,,Q
67008,"REC RWD, LLC",641 Higuera St STE 300,San Luis Obispo,CA,93401,Y,Y,,,Q
67009,Kingbird Solar Energy LLC,155 Federal St,Boston,MA,02110,Y,,,,Q
67011,"Lock 11 Hydro Partners, LLC","414 S. Wenzel Street,",Louisville,KY,40204,Y,,,,Q
67013,US SFR Owner LLC,15800 Northup Way,Bellevue,WA,98008,Y,Y,,,Q
67018,64NB 8me LLC,"4370 Town Center Blvd., Suite",El Dorado Hills,CA,95762,Y,,,,Q
67019,CVE US EI7 Belair LLC,"109 W 27th St., 8th floor",New York,NY,10001,Y,,,,Q
67020,Kilmer Solar LLC,"109 W 27th St., 8th floor",New York,NY,10001,Y,,,,Q
67021,CVE US EI5 Manlius East LLC,"109 W 27th St., 8th floor",New York,NY,10001,Y,,,,Q
67022,CVE US EI4 Manlius North LLC,"109 W 27th St., 8th floor",New York,NY,10001,Y,,,,Q
67023,CVE US EI5 Manlius West LLC,"109 W 27th St., 8th floor",New York,NY,10001,Y,,,,Q
67024,Mantisi Solar LLC,109 W 27th St.,New York,NY,10001,Y,,,,Q
67025,Sunrise on Knight Rd. LLC,"109 W 27th St., 8th floor",New York,NY,10001,Y,,,,Q
67026,Sunrise on West Main Rd. LLC,"109 W 27th St., 8th floor",New York,NY,10001,Y,,,,Q
67027,CVE US EI8 Quaker LLC,"109 W 27th St., 8th floor",New York,NY,10001,Y,,,,Q
67028,Rak 1 Solar LLC,"109 W 27th St., 8th floor",New York,NY,10001,Y,,,,Q
67029,Sunrise on Blandford Rd. LLC,"109 W 27th St., 8th floor",New York,NY,10001,Y,,,,Q
67030,Sunrise on Clubhouse Rd. LLC,"109 W 27th St., 8th floor",New York,NY,10001,Y,,,,Q
67031,Sunrise on Montague Rd. LLC,"109 W 27th St., 8th floor",New York,NY,10001,Y,,,,Q
67032,Sunrise on Drift Rd. LLC,"109 W 27th St., 8th floor",New York,NY,10001,Y,,,,Q
67033,CVE US EI3 Wheatfield LLC,"109 W 27th St., 8th floor",New York,NY,10001,Y,,,,Q
67034,Wolf Solar LLC,"109 W 27th St., 8th floor",New York,NY,10001,Y,,,,Q
67035,Prologis Logistics Services Incorporated BESS,1800 Wazee Stree Suite 500,Denver,CO,80202,Y,Y,Y,,Q
67036,NW Stadium Solar Plant,1600 Ring Rd,Landover,MD,20785,Y,Y,,,Q
67037,"Tierra Seca BESS, LLC",277 Old Hamilton Road,Del Rio,TX,78840,Y,,,,Q
67038,"IP Easley, LLC","c/o Intersect Power, LLC 9450",Beaverton,OR,97708,Y,Y,,Y,Q
67039,"IP Quantum BESS, LLC","c/o Intersect Power, LLC 9450",Beaverton,OR,97708,Y,Y,,Y,Q
67040,"IP Quantum, LLC","c/o Intersect Power, LLC 9450",Beaverton,OR,97708,Y,Y,,Y,Q
67041,"IP Quantum II BESS, LLC","c/o Intersect Power, LLC 9450",Beaverton,OR,97708,Y,Y,,Y,Q
67042,"IP Quantum II, LLC","c/o Intersect Power, LLC 9450",Beaverton,OR,97008,Y,Y,,Y,Q
67044,"Greenalia Solar Power Hutcherson, LLC",1999 Bryan St.,Dallas,TX,75201,Y,,,,Q
67045,"Greenalia Wind Power Pioneer Field, LLC",1999 Bryan St.,Dallas,TX,75201,Y,,,,Q
67046,"Greenalia Wind Power Blackwelder Ranch, LLC",1999 Bryan St.,Dallas,TX,75201,Y,,,,Q
67047,"Greenalia Solar Power Blackwelder Ranch, LLC",1999 Bryan St.,Dallas,TX,75201,Y,,,,Q
67048,"Greenlia Solar Power Misae III, LLC",1999 Bryan St.,Dallas,TX,75201,Y,,,,Q
67049,"Port Huron Multimodal Hub, LLC",1700 Washington Avenue,Port Huron,MI,48060,Y,,,,IND
67051,USS Origami Solar LLC,5154 Holly Rd,Fulton,IL,61252,Y,,Y,,Q
67052,USS Cattail Solar LLC,18700 Frog Pond Rd,Fulton,IL,61252,Y,,Y,,Q
67053,USS Ducks Solar LLC,1067 West Oregon Trail Road,Oregon,IL,61061,Y,,Y,,Q
67054,USS Beard Solar LLC,11988 IL-125,Beardstown,IL,62618,Y,,Y,,Q
67057,Chalk Bluff Solar Energy LLC,1 South Wacker Drive Suite 150,Chicago,IL,60606,Y,Y,Y,,Q
67058,"DECH bn, LLC","515 N Flagler Drive, Suite 250",West Palm Beach,FL,33401,Y,Y,Y,,Q
67059,Rak 2 Solar LLC,"109 W 27th St., 8th floor",New York,NY,10001,Y,,,,Q
67060,"Hays Ranches, LLC","4181 Latham Street,",Riverside,CA,92501,Y,Y,,,Q
67061,Sunrise on Wing Ln. LLC,"109 W 27th St., 8th floor",New York,NY,10001,Y,,,,Q
67062,Taft Associates c/o Wilson Associates,20 Murray Hill Parkway Suite 2,East Rutherford,NJ,07073,,,Y,,Q
67063,Cushman Wakefield,"99 Wood Ave South, 8th Floor",Iselin,NJ,08830,,,Y,,Q
67064,"Catalyze Chicago S Western Avenue 2 Microgrid, LLC","800 Gessner Rd., Suite 700",Houston,TX,77024,Y,Y,Y,,Q
67065,MD CDG 001 LLC,820 Bear Tarvern Road,West Trenton,NJ,08628,Y,Y,Y,,Q
67066,MD CDG 002 LLC,820 Bear Tarvern Road,West Trenton,NJ,08628,Y,Y,Y,,Q
67067,ME CDG 004 LLC,3 Chase Avenue,Augusta,ME,04330,Y,Y,Y,,Q
67068,ME CDG 005 LLC,3 Chase Avenue,Augusta,ME,04330,Y,Y,Y,,Q
67069,NY CDG 009 LLC,"187 Wolf Road, Suite 101",Albany,NY,12205,Y,Y,Y,,Q
67070,NY CDG 010 LLC,"187 Wolf Road, Suite 101",Albany,NY,12205,Y,Y,Y,,Q
67071,Kingman Energy Storage LLC,111 Speen St Ste 410,Framingham,MA,01701,Y,Y,Y,,Q
67073,Franklin CSG 1 LLC,"2530 RIVA ROAD, SUITE 200",Annapolis,MD,21401,Y,Y,Y,,Q
67074,Minco II Energy Storage LLC,700 Universe Blvd,Juno Beach,FL,33408,Y,Y,Y,,Q
67078,A2B Development LLC dba Mars Energy Development,555 Menlo Dr Ste A,Rocklin,CA,95765,,,Y,Y,C
67079,Evelyn Energy Storage LLC,7 SE Stark Ste 850,Portland,OR,97214,Y,,,,Q
67080,TC Energy,700 Louisiana Street Suite 130,Houston,TX,77002,Y,Y,Y,,Q
67082,"Headwater Energy, LLC",136 ? N Larchmont Blvd Suite 2,Los Angeles,CA,90004,Y,,,,Q
67083,"1000 Mile Solar, LLC","125 High Street, 17th Floor Hi",Boston,MA,02110,Y,Y,Y,,Q
67085,"MSS Energy Holdings, LLC (d.b.a. Calibrant Energy)",4830 W Kennedy Blvd Suite 600,Tampa,FL,33609,Y,Y,Y,,COM
67086,Chillingham Storage LLC,7249 Shaw Rd.,Rogers,TX,76569,Y,,,,Q
67087,"Aligned Digesters Co., LLC",7661 Ave 14,Madera,CA,93637,,Y,,,Q
67088,CalPortland Company,2025 E. Financial Way,Glendora,CA,91741,Y,,,,IND
67089,Bavaria Solar LLC,"2530 RIVA ROAD, SUITE 200",Annapolis,MD,21401,Y,Y,Y,,Q
67090,Tupper Lake,100 King Street West Suite 700,Toronto,ON,M5X1A,Y,Y,Y,,I
67092,"Scatter Wash Energy Storage, LLC",24905 N 7TH Ave,Phoenix,AZ,85085,,,Y,,Q
67095,"Bell 1 Solar, LLC",1255 23rd St NW Ste 300,Washington,DC,20037,Y,,,,Q
67096,"Bell 1 Storage, LLC",1255 23rd St NW Ste 300,Washington,DC,20037,Y,,,,Q
67097,Limewood Bell Renewables LLC,130 Roberts St,Asheville,NC,28801,Y,Y,Y,,Q
67098,Gambit Energy Storage LLC,998 W Live Oak St,Angleton,TX,77515,Y,,,,Q
67100,"Bridgewater Solar, LLC","315 Post Road West, 2nd Floor",Westport,CT,06880,Y,Y,Y,,Q
67101,"Bridgewater Solar 2, LLC","315 Post Road West, 2nd Floor",Westport,CT,06880,Y,Y,Y,,Q
67102,"Bloomfield Solar, LLC","315 Post Road West, 2nd Floor",Westport,CT,06880,Y,Y,Y,,Q
67103,"Emerson Solar, LLC","315 Post Road West, 2nd Floor",Westport,CT,06880,Y,Y,Y,,Q
67104,CP Tully Four LLC,"315 Post Road West, 2nd Floor",Westport,CT,06880,Y,Y,Y,,Q
67105,CP Tully Five LLC,"315 Post Road West, 2nd Floor",Westport,CT,06880,Y,Y,Y,,Q
67106,"Endicott NY Solar Farm, LLC","315 Post Road West, 2nd Floor",Westport,CT,06880,Y,Y,Y,,Q
67107,"Cavern Solar, LLC","315 Post Road West, 2nd Floor",Westport,CT,06880,Y,Y,Y,,Q
67108,"DG Richmond, LLC",700 Universe Blvd,Juno Beach,FL,33408,Y,Y,Y,,Q
67109,"Tyson Nick Solar Project, LLC",5105 Old Bonham Rd,Paris,TX,75460,,,Y,,Q
67110,"Tracy Renewable Energy, LLC",20500 South Holly Drive,Tracy,CA,95304,,Y,,,Q
67111,Angiola East LLC,3 Lagoon Dr. Suite 280,Redwood City,CA,94065,Y,,,,Q
67114,Santa Teresa Solar,"575 Fifth Ave., 24th Fl.,",New York,NY,10017,Y,,,,Q
67115,"Shallow Basket Energy, LLC",11100 Wayzata Blvd Ste 450,Minnetonka,MN,55305,Y,,Y,,Q
67117,Pleasantville Solar Park LLC,"1501 McKinney Street, Suite 13",Houston,TX,77010,Y,Y,Y,,Q
67118,"Newark Road Kendall Solar 1, LLC","530 Gaither Road, Suite 900",Rockville,MD,20850,Y,,,,Q
67120,"CoreSite Real Estate 3045 Stender, LP",3035 Stender Way,Santa Clara,CA,95054,Y,,,,COM
67123,"NY Union I, LLC","315 Post Road West, 2nd Floor",Westport,CT,06880,Y,Y,Y,,Q
67124,"NY Union II, LLC","315 Post Road West, 2nd Floor",Westport,CT,06880,Y,Y,Y,,Q
67126,"NY Tioga IV, LLC","315 Post Road West, 2nd Floor",Westport,CT,06880,Y,Y,Y,,Q
67127,"Big Sampson Wind Project, LLC",1660 CR 310,TBD,TX,79744,Y,,,,Q
67128,Inertia Energy Storage LLC,700 Universe Blvd,Juno Beach,FL,33408,Y,Y,Y,,Q
67129,Wakefield MA BESS 1 LLC,1201 Wilson Blvd,Arlington,VA,22209,Y,Y,Y,,Q
67130,Bocanova Power LLC,1060 Heights Rd.,Alvin,TX,77511,Y,,,,Q
67131,PAC Aviation,7900 Balboa Boulevard,Van Nuys,CA,91406,,Y,,,Q
67132,Longhorn Storage LLC,4405 FM 880N,Cisco,TX,76437,Y,,,,Q
67133,"Okolona Solar, LLC",700 Universe Blvd,Juno Beach,FL,33408,Y,,,,Q
67134,"Wildcat Ranch Energy Storage, LLC",700 Universe Blvd,Juno Beach,FL,33408,Y,Y,Y,,Q
67135,Riverstart Solar Park IV LLC,1501 McKinney St Ste 1300,Houston,TX,77010,Y,Y,Y,,Q
67136,P66 Rodeo Solar,1290 San Pablo Avenue,Rodeo,CA,94572,Y,Y,Y,,Q
67137,"Chapman Creek Solar, LLC","200 Liberty Street, 14th Floor",New York,NY,10281,Y,Y,,,Q
67139,Libra Storage LLC,3363 Mesquite Pass,Seguin,TX,78155,Y,,,,Q
67140,Eagle Creek Solar Park LLC,"1501 McKinney St., Suite 1300",Houston,TX,77010,Y,Y,Y,,Q
67141,Clover Creek Solar Project LLC d/b/a New Frontiers Solar Park,"1501 McKinney Street, Suite 13",Houston,TX,77010,Y,Y,Y,,Q
67142,Sun Valley Storage LLC,886 HCR 3110 S,Abbot,TX,76221,Y,,,,Q
67143,Mississippi State University,"210 Robert L. Jones Drive,",Mississippi State,MS,39762,Y,Y,,,COM
67144,"Shining Solar Partners, LLC","200 Liberty Street, 14th Floor",New York,NY,10281,Y,Y,,,Q
67145,"Buckner Creek Solar, LLC","200 Liberty Street, 14th Floor",New York,NY,10281,Y,Y,,,Q
67146,Badger State Solar LLC,"575 Fifth Ave., 24th Fl.",New York,NY,10017,Y,,,,Q
67148,"BT Claxton Solar, LLC","5755 North Point Pkwy, STE 241",Alpharetta,GA,30022,Y,Y,Y,,Q
67149,"BT Ferguson Solar, LLC",,Paris,TX,75462,Y,Y,Y,,Q
67150,"BT Thompson Solar, LLC","5755 North Point Pkwy, STE 241",Alpharetta,GA,30022,Y,Y,Y,,Q
67151,"Pine Forest Solar I, LLC",100 California St Suite 400,San Francisco,CA,94118,Y,Y,Y,,Q
67152,CDH Vidal LLC,"11801 Domain Blvd, Suite 525",Austin,TX,78758,Y,,,,Q
67153,Tesoro RV & Boat Storage,1755 E. Atherton Dr,Manteca,CA,95337,,,Y,,COM
67154,Imperial Sun Solar LLC,1553 W Todd Dr Ste 204,Tempe,AZ,85283,Y,Y,,,Q
67156,Toledo Zoological Society,PO Box 140130,Toledo,OH,43614,Y,Y,Y,,COM
67157,Flint,13713 Jug St.,New Albany,OH,43054,Y,Y,Y,,Q
67158,Padua 1,8534 Gardner Rd,San Antonio,TX,78222,Y,,,,Q
67159,Padua 2,8534 Gardner Rd,San Antonio,TX,78222,Y,,,,Q
67160,Padua 3,8534 Gardner Rd,San Antonio,TX,78222,Y,,,,Q
67162,"Ferdinand Grid, LLC","11801 Domain Blvd, Suite 525",Austin,TX,78758,Y,,,,Q
67164,"Anthony Vineyards, Inc.",5512 Valpredo Ave,Bakersfield,CA,93307,Y,Y,,,IND
67165,"Beavertail Solar, LLC","575 Fifth Ave, 24th Floor",New York,NY,10017,Y,,,,Q
67166,"MC Solar, LLC",1201 Wilson Blvd Ste 2200,Arlington,VA,22209,Y,Y,Y,,Q
67167,Enterprise BESS LLC,200 W Madison St Ste 3810,Chicago,IL,60606,Y,,Y,,Q
67168,Panoche BESS LLC,200 W Madison St Ste 3810,Chicago,IL,60606,Y,,Y,,Q
67169,Midway BESS LLC,200 W Madison St Ste 3810,Chicago,IL,60606,Y,,Y,,Q
67171,Overnight Solar LLC,1553 W Todd Dr Ste 204,Tempe,AZ,85283,Y,Y,,,Q
67172,"SV CSG Corbell, LLC",549 W Randolph St Suite 101,Chicago,IL,60661,Y,Y,,,Q
67173,SV CSG East St Louis LLC,"549 W. Randolph St., Suite 101",Chicago,IL,60661,Y,Y,,,Q
67174,SV CSG Roxana 1 LLC,549 W. Randolph St. Suite 101,Chicago,IL,60661,Y,Y,,,Q
67175,"SV CSG Naplate, LLC",549 W. Randolph St Suite 101,Chicago,IL,60661,Y,Y,,,Q
67176,"Kifer Energy Storage, LLC","3025 Raymond Street,",Santa Clara,CA,95054,Y,Y,,,Q
67177,JKB Energy,2310 W Monte Vista Ave,Turlock,CA,95382,,,Y,,IND
67179,"Border Basin, LLC",1201 Wilson Blvd Ste 2200,Arlington,VA,22209,Y,Y,Y,,Q
67180,"Strinestown Solar, LLC",1201 Wilson Blvd Ste 2200,Arlington,VA,22209,Y,Y,Y,,Q
67181,"MPG Solar, LLC",1201 Wilson Blvd Ste 2200,Arlington,VA,22209,Y,Y,Y,,Q
67182,Ho-Fel Solar LLC,33981 Lees Mill Rd,Franklin,VA,23851,Y,Y,Y,,Q
67183,Moseley Hermon Solar,101 Summer St Flr 2,Boston,MA,02110,Y,Y,Y,,Q
67184,Gilman Solar LLC PV,101 Summer St Flr 2,Boston,MA,02110,Y,Y,Y,,Q
67185,Ridge Farm Renewables LLC PV,101 Summer St Flr 2,Boston,MA,02110,Y,Y,Y,,Q
67186,Ashley Solar LLC PV,26936 Sugar Creek Rd,Ashley,WA,62808,Y,Y,Y,,Q
67187,Washington Street Solar 1 LLC,101 Summer St Flr 2,Boston,MA,02110,Y,Y,Y,,Q
67189,Clear Fork,915 N. Eldridge Parkway Suite,Houston,TX,77079,Y,,,,Q
67190,GD Richmond Beaver River I LLC,2000 Chapel View Blvd Ste 500,Cranston,RI,02920,,Y,Y,,COM
67191,White Brook Renewables LLC,2000 Chapel View Blvd Ste 500,Cranston,RI,02920,,Y,Y,,COM
67192,RWE Clean Energy,"1401 East 6th Street,",Austin,TX,78702,Y,Y,,,Q
67194,Sunset Ridge Solar LLC,200 Liberty St 14th Flr,New York,NY,10281,Y,Y,,,Q
67195,Hanover II PV LLC,200 Liberty St 14th Flr,New York,NY,10281,Y,Y,,,Q
67196,"Gonzaga Ridge Battery Facility, LLC","1805 29th Street, Suite 2050",Boulder,CO,80301,Y,Y,Y,,Q
67197,"Gonzaga Ridge Wind Farm, LLC","1805 29th Street, Suite 2050",Boulder,CO,80301,Y,Y,Y,,Q
67198,Kaiser Permanente South Sacramento Medical Center,6600 Bruceville Rd,Sacramento,CA,95823,,Y,,,COM
67199,"Radial Harris Ag 3, LLC",24601 West Oakland Ave,Coalinga,CA,93210,Y,,,,Q
67200,"RP Farmers Coop 1, LLC",24553 W Dorris Ave,Coalinga,CA,93210,Y,,,,Q
67201,"Radial O'Neil Rooftop, LLC",24601 West Oakland Avenue,Coalinga,CA,93210,Y,,,,Q
67202,"Hubbard Wind II, LLC",700 Universe Blvd,Juno Beach,FL,33108,Y,,,,Q
67203,"Radial O'Neil Tracker 1, LLC",APN# 363-061-32 in Fresno Coun,Parlier,CA,93210,Y,,,,Q
67204,Radial Harris Ag 1 LLC,24601 West Oakland Ave,Coalinga,CA,93210,Y,,,,Q
67205,"Dover Solar, LLC (PA)",1201 Wilson Blvd Ste 2200,Arlington,VA,22209,Y,Y,Y,,Q
67206,"Ohio Solar, LLC",101 Summer St Flr 2,Boston,MA,02110,Y,Y,Y,,Q
67207,TotalEnergies Renewables USA LLC,4330 Gaines Ranch Loop Ste 100,Austin,TX,78735,,,Y,,Q
67208,BAP Grounded 2 LLC,"26880 Aliso Viejo Pkwy, Suite",Aliso Viejo,CA,92656,Y,,,,Q
67210,"Sealy Power, LLC",1662 Substation Rd,Sealy,TX,77474,Y,,,,Q
67211,"Hayworth Solar Partners, LLC","200 Liberty Street, 14th Floor",New York,NY,10281,Y,Y,,,Q
67212,Waterford Solar LLC,"200 Liberty Street, 14th Floor",New York,NY,10281,Y,Y,,,Q
67213,"MMPS1, LLC",1803 N Main St,Madison,NE,68748,Y,Y,,,Q
67214,"Solar DG MD Appleton, LLC","200 Liberty Streeet, 14th Floo",New York,NY,10281,Y,Y,,,Q
67215,"Solar DG MD Cherry Hill, LLC","200 Liberty Street, 14th Floor",New York,NY,10281,Y,Y,,,Q
67216,MN CSG 2019-113 LLC,"2530 Riva Road, Suite 200",Annapolis,MD,21401,Y,Y,Y,,Q
67217,"ATLAS Solar II, LLC","300 Spectrum Center Drive, Sui",Irvine,CA,92618,Y,,,,Q
67218,"ATLAS SOLAR IV, LLC","300 Spectrum Center Drive, Sui",Irvine,CA,92618,Y,,,,Q
67219,Solar DG MD Ten Oaks LLC,"200 Liberty Street, 14th Floor",New York,NY,10281,Y,Y,,,Q
67220,Gaucho Solar,5970 Fairview Rd Suite 625,Charlotte,NC,28210,Y,,,,Q
67221,Joppa BESS LLC,6555 Sierra Dr,Irving,TX,75039,Y,,,,Q
67222,Nestlewood Solar,5970 Fairview Rd Suite 675,Charlotte,NC,28210,Y,,,,Q
67223,Glenarm BESS LLC,780 Montague Expressway,San Jose,CA,95131,,Y,Y,,M
67224,"Mountain Peak Power, LLC",500 Alexander Park Dr Ste 300,Princeton,NJ,08540,Y,,,,Q
67225,"Canyon Peak Power, LLC",500 Alexander Park Dr Ste 300,Princeton,NJ,08540,Y,,,,Q
67226,Magnolia Power Holdings LLC,500 Alexander Park Dr Ste 300,Princeton,NJ,08540,Y,,,,Q
67227,Tanzanite Energy Storage LLC,1315 Country Road 3718,Athens,TX,75752,Y,,,,Q
67228,Mondelez Global LLC (Twin Falls),905 W Fulton Market Ste 200,Chicago,IL,60607,Y,Y,Y,,IND
67229,"Big Creek Solar (IL), LLC",3519 NE 15th Ave #325,Portland,OR,97212,Y,,,,Q
67230,Platinum Energy Storage LLC,12235 W U.S. Hwy 82,Savoy,TX,75479,Y,,,,Q
67231,"Iron Springs BESS, LLC",100 California St Suite 650,San Francisco,CA,94111,Y,Y,Y,,Q
67232,"Solar DG NM Amalia, LLC","200 Liberty Street, 14th Floor",New York,NY,10281,Y,Y,Y,,Q
67237,"Appleseed Solar, LLC",700 Universe Blvd,Juno Beach,FL,33401,Y,,,,Q
67238,"Eagles Solar I, LLC",200 Liberty St 14th Flr,New York,NY,10281,Y,Y,,,Q
67239,"Eagles Solar II, LLC",200 Liberty St 14th Flr,New York,NY,10281,Y,Y,,,Q
67250,"Helion Energy, Inc.",1415 75th St SW,Everett,WA,98203,Y,Y,Y,Y,Q
